
/Users/ned/src/6800_emulator/build/mc6800_emulator.elf:     file format elf32-littlearm

Sections:
Idx Name          Size      VMA       LMA       File off  Algn
  0 .boot2        00000100  10000000  10000000  00001000  2**0
                  CONTENTS, ALLOC, LOAD, READONLY, CODE
  1 .text         00004e30  10000100  10000100  00001100  2**3
                  CONTENTS, ALLOC, LOAD, READONLY, CODE
  2 .rodata       00000ba8  10004f30  10004f30  00005f30  2**3
                  CONTENTS, ALLOC, LOAD, READONLY, DATA
  3 .binary_info  00000028  10005ad8  10005ad8  00006ad8  2**2
                  CONTENTS, ALLOC, LOAD, READONLY, DATA
  4 .ram_vector_table 000000c0  20000000  20000000  00008000  2**2
                  ALLOC
  5 .uninitialized_data 00000000  200000c0  200000c0  000072c0  2**0
                  CONTENTS
  6 .data         00000200  200000c0  10005b00  000070c0  2**4
                  CONTENTS, ALLOC, LOAD, READONLY, CODE
  7 .tdata        00000000  200002c0  200002c0  000072c0  2**0
                  CONTENTS, ALLOC, LOAD, DATA, THREAD_LOCAL
  8 .tbss         00000000  200002c0  200002c0  00000000  2**0
                  ALLOC, THREAD_LOCAL
  9 .bss          0000882c  200002c0  10005d00  000072c0  2**3
                  ALLOC
 10 .heap         00000800  20008aec  20008aec  000072c0  2**2
                  CONTENTS, READONLY
 11 .scratch_x    00000000  20040000  20040000  00007ac0  2**0
                  CONTENTS
 12 .scratch_y    00000000  20041000  20041000  00007ac0  2**0
                  CONTENTS
 13 .stack_dummy  00000800  20041000  20041000  00007ac0  2**5
                  CONTENTS, READONLY
 14 .ARM.attributes 00000028  00000000  00000000  000082c0  2**0
                  CONTENTS, READONLY
 15 .comment      00000046  00000000  00000000  000082e8  2**0
                  CONTENTS, READONLY
 16 .debug_info   000214e7  00000000  00000000  0000832e  2**0
                  CONTENTS, READONLY, DEBUGGING, OCTETS
 17 .debug_abbrev 00006c2d  00000000  00000000  00029815  2**0
                  CONTENTS, READONLY, DEBUGGING, OCTETS
 18 .debug_aranges 000012f8  00000000  00000000  00030448  2**3
                  CONTENTS, READONLY, DEBUGGING, OCTETS
 19 .debug_rnglists 00002d57  00000000  00000000  00031740  2**0
                  CONTENTS, READONLY, DEBUGGING, OCTETS
 20 .debug_line   0001a5c9  00000000  00000000  00034497  2**0
                  CONTENTS, READONLY, DEBUGGING, OCTETS
 21 .debug_str    00005f42  00000000  00000000  0004ea60  2**0
                  CONTENTS, READONLY, DEBUGGING, OCTETS
 22 .debug_frame  00002520  00000000  00000000  000549a4  2**2
                  CONTENTS, READONLY, DEBUGGING, OCTETS
 23 .debug_loclists 000103a6  00000000  00000000  00056ec4  2**0
                  CONTENTS, READONLY, DEBUGGING, OCTETS
 24 .debug_line_str 000003d4  00000000  00000000  0006726a  2**0
                  CONTENTS, READONLY, DEBUGGING, OCTETS

/Users/ned/src/6800_emulator/build/mc6800_emulator.elf:     file format elf32-littlearm


Disassembly of section .boot2:

10000000 <__boot2_start__>:
10000000:	4b32b500 	.word	0x4b32b500
10000004:	60582021 	.word	0x60582021
10000008:	21026898 	.word	0x21026898
1000000c:	60984388 	.word	0x60984388
10000010:	611860d8 	.word	0x611860d8
10000014:	4b2e6158 	.word	0x4b2e6158
10000018:	60992100 	.word	0x60992100
1000001c:	61592102 	.word	0x61592102
10000020:	22f02101 	.word	0x22f02101
10000024:	492b5099 	.word	0x492b5099
10000028:	21016019 	.word	0x21016019
1000002c:	20356099 	.word	0x20356099
10000030:	f844f000 	.word	0xf844f000
10000034:	42902202 	.word	0x42902202
10000038:	2106d014 	.word	0x2106d014
1000003c:	f0006619 	.word	0xf0006619
10000040:	6e19f834 	.word	0x6e19f834
10000044:	66192101 	.word	0x66192101
10000048:	66182000 	.word	0x66182000
1000004c:	f000661a 	.word	0xf000661a
10000050:	6e19f82c 	.word	0x6e19f82c
10000054:	6e196e19 	.word	0x6e196e19
10000058:	f0002005 	.word	0xf0002005
1000005c:	2101f82f 	.word	0x2101f82f
10000060:	d1f94208 	.word	0xd1f94208
10000064:	60992100 	.word	0x60992100
10000068:	6019491b 	.word	0x6019491b
1000006c:	60592100 	.word	0x60592100
10000070:	481b491a 	.word	0x481b491a
10000074:	21016001 	.word	0x21016001
10000078:	21eb6099 	.word	0x21eb6099
1000007c:	21a06619 	.word	0x21a06619
10000080:	f0006619 	.word	0xf0006619
10000084:	2100f812 	.word	0x2100f812
10000088:	49166099 	.word	0x49166099
1000008c:	60014814 	.word	0x60014814
10000090:	60992101 	.word	0x60992101
10000094:	2800bc01 	.word	0x2800bc01
10000098:	4700d000 	.word	0x4700d000
1000009c:	49134812 	.word	0x49134812
100000a0:	c8036008 	.word	0xc8036008
100000a4:	8808f380 	.word	0x8808f380
100000a8:	b5034708 	.word	0xb5034708
100000ac:	20046a99 	.word	0x20046a99
100000b0:	d0fb4201 	.word	0xd0fb4201
100000b4:	42012001 	.word	0x42012001
100000b8:	bd03d1f8 	.word	0xbd03d1f8
100000bc:	6618b502 	.word	0x6618b502
100000c0:	f7ff6618 	.word	0xf7ff6618
100000c4:	6e18fff2 	.word	0x6e18fff2
100000c8:	bd026e18 	.word	0xbd026e18
100000cc:	40020000 	.word	0x40020000
100000d0:	18000000 	.word	0x18000000
100000d4:	00070000 	.word	0x00070000
100000d8:	005f0300 	.word	0x005f0300
100000dc:	00002221 	.word	0x00002221
100000e0:	180000f4 	.word	0x180000f4
100000e4:	a0002022 	.word	0xa0002022
100000e8:	10000100 	.word	0x10000100
100000ec:	e000ed08 	.word	0xe000ed08
	...
100000fc:	7a4eb274 	.word	0x7a4eb274

Disassembly of section .text:

10000100 <__VECTOR_TABLE>:
10000100:	20042000 	.word	0x20042000
10000104:	100001f7 	.word	0x100001f7
10000108:	100001c3 	.word	0x100001c3
1000010c:	100001c5 	.word	0x100001c5
10000110:	100001c1 	.word	0x100001c1
10000114:	100001c1 	.word	0x100001c1
10000118:	100001c1 	.word	0x100001c1
1000011c:	100001c1 	.word	0x100001c1
10000120:	100001c1 	.word	0x100001c1
10000124:	100001c1 	.word	0x100001c1
10000128:	100001c1 	.word	0x100001c1
1000012c:	100001c7 	.word	0x100001c7
10000130:	100001c1 	.word	0x100001c1
10000134:	100001c1 	.word	0x100001c1
10000138:	100001c9 	.word	0x100001c9
1000013c:	100001cb 	.word	0x100001cb
10000140:	100001cd 	.word	0x100001cd
10000144:	100001cd 	.word	0x100001cd
10000148:	100001cd 	.word	0x100001cd
1000014c:	100001cd 	.word	0x100001cd
10000150:	100001cd 	.word	0x100001cd
10000154:	100001cd 	.word	0x100001cd
10000158:	100001cd 	.word	0x100001cd
1000015c:	100001cd 	.word	0x100001cd
10000160:	100001cd 	.word	0x100001cd
10000164:	100001cd 	.word	0x100001cd
10000168:	100001cd 	.word	0x100001cd
1000016c:	100001cd 	.word	0x100001cd
10000170:	100001cd 	.word	0x100001cd
10000174:	100001cd 	.word	0x100001cd
10000178:	100001cd 	.word	0x100001cd
1000017c:	100001cd 	.word	0x100001cd
10000180:	100001cd 	.word	0x100001cd
10000184:	100001cd 	.word	0x100001cd
10000188:	100001cd 	.word	0x100001cd
1000018c:	100001cd 	.word	0x100001cd
10000190:	100001cd 	.word	0x100001cd
10000194:	100001cd 	.word	0x100001cd
10000198:	100001cd 	.word	0x100001cd
1000019c:	100001cd 	.word	0x100001cd
100001a0:	100001cd 	.word	0x100001cd
100001a4:	100001cd 	.word	0x100001cd
100001a8:	100001cd 	.word	0x100001cd
100001ac:	100001cd 	.word	0x100001cd
100001b0:	100001cd 	.word	0x100001cd
100001b4:	100001cd 	.word	0x100001cd
100001b8:	100001cd 	.word	0x100001cd
100001bc:	100001cd 	.word	0x100001cd

100001c0 <isr_invalid>:
100001c0:	be00      	bkpt	0x0000

100001c2 <isr_nmi>:
100001c2:	be00      	bkpt	0x0000

100001c4 <isr_hardfault>:
100001c4:	be00      	bkpt	0x0000

100001c6 <isr_svcall>:
100001c6:	be00      	bkpt	0x0000

100001c8 <isr_pendsv>:
100001c8:	be00      	bkpt	0x0000

100001ca <isr_systick>:
100001ca:	be00      	bkpt	0x0000

100001cc <__unhandled_user_irq>:
100001cc:	f3ef 8005 	mrs	r0, IPSR
100001d0:	3810      	subs	r0, #16

100001d2 <unhandled_user_irq_num_in_r0>:
100001d2:	be00      	bkpt	0x0000

100001d4 <binary_info_header>:
100001d4:	7188ebf2 	.word	0x7188ebf2
100001d8:	10005ad8 	.word	0x10005ad8
100001dc:	10005b00 	.word	0x10005b00
100001e0:	10000238 	.word	0x10000238
100001e4:	e71aa390 	.word	0xe71aa390

100001e8 <_entry_point>:
100001e8:	481e      	ldr	r0, [pc, #120]	@ (10000264 <data_cpy_table+0x2c>)

100001ea <_enter_vtable_in_r0>:
100001ea:	491f      	ldr	r1, [pc, #124]	@ (10000268 <data_cpy_table+0x30>)
100001ec:	6008      	str	r0, [r1, #0]
100001ee:	c806      	ldmia	r0!, {r1, r2}
100001f0:	f381 8808 	msr	MSP, r1
100001f4:	4710      	bx	r2

100001f6 <_reset_handler>:
100001f6:	481d      	ldr	r0, [pc, #116]	@ (1000026c <data_cpy_table+0x34>)
100001f8:	6800      	ldr	r0, [r0, #0]
100001fa:	2800      	cmp	r0, #0
100001fc:	d001      	beq.n	10000202 <hold_non_core0_in_bootrom+0x4>

100001fe <hold_non_core0_in_bootrom>:
100001fe:	4819      	ldr	r0, [pc, #100]	@ (10000264 <data_cpy_table+0x2c>)
10000200:	e7f3      	b.n	100001ea <_enter_vtable_in_r0>
10000202:	a40d      	add	r4, pc, #52	@ (adr r4, 10000238 <data_cpy_table>)
10000204:	cc0e      	ldmia	r4!, {r1, r2, r3}
10000206:	2900      	cmp	r1, #0
10000208:	d002      	beq.n	10000210 <hold_non_core0_in_bootrom+0x12>
1000020a:	f000 f812 	bl	10000232 <data_cpy>
1000020e:	e7f9      	b.n	10000204 <hold_non_core0_in_bootrom+0x6>
10000210:	4917      	ldr	r1, [pc, #92]	@ (10000270 <data_cpy_table+0x38>)
10000212:	4a18      	ldr	r2, [pc, #96]	@ (10000274 <data_cpy_table+0x3c>)
10000214:	2000      	movs	r0, #0
10000216:	e000      	b.n	1000021a <bss_fill_test>

10000218 <bss_fill_loop>:
10000218:	c101      	stmia	r1!, {r0}

1000021a <bss_fill_test>:
1000021a:	4291      	cmp	r1, r2
1000021c:	d1fc      	bne.n	10000218 <bss_fill_loop>

1000021e <platform_entry>:
1000021e:	4916      	ldr	r1, [pc, #88]	@ (10000278 <data_cpy_table+0x40>)
10000220:	4788      	blx	r1
10000222:	4916      	ldr	r1, [pc, #88]	@ (1000027c <data_cpy_table+0x44>)
10000224:	4788      	blx	r1
10000226:	4916      	ldr	r1, [pc, #88]	@ (10000280 <data_cpy_table+0x48>)
10000228:	4788      	blx	r1
1000022a:	be00      	bkpt	0x0000
1000022c:	e7fd      	b.n	1000022a <platform_entry+0xc>

1000022e <data_cpy_loop>:
1000022e:	c901      	ldmia	r1!, {r0}
10000230:	c201      	stmia	r2!, {r0}

10000232 <data_cpy>:
10000232:	429a      	cmp	r2, r3
10000234:	d3fb      	bcc.n	1000022e <data_cpy_loop>
10000236:	4770      	bx	lr

10000238 <data_cpy_table>:
10000238:	10005b00 	.word	0x10005b00
1000023c:	200000c0 	.word	0x200000c0
10000240:	200002c0 	.word	0x200002c0
10000244:	10005d00 	.word	0x10005d00
10000248:	20040000 	.word	0x20040000
1000024c:	20040000 	.word	0x20040000
10000250:	10005d00 	.word	0x10005d00
10000254:	20041000 	.word	0x20041000
10000258:	20041000 	.word	0x20041000
1000025c:	00000000 	.word	0x00000000
10000260:	4770      	bx	lr
10000262:	0000      	.short	0x0000
10000264:	00000000 	.word	0x00000000
10000268:	e000ed08 	.word	0xe000ed08
1000026c:	d0000000 	.word	0xd0000000
10000270:	200002c0 	.word	0x200002c0
10000274:	20008aec 	.word	0x20008aec
10000278:	1000450d 	.word	0x1000450d
1000027c:	100002d5 	.word	0x100002d5
10000280:	10004505 	.word	0x10004505

10000284 <_init>:
10000284:	b5f8      	push	{r3, r4, r5, r6, r7, lr}
10000286:	46c0      	nop			@ (mov r8, r8)

10000288 <register_tm_clones>:
10000288:	4806      	ldr	r0, [pc, #24]	@ (100002a4 <register_tm_clones+0x1c>)
1000028a:	4907      	ldr	r1, [pc, #28]	@ (100002a8 <register_tm_clones+0x20>)
1000028c:	1a09      	subs	r1, r1, r0
1000028e:	108b      	asrs	r3, r1, #2
10000290:	0fc9      	lsrs	r1, r1, #31
10000292:	18c9      	adds	r1, r1, r3
10000294:	b510      	push	{r4, lr}
10000296:	1049      	asrs	r1, r1, #1
10000298:	d003      	beq.n	100002a2 <register_tm_clones+0x1a>
1000029a:	4b04      	ldr	r3, [pc, #16]	@ (100002ac <register_tm_clones+0x24>)
1000029c:	2b00      	cmp	r3, #0
1000029e:	d000      	beq.n	100002a2 <register_tm_clones+0x1a>
100002a0:	4798      	blx	r3
100002a2:	bd10      	pop	{r4, pc}
100002a4:	200002c0 	.word	0x200002c0
100002a8:	200002c0 	.word	0x200002c0
100002ac:	00000000 	.word	0x00000000

100002b0 <frame_dummy>:
100002b0:	4b05      	ldr	r3, [pc, #20]	@ (100002c8 <frame_dummy+0x18>)
100002b2:	b510      	push	{r4, lr}
100002b4:	2b00      	cmp	r3, #0
100002b6:	d003      	beq.n	100002c0 <frame_dummy+0x10>
100002b8:	4904      	ldr	r1, [pc, #16]	@ (100002cc <frame_dummy+0x1c>)
100002ba:	4805      	ldr	r0, [pc, #20]	@ (100002d0 <frame_dummy+0x20>)
100002bc:	e000      	b.n	100002c0 <frame_dummy+0x10>
100002be:	bf00      	nop
100002c0:	f7ff ffe2 	bl	10000288 <register_tm_clones>
100002c4:	bd10      	pop	{r4, pc}
100002c6:	46c0      	nop			@ (mov r8, r8)
100002c8:	00000000 	.word	0x00000000
100002cc:	200005b0 	.word	0x200005b0
100002d0:	10004f30 	.word	0x10004f30

100002d4 <main>:
100002d4:	b510      	push	{r4, lr}
100002d6:	f004 fa45 	bl	10004764 <stdio_init_all>
100002da:	20fa      	movs	r0, #250	@ 0xfa
100002dc:	0080      	lsls	r0, r0, #2
100002de:	f001 fc89 	bl	10001bf4 <sleep_ms>
100002e2:	4825      	ldr	r0, [pc, #148]	@ (10000378 <main+0xa4>)
100002e4:	f004 fa52 	bl	1000478c <__wrap_puts>
100002e8:	4824      	ldr	r0, [pc, #144]	@ (1000037c <main+0xa8>)
100002ea:	f004 fa4f 	bl	1000478c <__wrap_puts>
100002ee:	4824      	ldr	r0, [pc, #144]	@ (10000380 <main+0xac>)
100002f0:	f004 fa4c 	bl	1000478c <__wrap_puts>
100002f4:	4823      	ldr	r0, [pc, #140]	@ (10000384 <main+0xb0>)
100002f6:	f004 fa49 	bl	1000478c <__wrap_puts>
100002fa:	f000 fee1 	bl	100010c0 <usb_cdc_init>
100002fe:	4822      	ldr	r0, [pc, #136]	@ (10000388 <main+0xb4>)
10000300:	f004 fa44 	bl	1000478c <__wrap_puts>
10000304:	f000 f90a 	bl	1000051c <memory_init>
10000308:	4820      	ldr	r0, [pc, #128]	@ (1000038c <main+0xb8>)
1000030a:	f004 fa3f 	bl	1000478c <__wrap_puts>
1000030e:	f000 f97d 	bl	1000060c <bus_init>
10000312:	481f      	ldr	r0, [pc, #124]	@ (10000390 <main+0xbc>)
10000314:	f004 fa3a 	bl	1000478c <__wrap_puts>
10000318:	f000 faba 	bl	10000890 <eclock_init>
1000031c:	f000 fb0c 	bl	10000938 <eclock_start>
10000320:	481c      	ldr	r0, [pc, #112]	@ (10000394 <main+0xc0>)
10000322:	f004 fa33 	bl	1000478c <__wrap_puts>
10000326:	f000 fed5 	bl	100010d4 <debug_spi_init>
1000032a:	481b      	ldr	r0, [pc, #108]	@ (10000398 <main+0xc4>)
1000032c:	f004 fa2e 	bl	1000478c <__wrap_puts>
10000330:	f000 f83a 	bl	100003a8 <cpu_init>
10000334:	4819      	ldr	r0, [pc, #100]	@ (1000039c <main+0xc8>)
10000336:	f004 fa29 	bl	1000478c <__wrap_puts>
1000033a:	f000 fdd3 	bl	10000ee4 <interrupts_init>
1000033e:	4818      	ldr	r0, [pc, #96]	@ (100003a0 <main+0xcc>)
10000340:	f004 fa24 	bl	1000478c <__wrap_puts>
10000344:	4817      	ldr	r0, [pc, #92]	@ (100003a4 <main+0xd0>)
10000346:	f004 fa21 	bl	1000478c <__wrap_puts>
1000034a:	f000 fec1 	bl	100010d0 <usb_cdc_task>
1000034e:	f000 f83f 	bl	100003d0 <cpu_is_running>
10000352:	2800      	cmp	r0, #0
10000354:	d00b      	beq.n	1000036e <main+0x9a>
10000356:	f000 fe7b 	bl	10001050 <interrupt_check>
1000035a:	f000 fb3f 	bl	100009dc <instruction_execute>
1000035e:	f000 fed3 	bl	10001108 <debug_spi_log>
10000362:	f000 feb5 	bl	100010d0 <usb_cdc_task>
10000366:	f000 f833 	bl	100003d0 <cpu_is_running>
1000036a:	2800      	cmp	r0, #0
1000036c:	d1f3      	bne.n	10000356 <main+0x82>
1000036e:	2064      	movs	r0, #100	@ 0x64
10000370:	2100      	movs	r1, #0
10000372:	f001 fc2d 	bl	10001bd0 <sleep_us>
10000376:	e7e8      	b.n	1000034a <main+0x76>
10000378:	10004f30 	.word	0x10004f30
1000037c:	10004f50 	.word	0x10004f50
10000380:	10004f5c 	.word	0x10004f5c
10000384:	10004f6c 	.word	0x10004f6c
10000388:	10004f84 	.word	0x10004f84
1000038c:	10004fa8 	.word	0x10004fa8
10000390:	10004fc8 	.word	0x10004fc8
10000394:	10004fe0 	.word	0x10004fe0
10000398:	10004ffc 	.word	0x10004ffc
1000039c:	10005018 	.word	0x10005018
100003a0:	1000503c 	.word	0x1000503c
100003a4:	10005054 	.word	0x10005054

100003a8 <cpu_init>:
100003a8:	21e8      	movs	r1, #232	@ 0xe8
100003aa:	2200      	movs	r2, #0
100003ac:	b510      	push	{r4, lr}
100003ae:	4b06      	ldr	r3, [pc, #24]	@ (100003c8 <cpu_init+0x20>)
100003b0:	0049      	lsls	r1, r1, #1
100003b2:	6099      	str	r1, [r3, #8]
100003b4:	601a      	str	r2, [r3, #0]
100003b6:	605a      	str	r2, [r3, #4]
100003b8:	731a      	strb	r2, [r3, #12]
100003ba:	2100      	movs	r1, #0
100003bc:	23d0      	movs	r3, #208	@ 0xd0
100003be:	4803      	ldr	r0, [pc, #12]	@ (100003cc <cpu_init+0x24>)
100003c0:	f004 fa62 	bl	10004888 <__wrap_printf>
100003c4:	bd10      	pop	{r4, pc}
100003c6:	46c0      	nop			@ (mov r8, r8)
100003c8:	2000057c 	.word	0x2000057c
100003cc:	10005078 	.word	0x10005078

100003d0 <cpu_is_running>:
100003d0:	4b03      	ldr	r3, [pc, #12]	@ (100003e0 <cpu_is_running+0x10>)
100003d2:	7a98      	ldrb	r0, [r3, #10]
100003d4:	2800      	cmp	r0, #0
100003d6:	d002      	beq.n	100003de <cpu_is_running+0xe>
100003d8:	7a58      	ldrb	r0, [r3, #9]
100003da:	2301      	movs	r3, #1
100003dc:	4058      	eors	r0, r3
100003de:	4770      	bx	lr
100003e0:	2000057c 	.word	0x2000057c

100003e4 <cpu_get_flag>:
100003e4:	4b03      	ldr	r3, [pc, #12]	@ (100003f4 <cpu_get_flag+0x10>)
100003e6:	7a1b      	ldrb	r3, [r3, #8]
100003e8:	4003      	ands	r3, r0
100003ea:	1e5a      	subs	r2, r3, #1
100003ec:	4193      	sbcs	r3, r2
100003ee:	b2d8      	uxtb	r0, r3
100003f0:	4770      	bx	lr
100003f2:	46c0      	nop			@ (mov r8, r8)
100003f4:	2000057c 	.word	0x2000057c

100003f8 <cpu_set_flag>:
100003f8:	4a05      	ldr	r2, [pc, #20]	@ (10000410 <cpu_set_flag+0x18>)
100003fa:	7a13      	ldrb	r3, [r2, #8]
100003fc:	2900      	cmp	r1, #0
100003fe:	d005      	beq.n	1000040c <cpu_set_flag+0x14>
10000400:	4303      	orrs	r3, r0
10000402:	2040      	movs	r0, #64	@ 0x40
10000404:	4240      	negs	r0, r0
10000406:	4318      	orrs	r0, r3
10000408:	7210      	strb	r0, [r2, #8]
1000040a:	4770      	bx	lr
1000040c:	4383      	bics	r3, r0
1000040e:	e7f8      	b.n	10000402 <cpu_set_flag+0xa>
10000410:	2000057c 	.word	0x2000057c

10000414 <cpu_update_nz>:
10000414:	4a09      	ldr	r2, [pc, #36]	@ (1000043c <cpu_update_nz+0x28>)
10000416:	2104      	movs	r1, #4
10000418:	7a13      	ldrb	r3, [r2, #8]
1000041a:	2800      	cmp	r0, #0
1000041c:	d106      	bne.n	1000042c <cpu_update_nz+0x18>
1000041e:	430b      	orrs	r3, r1
10000420:	2108      	movs	r1, #8
10000422:	438b      	bics	r3, r1
10000424:	31b8      	adds	r1, #184	@ 0xb8
10000426:	430b      	orrs	r3, r1
10000428:	7213      	strb	r3, [r2, #8]
1000042a:	4770      	bx	lr
1000042c:	b240      	sxtb	r0, r0
1000042e:	438b      	bics	r3, r1
10000430:	2800      	cmp	r0, #0
10000432:	daf5      	bge.n	10000420 <cpu_update_nz+0xc>
10000434:	31c4      	adds	r1, #196	@ 0xc4
10000436:	430b      	orrs	r3, r1
10000438:	e7f6      	b.n	10000428 <cpu_update_nz+0x14>
1000043a:	46c0      	nop			@ (mov r8, r8)
1000043c:	2000057c 	.word	0x2000057c

10000440 <cpu_update_nzv>:
10000440:	b570      	push	{r4, r5, r6, lr}
10000442:	4d14      	ldr	r5, [pc, #80]	@ (10000494 <cpu_update_nzv+0x54>)
10000444:	2604      	movs	r6, #4
10000446:	7a2c      	ldrb	r4, [r5, #8]
10000448:	2800      	cmp	r0, #0
1000044a:	d111      	bne.n	10000470 <cpu_update_nzv+0x30>
1000044c:	4334      	orrs	r4, r6
1000044e:	2608      	movs	r6, #8
10000450:	43b4      	bics	r4, r6
10000452:	36b8      	adds	r6, #184	@ 0xb8
10000454:	4334      	orrs	r4, r6
10000456:	0006      	movs	r6, r0
10000458:	404e      	eors	r6, r1
1000045a:	2b00      	cmp	r3, #0
1000045c:	d012      	beq.n	10000484 <cpu_update_nzv+0x44>
1000045e:	404a      	eors	r2, r1
10000460:	4032      	ands	r2, r6
10000462:	b252      	sxtb	r2, r2
10000464:	2a00      	cmp	r2, #0
10000466:	db12      	blt.n	1000048e <cpu_update_nzv+0x4e>
10000468:	2302      	movs	r3, #2
1000046a:	439c      	bics	r4, r3
1000046c:	722c      	strb	r4, [r5, #8]
1000046e:	bd70      	pop	{r4, r5, r6, pc}
10000470:	43b4      	bics	r4, r6
10000472:	b246      	sxtb	r6, r0
10000474:	2e00      	cmp	r6, #0
10000476:	daea      	bge.n	1000044e <cpu_update_nzv+0xe>
10000478:	26c8      	movs	r6, #200	@ 0xc8
1000047a:	4334      	orrs	r4, r6
1000047c:	0006      	movs	r6, r0
1000047e:	404e      	eors	r6, r1
10000480:	2b00      	cmp	r3, #0
10000482:	d1ec      	bne.n	1000045e <cpu_update_nzv+0x1e>
10000484:	4042      	eors	r2, r0
10000486:	4032      	ands	r2, r6
10000488:	b252      	sxtb	r2, r2
1000048a:	2a00      	cmp	r2, #0
1000048c:	daec      	bge.n	10000468 <cpu_update_nzv+0x28>
1000048e:	23c2      	movs	r3, #194	@ 0xc2
10000490:	431c      	orrs	r4, r3
10000492:	e7eb      	b.n	1000046c <cpu_update_nzv+0x2c>
10000494:	2000057c 	.word	0x2000057c

10000498 <cpu_push>:
10000498:	b510      	push	{r4, lr}
1000049a:	4c04      	ldr	r4, [pc, #16]	@ (100004ac <cpu_push+0x14>)
1000049c:	0001      	movs	r1, r0
1000049e:	88e0      	ldrh	r0, [r4, #6]
100004a0:	f000 f896 	bl	100005d0 <memory_write>
100004a4:	88e3      	ldrh	r3, [r4, #6]
100004a6:	3b01      	subs	r3, #1
100004a8:	80e3      	strh	r3, [r4, #6]
100004aa:	bd10      	pop	{r4, pc}
100004ac:	2000057c 	.word	0x2000057c

100004b0 <cpu_pull>:
100004b0:	b510      	push	{r4, lr}
100004b2:	4b04      	ldr	r3, [pc, #16]	@ (100004c4 <cpu_pull+0x14>)
100004b4:	88d8      	ldrh	r0, [r3, #6]
100004b6:	3001      	adds	r0, #1
100004b8:	b280      	uxth	r0, r0
100004ba:	80d8      	strh	r0, [r3, #6]
100004bc:	f000 f868 	bl	10000590 <memory_read>
100004c0:	bd10      	pop	{r4, pc}
100004c2:	46c0      	nop			@ (mov r8, r8)
100004c4:	2000057c 	.word	0x2000057c

100004c8 <cpu_push16>:
100004c8:	b570      	push	{r4, r5, r6, lr}
100004ca:	0004      	movs	r4, r0
100004cc:	4d07      	ldr	r5, [pc, #28]	@ (100004ec <cpu_push16+0x24>)
100004ce:	b2c1      	uxtb	r1, r0
100004d0:	88e8      	ldrh	r0, [r5, #6]
100004d2:	f000 f87d 	bl	100005d0 <memory_write>
100004d6:	88e8      	ldrh	r0, [r5, #6]
100004d8:	0a21      	lsrs	r1, r4, #8
100004da:	3801      	subs	r0, #1
100004dc:	b280      	uxth	r0, r0
100004de:	80e8      	strh	r0, [r5, #6]
100004e0:	f000 f876 	bl	100005d0 <memory_write>
100004e4:	88eb      	ldrh	r3, [r5, #6]
100004e6:	3b01      	subs	r3, #1
100004e8:	80eb      	strh	r3, [r5, #6]
100004ea:	bd70      	pop	{r4, r5, r6, pc}
100004ec:	2000057c 	.word	0x2000057c

100004f0 <cpu_pull16>:
100004f0:	b570      	push	{r4, r5, r6, lr}
100004f2:	4d09      	ldr	r5, [pc, #36]	@ (10000518 <cpu_pull16+0x28>)
100004f4:	88e8      	ldrh	r0, [r5, #6]
100004f6:	3001      	adds	r0, #1
100004f8:	b280      	uxth	r0, r0
100004fa:	80e8      	strh	r0, [r5, #6]
100004fc:	f000 f848 	bl	10000590 <memory_read>
10000500:	0004      	movs	r4, r0
10000502:	88e8      	ldrh	r0, [r5, #6]
10000504:	0224      	lsls	r4, r4, #8
10000506:	3001      	adds	r0, #1
10000508:	b280      	uxth	r0, r0
1000050a:	80e8      	strh	r0, [r5, #6]
1000050c:	f000 f840 	bl	10000590 <memory_read>
10000510:	4320      	orrs	r0, r4
10000512:	b280      	uxth	r0, r0
10000514:	bd70      	pop	{r4, r5, r6, pc}
10000516:	46c0      	nop			@ (mov r8, r8)
10000518:	2000057c 	.word	0x2000057c

1000051c <memory_init>:
1000051c:	b510      	push	{r4, lr}
1000051e:	4815      	ldr	r0, [pc, #84]	@ (10000574 <memory_init+0x58>)
10000520:	b082      	sub	sp, #8
10000522:	2208      	movs	r2, #8
10000524:	2100      	movs	r1, #0
10000526:	0004      	movs	r4, r0
10000528:	f002 fdb0 	bl	1000308c <__wrap_memset>
1000052c:	2280      	movs	r2, #128	@ 0x80
1000052e:	2100      	movs	r1, #0
10000530:	00d2      	lsls	r2, r2, #3
10000532:	4811      	ldr	r0, [pc, #68]	@ (10000578 <memory_init+0x5c>)
10000534:	f002 fdaa 	bl	1000308c <__wrap_memset>
10000538:	2280      	movs	r2, #128	@ 0x80
1000053a:	21ff      	movs	r1, #255	@ 0xff
1000053c:	0212      	lsls	r2, r2, #8
1000053e:	480f      	ldr	r0, [pc, #60]	@ (1000057c <memory_init+0x60>)
10000540:	f002 fda4 	bl	1000308c <__wrap_memset>
10000544:	4b0e      	ldr	r3, [pc, #56]	@ (10000580 <memory_init+0x64>)
10000546:	3c0c      	subs	r4, #12
10000548:	60a3      	str	r3, [r4, #8]
1000054a:	2380      	movs	r3, #128	@ 0x80
1000054c:	009b      	lsls	r3, r3, #2
1000054e:	81e3      	strh	r3, [r4, #14]
10000550:	2380      	movs	r3, #128	@ 0x80
10000552:	035b      	lsls	r3, r3, #13
10000554:	6023      	str	r3, [r4, #0]
10000556:	2380      	movs	r3, #128	@ 0x80
10000558:	21e0      	movs	r1, #224	@ 0xe0
1000055a:	019b      	lsls	r3, r3, #6
1000055c:	6063      	str	r3, [r4, #4]
1000055e:	4b09      	ldr	r3, [pc, #36]	@ (10000584 <memory_init+0x68>)
10000560:	4a09      	ldr	r2, [pc, #36]	@ (10000588 <memory_init+0x6c>)
10000562:	9300      	str	r3, [sp, #0]
10000564:	0209      	lsls	r1, r1, #8
10000566:	2300      	movs	r3, #0
10000568:	4808      	ldr	r0, [pc, #32]	@ (1000058c <memory_init+0x70>)
1000056a:	f004 f98d 	bl	10004888 <__wrap_printf>
1000056e:	b002      	add	sp, #8
10000570:	bd10      	pop	{r4, pc}
10000572:	46c0      	nop			@ (mov r8, r8)
10000574:	200005a8 	.word	0x200005a8
10000578:	200005d8 	.word	0x200005d8
1000057c:	200009d8 	.word	0x200009d8
10000580:	2000e000 	.word	0x2000e000
10000584:	000001ff 	.word	0x000001ff
10000588:	0000ffff 	.word	0x0000ffff
1000058c:	100050a8 	.word	0x100050a8

10000590 <memory_read>:
10000590:	b510      	push	{r4, lr}
10000592:	0004      	movs	r4, r0
10000594:	f000 f8c4 	bl	10000720 <bus_read_cycle>
10000598:	4b0b      	ldr	r3, [pc, #44]	@ (100005c8 <memory_read+0x38>)
1000059a:	891a      	ldrh	r2, [r3, #8]
1000059c:	4294      	cmp	r4, r2
1000059e:	d303      	bcc.n	100005a8 <memory_read+0x18>
100005a0:	8959      	ldrh	r1, [r3, #10]
100005a2:	188a      	adds	r2, r1, r2
100005a4:	4294      	cmp	r4, r2
100005a6:	db06      	blt.n	100005b6 <memory_read+0x26>
100005a8:	899a      	ldrh	r2, [r3, #12]
100005aa:	4294      	cmp	r4, r2
100005ac:	d303      	bcc.n	100005b6 <memory_read+0x26>
100005ae:	89db      	ldrh	r3, [r3, #14]
100005b0:	18d1      	adds	r1, r2, r3
100005b2:	428c      	cmp	r4, r1
100005b4:	db00      	blt.n	100005b8 <memory_read+0x28>
100005b6:	bd10      	pop	{r4, pc}
100005b8:	1aa4      	subs	r4, r4, r2
100005ba:	b2a4      	uxth	r4, r4
100005bc:	429c      	cmp	r4, r3
100005be:	d2fa      	bcs.n	100005b6 <memory_read+0x26>
100005c0:	4b02      	ldr	r3, [pc, #8]	@ (100005cc <memory_read+0x3c>)
100005c2:	5518      	strb	r0, [r3, r4]
100005c4:	e7f7      	b.n	100005b6 <memory_read+0x26>
100005c6:	46c0      	nop			@ (mov r8, r8)
100005c8:	2000059c 	.word	0x2000059c
100005cc:	200005d8 	.word	0x200005d8

100005d0 <memory_write>:
100005d0:	b510      	push	{r4, lr}
100005d2:	4a0c      	ldr	r2, [pc, #48]	@ (10000604 <memory_write+0x34>)
100005d4:	8913      	ldrh	r3, [r2, #8]
100005d6:	4298      	cmp	r0, r3
100005d8:	d303      	bcc.n	100005e2 <memory_write+0x12>
100005da:	8954      	ldrh	r4, [r2, #10]
100005dc:	18e3      	adds	r3, r4, r3
100005de:	4298      	cmp	r0, r3
100005e0:	db06      	blt.n	100005f0 <memory_write+0x20>
100005e2:	8993      	ldrh	r3, [r2, #12]
100005e4:	4298      	cmp	r0, r3
100005e6:	d303      	bcc.n	100005f0 <memory_write+0x20>
100005e8:	89d2      	ldrh	r2, [r2, #14]
100005ea:	189c      	adds	r4, r3, r2
100005ec:	42a0      	cmp	r0, r4
100005ee:	db02      	blt.n	100005f6 <memory_write+0x26>
100005f0:	f000 f8d2 	bl	10000798 <bus_write_cycle>
100005f4:	bd10      	pop	{r4, pc}
100005f6:	1ac3      	subs	r3, r0, r3
100005f8:	b29b      	uxth	r3, r3
100005fa:	4293      	cmp	r3, r2
100005fc:	d2f8      	bcs.n	100005f0 <memory_write+0x20>
100005fe:	4a02      	ldr	r2, [pc, #8]	@ (10000608 <memory_write+0x38>)
10000600:	54d1      	strb	r1, [r2, r3]
10000602:	e7f5      	b.n	100005f0 <memory_write+0x20>
10000604:	2000059c 	.word	0x2000059c
10000608:	200005d8 	.word	0x200005d8

1000060c <bus_init>:
1000060c:	b570      	push	{r4, r5, r6, lr}
1000060e:	25d0      	movs	r5, #208	@ 0xd0
10000610:	2400      	movs	r4, #0
10000612:	2601      	movs	r6, #1
10000614:	b082      	sub	sp, #8
10000616:	062d      	lsls	r5, r5, #24
10000618:	0020      	movs	r0, r4
1000061a:	f000 fdbd 	bl	10001198 <gpio_init>
1000061e:	0033      	movs	r3, r6
10000620:	40a3      	lsls	r3, r4
10000622:	0020      	movs	r0, r4
10000624:	2200      	movs	r2, #0
10000626:	2101      	movs	r1, #1
10000628:	62ab      	str	r3, [r5, #40]	@ 0x28
1000062a:	3401      	adds	r4, #1
1000062c:	f000 fda0 	bl	10001170 <gpio_set_pulls>
10000630:	2c08      	cmp	r4, #8
10000632:	d1f1      	bne.n	10000618 <bus_init+0xc>
10000634:	25d0      	movs	r5, #208	@ 0xd0
10000636:	2601      	movs	r6, #1
10000638:	062d      	lsls	r5, r5, #24
1000063a:	0020      	movs	r0, r4
1000063c:	f000 fdac 	bl	10001198 <gpio_init>
10000640:	0033      	movs	r3, r6
10000642:	40a3      	lsls	r3, r4
10000644:	3401      	adds	r4, #1
10000646:	626b      	str	r3, [r5, #36]	@ 0x24
10000648:	61ab      	str	r3, [r5, #24]
1000064a:	2c15      	cmp	r4, #21
1000064c:	d1f5      	bne.n	1000063a <bus_init+0x2e>
1000064e:	2015      	movs	r0, #21
10000650:	f000 fda2 	bl	10001198 <gpio_init>
10000654:	2380      	movs	r3, #128	@ 0x80
10000656:	039b      	lsls	r3, r3, #14
10000658:	626b      	str	r3, [r5, #36]	@ 0x24
1000065a:	2016      	movs	r0, #22
1000065c:	61ab      	str	r3, [r5, #24]
1000065e:	f000 fd9b 	bl	10001198 <gpio_init>
10000662:	2380      	movs	r3, #128	@ 0x80
10000664:	03db      	lsls	r3, r3, #15
10000666:	626b      	str	r3, [r5, #36]	@ 0x24
10000668:	201a      	movs	r0, #26
1000066a:	616b      	str	r3, [r5, #20]
1000066c:	f000 fd94 	bl	10001198 <gpio_init>
10000670:	2380      	movs	r3, #128	@ 0x80
10000672:	04db      	lsls	r3, r3, #19
10000674:	62ab      	str	r3, [r5, #40]	@ 0x28
10000676:	2200      	movs	r2, #0
10000678:	2101      	movs	r1, #1
1000067a:	201a      	movs	r0, #26
1000067c:	f000 fd78 	bl	10001170 <gpio_set_pulls>
10000680:	201b      	movs	r0, #27
10000682:	f000 fd89 	bl	10001198 <gpio_init>
10000686:	2380      	movs	r3, #128	@ 0x80
10000688:	051b      	lsls	r3, r3, #20
1000068a:	62ab      	str	r3, [r5, #40]	@ 0x28
1000068c:	2200      	movs	r2, #0
1000068e:	2101      	movs	r1, #1
10000690:	201b      	movs	r0, #27
10000692:	f000 fd6d 	bl	10001170 <gpio_set_pulls>
10000696:	201c      	movs	r0, #28
10000698:	f000 fd7e 	bl	10001198 <gpio_init>
1000069c:	2380      	movs	r3, #128	@ 0x80
1000069e:	055b      	lsls	r3, r3, #21
100006a0:	62ab      	str	r3, [r5, #40]	@ 0x28
100006a2:	2200      	movs	r2, #0
100006a4:	2101      	movs	r1, #1
100006a6:	201c      	movs	r0, #28
100006a8:	f000 fd62 	bl	10001170 <gpio_set_pulls>
100006ac:	4913      	ldr	r1, [pc, #76]	@ (100006fc <bus_init+0xf0>)
100006ae:	4814      	ldr	r0, [pc, #80]	@ (10000700 <bus_init+0xf4>)
100006b0:	f004 f8ea 	bl	10004888 <__wrap_printf>
100006b4:	2207      	movs	r2, #7
100006b6:	2100      	movs	r1, #0
100006b8:	4812      	ldr	r0, [pc, #72]	@ (10000704 <bus_init+0xf8>)
100006ba:	f004 f8e5 	bl	10004888 <__wrap_printf>
100006be:	2308      	movs	r3, #8
100006c0:	2214      	movs	r2, #20
100006c2:	9300      	str	r3, [sp, #0]
100006c4:	2108      	movs	r1, #8
100006c6:	3305      	adds	r3, #5
100006c8:	480f      	ldr	r0, [pc, #60]	@ (10000708 <bus_init+0xfc>)
100006ca:	f004 f8dd 	bl	10004888 <__wrap_printf>
100006ce:	2115      	movs	r1, #21
100006d0:	480e      	ldr	r0, [pc, #56]	@ (1000070c <bus_init+0x100>)
100006d2:	f004 f8d9 	bl	10004888 <__wrap_printf>
100006d6:	2116      	movs	r1, #22
100006d8:	480d      	ldr	r0, [pc, #52]	@ (10000710 <bus_init+0x104>)
100006da:	f004 f8d5 	bl	10004888 <__wrap_printf>
100006de:	211a      	movs	r1, #26
100006e0:	480c      	ldr	r0, [pc, #48]	@ (10000714 <bus_init+0x108>)
100006e2:	f004 f8d1 	bl	10004888 <__wrap_printf>
100006e6:	211b      	movs	r1, #27
100006e8:	480b      	ldr	r0, [pc, #44]	@ (10000718 <bus_init+0x10c>)
100006ea:	f004 f8cd 	bl	10004888 <__wrap_printf>
100006ee:	211c      	movs	r1, #28
100006f0:	480a      	ldr	r0, [pc, #40]	@ (1000071c <bus_init+0x110>)
100006f2:	f004 f8c9 	bl	10004888 <__wrap_printf>
100006f6:	b002      	add	sp, #8
100006f8:	bd70      	pop	{r4, r5, r6, pc}
100006fa:	46c0      	nop			@ (mov r8, r8)
100006fc:	100050e0 	.word	0x100050e0
10000700:	100050f4 	.word	0x100050f4
10000704:	10005118 	.word	0x10005118
10000708:	10005130 	.word	0x10005130
1000070c:	1000515c 	.word	0x1000515c
10000710:	10005170 	.word	0x10005170
10000714:	10005184 	.word	0x10005184
10000718:	10005198 	.word	0x10005198
1000071c:	100051ac 	.word	0x100051ac

10000720 <bus_read_cycle>:
10000720:	b570      	push	{r4, r5, r6, lr}
10000722:	24d0      	movs	r4, #208	@ 0xd0
10000724:	0005      	movs	r5, r0
10000726:	f000 f92d 	bl	10000984 <eclock_wait_low>
1000072a:	2301      	movs	r3, #1
1000072c:	0624      	lsls	r4, r4, #24
1000072e:	62a3      	str	r3, [r4, #40]	@ 0x28
10000730:	3301      	adds	r3, #1
10000732:	62a3      	str	r3, [r4, #40]	@ 0x28
10000734:	3302      	adds	r3, #2
10000736:	62a3      	str	r3, [r4, #40]	@ 0x28
10000738:	3304      	adds	r3, #4
1000073a:	62a3      	str	r3, [r4, #40]	@ 0x28
1000073c:	3308      	adds	r3, #8
1000073e:	62a3      	str	r3, [r4, #40]	@ 0x28
10000740:	3310      	adds	r3, #16
10000742:	62a3      	str	r3, [r4, #40]	@ 0x28
10000744:	3320      	adds	r3, #32
10000746:	62a3      	str	r3, [r4, #40]	@ 0x28
10000748:	04ed      	lsls	r5, r5, #19
1000074a:	3340      	adds	r3, #64	@ 0x40
1000074c:	62a3      	str	r3, [r4, #40]	@ 0x28
1000074e:	2201      	movs	r2, #1
10000750:	2300      	movs	r3, #0
10000752:	0ced      	lsrs	r5, r5, #19
10000754:	e003      	b.n	1000075e <bus_read_cycle+0x3e>
10000756:	3301      	adds	r3, #1
10000758:	6161      	str	r1, [r4, #20]
1000075a:	2b0d      	cmp	r3, #13
1000075c:	d00c      	beq.n	10000778 <bus_read_cycle+0x58>
1000075e:	0019      	movs	r1, r3
10000760:	0010      	movs	r0, r2
10000762:	3108      	adds	r1, #8
10000764:	4088      	lsls	r0, r1
10000766:	0001      	movs	r1, r0
10000768:	0028      	movs	r0, r5
1000076a:	4118      	asrs	r0, r3
1000076c:	4202      	tst	r2, r0
1000076e:	d1f2      	bne.n	10000756 <bus_read_cycle+0x36>
10000770:	3301      	adds	r3, #1
10000772:	61a1      	str	r1, [r4, #24]
10000774:	2b0d      	cmp	r3, #13
10000776:	d1f2      	bne.n	1000075e <bus_read_cycle+0x3e>
10000778:	24d0      	movs	r4, #208	@ 0xd0
1000077a:	2680      	movs	r6, #128	@ 0x80
1000077c:	2380      	movs	r3, #128	@ 0x80
1000077e:	0624      	lsls	r4, r4, #24
10000780:	03b6      	lsls	r6, r6, #14
10000782:	03db      	lsls	r3, r3, #15
10000784:	6166      	str	r6, [r4, #20]
10000786:	6163      	str	r3, [r4, #20]
10000788:	f000 f8ee 	bl	10000968 <eclock_wait_high>
1000078c:	6865      	ldr	r5, [r4, #4]
1000078e:	f000 f8f9 	bl	10000984 <eclock_wait_low>
10000792:	b2e8      	uxtb	r0, r5
10000794:	61a6      	str	r6, [r4, #24]
10000796:	bd70      	pop	{r4, r5, r6, pc}

10000798 <bus_write_cycle>:
10000798:	b5f8      	push	{r3, r4, r5, r6, r7, lr}
1000079a:	25d0      	movs	r5, #208	@ 0xd0
1000079c:	0004      	movs	r4, r0
1000079e:	000e      	movs	r6, r1
100007a0:	f000 f8f0 	bl	10000984 <eclock_wait_low>
100007a4:	2301      	movs	r3, #1
100007a6:	062d      	lsls	r5, r5, #24
100007a8:	626b      	str	r3, [r5, #36]	@ 0x24
100007aa:	3301      	adds	r3, #1
100007ac:	626b      	str	r3, [r5, #36]	@ 0x24
100007ae:	3302      	adds	r3, #2
100007b0:	626b      	str	r3, [r5, #36]	@ 0x24
100007b2:	3304      	adds	r3, #4
100007b4:	626b      	str	r3, [r5, #36]	@ 0x24
100007b6:	3308      	adds	r3, #8
100007b8:	626b      	str	r3, [r5, #36]	@ 0x24
100007ba:	3310      	adds	r3, #16
100007bc:	626b      	str	r3, [r5, #36]	@ 0x24
100007be:	3320      	adds	r3, #32
100007c0:	626b      	str	r3, [r5, #36]	@ 0x24
100007c2:	04e1      	lsls	r1, r4, #19
100007c4:	3340      	adds	r3, #64	@ 0x40
100007c6:	626b      	str	r3, [r5, #36]	@ 0x24
100007c8:	2201      	movs	r2, #1
100007ca:	2300      	movs	r3, #0
100007cc:	0cc9      	lsrs	r1, r1, #19
100007ce:	e003      	b.n	100007d8 <bus_write_cycle+0x40>
100007d0:	3301      	adds	r3, #1
100007d2:	616c      	str	r4, [r5, #20]
100007d4:	2b0d      	cmp	r3, #13
100007d6:	d00c      	beq.n	100007f2 <bus_write_cycle+0x5a>
100007d8:	001c      	movs	r4, r3
100007da:	0010      	movs	r0, r2
100007dc:	3408      	adds	r4, #8
100007de:	40a0      	lsls	r0, r4
100007e0:	0004      	movs	r4, r0
100007e2:	0008      	movs	r0, r1
100007e4:	4118      	asrs	r0, r3
100007e6:	4202      	tst	r2, r0
100007e8:	d1f2      	bne.n	100007d0 <bus_write_cycle+0x38>
100007ea:	3301      	adds	r3, #1
100007ec:	61ac      	str	r4, [r5, #24]
100007ee:	2b0d      	cmp	r3, #13
100007f0:	d1f2      	bne.n	100007d8 <bus_write_cycle+0x40>
100007f2:	20d0      	movs	r0, #208	@ 0xd0
100007f4:	2400      	movs	r4, #0
100007f6:	3b0c      	subs	r3, #12
100007f8:	0600      	lsls	r0, r0, #24
100007fa:	e003      	b.n	10000804 <bus_write_cycle+0x6c>
100007fc:	3401      	adds	r4, #1
100007fe:	6141      	str	r1, [r0, #20]
10000800:	2c08      	cmp	r4, #8
10000802:	d009      	beq.n	10000818 <bus_write_cycle+0x80>
10000804:	0032      	movs	r2, r6
10000806:	0019      	movs	r1, r3
10000808:	4122      	asrs	r2, r4
1000080a:	40a1      	lsls	r1, r4
1000080c:	4213      	tst	r3, r2
1000080e:	d1f5      	bne.n	100007fc <bus_write_cycle+0x64>
10000810:	3401      	adds	r4, #1
10000812:	6181      	str	r1, [r0, #24]
10000814:	2c08      	cmp	r4, #8
10000816:	d1f5      	bne.n	10000804 <bus_write_cycle+0x6c>
10000818:	25d0      	movs	r5, #208	@ 0xd0
1000081a:	2780      	movs	r7, #128	@ 0x80
1000081c:	2680      	movs	r6, #128	@ 0x80
1000081e:	062d      	lsls	r5, r5, #24
10000820:	03bf      	lsls	r7, r7, #14
10000822:	03f6      	lsls	r6, r6, #15
10000824:	616f      	str	r7, [r5, #20]
10000826:	61ae      	str	r6, [r5, #24]
10000828:	f000 f89e 	bl	10000968 <eclock_wait_high>
1000082c:	f000 f8aa 	bl	10000984 <eclock_wait_low>
10000830:	2301      	movs	r3, #1
10000832:	61af      	str	r7, [r5, #24]
10000834:	616e      	str	r6, [r5, #20]
10000836:	62ab      	str	r3, [r5, #40]	@ 0x28
10000838:	3301      	adds	r3, #1
1000083a:	62ab      	str	r3, [r5, #40]	@ 0x28
1000083c:	3302      	adds	r3, #2
1000083e:	62ab      	str	r3, [r5, #40]	@ 0x28
10000840:	330c      	adds	r3, #12
10000842:	62ac      	str	r4, [r5, #40]	@ 0x28
10000844:	62ab      	str	r3, [r5, #40]	@ 0x28
10000846:	3310      	adds	r3, #16
10000848:	62ab      	str	r3, [r5, #40]	@ 0x28
1000084a:	3320      	adds	r3, #32
1000084c:	62ab      	str	r3, [r5, #40]	@ 0x28
1000084e:	3340      	adds	r3, #64	@ 0x40
10000850:	62ab      	str	r3, [r5, #40]	@ 0x28
10000852:	bdf8      	pop	{r3, r4, r5, r6, r7, pc}

10000854 <bus_read_irq>:
10000854:	23d0      	movs	r3, #208	@ 0xd0
10000856:	061b      	lsls	r3, r3, #24
10000858:	6858      	ldr	r0, [r3, #4]
1000085a:	2301      	movs	r3, #1
1000085c:	0140      	lsls	r0, r0, #5
1000085e:	0fc0      	lsrs	r0, r0, #31
10000860:	4058      	eors	r0, r3
10000862:	b2c0      	uxtb	r0, r0
10000864:	4770      	bx	lr
10000866:	46c0      	nop			@ (mov r8, r8)

10000868 <bus_read_nmi>:
10000868:	23d0      	movs	r3, #208	@ 0xd0
1000086a:	061b      	lsls	r3, r3, #24
1000086c:	6858      	ldr	r0, [r3, #4]
1000086e:	2301      	movs	r3, #1
10000870:	0100      	lsls	r0, r0, #4
10000872:	0fc0      	lsrs	r0, r0, #31
10000874:	4058      	eors	r0, r3
10000876:	b2c0      	uxtb	r0, r0
10000878:	4770      	bx	lr
1000087a:	46c0      	nop			@ (mov r8, r8)

1000087c <bus_read_reset>:
1000087c:	23d0      	movs	r3, #208	@ 0xd0
1000087e:	061b      	lsls	r3, r3, #24
10000880:	6858      	ldr	r0, [r3, #4]
10000882:	2301      	movs	r3, #1
10000884:	00c0      	lsls	r0, r0, #3
10000886:	0fc0      	lsrs	r0, r0, #31
10000888:	4058      	eors	r0, r3
1000088a:	b2c0      	uxtb	r0, r0
1000088c:	4770      	bx	lr
1000088e:	46c0      	nop			@ (mov r8, r8)

10000890 <eclock_init>:
10000890:	b570      	push	{r4, r5, r6, lr}
10000892:	4c23      	ldr	r4, [pc, #140]	@ (10000920 <eclock_init+0x90>)
10000894:	b08a      	sub	sp, #40	@ 0x28
10000896:	0020      	movs	r0, r4
10000898:	4922      	ldr	r1, [pc, #136]	@ (10000924 <eclock_init+0x94>)
1000089a:	f004 f973 	bl	10004b84 <pio_add_program>
1000089e:	2601      	movs	r6, #1
100008a0:	0005      	movs	r5, r0
100008a2:	2106      	movs	r1, #6
100008a4:	201d      	movs	r0, #29
100008a6:	f000 fc49 	bl	1000113c <gpio_set_function>
100008aa:	2301      	movs	r3, #1
100008ac:	221d      	movs	r2, #29
100008ae:	2100      	movs	r1, #0
100008b0:	0020      	movs	r0, r4
100008b2:	9600      	str	r6, [sp, #0]
100008b4:	f004 f980 	bl	10004bb8 <pio_sm_set_consecutive_pindirs>
100008b8:	2300      	movs	r3, #0
100008ba:	2280      	movs	r2, #128	@ 0x80
100008bc:	9305      	str	r3, [sp, #20]
100008be:	23f8      	movs	r3, #248	@ 0xf8
100008c0:	0252      	lsls	r2, r2, #9
100008c2:	025b      	lsls	r3, r3, #9
100008c4:	9202      	str	r2, [sp, #8]
100008c6:	9303      	str	r3, [sp, #12]
100008c8:	23c0      	movs	r3, #192	@ 0xc0
100008ca:	a902      	add	r1, sp, #8
100008cc:	031b      	lsls	r3, r3, #12
100008ce:	2210      	movs	r2, #16
100008d0:	a806      	add	r0, sp, #24
100008d2:	9304      	str	r3, [sp, #16]
100008d4:	f002 fbe0 	bl	10003098 <__wrap___aeabi_memcpy>
100008d8:	1c6b      	adds	r3, r5, #1
100008da:	01ea      	lsls	r2, r5, #7
100008dc:	031b      	lsls	r3, r3, #12
100008de:	4313      	orrs	r3, r2
100008e0:	a906      	add	r1, sp, #24
100008e2:	2210      	movs	r2, #16
100008e4:	a802      	add	r0, sp, #8
100008e6:	9307      	str	r3, [sp, #28]
100008e8:	f002 fbd6 	bl	10003098 <__wrap___aeabi_memcpy>
100008ec:	4b0e      	ldr	r3, [pc, #56]	@ (10000928 <eclock_init+0x98>)
100008ee:	002a      	movs	r2, r5
100008f0:	9305      	str	r3, [sp, #20]
100008f2:	4b0e      	ldr	r3, [pc, #56]	@ (1000092c <eclock_init+0x9c>)
100008f4:	2100      	movs	r1, #0
100008f6:	9302      	str	r3, [sp, #8]
100008f8:	0020      	movs	r0, r4
100008fa:	ab02      	add	r3, sp, #8
100008fc:	f004 f9b6 	bl	10004c6c <pio_sm_init>
10000900:	6823      	ldr	r3, [r4, #0]
10000902:	211d      	movs	r1, #29
10000904:	4333      	orrs	r3, r6
10000906:	6023      	str	r3, [r4, #0]
10000908:	6823      	ldr	r3, [r4, #0]
1000090a:	4809      	ldr	r0, [pc, #36]	@ (10000930 <eclock_init+0xa0>)
1000090c:	43b3      	bics	r3, r6
1000090e:	6023      	str	r3, [r4, #0]
10000910:	f003 ffba 	bl	10004888 <__wrap_printf>
10000914:	4807      	ldr	r0, [pc, #28]	@ (10000934 <eclock_init+0xa4>)
10000916:	f003 ff39 	bl	1000478c <__wrap_puts>
1000091a:	b00a      	add	sp, #40	@ 0x28
1000091c:	bd70      	pop	{r4, r5, r6, pc}
1000091e:	46c0      	nop			@ (mov r8, r8)
10000920:	50200000 	.word	0x50200000
10000924:	10005468 	.word	0x10005468
10000928:	040003a0 	.word	0x040003a0
1000092c:	00022e00 	.word	0x00022e00
10000930:	100051c0 	.word	0x100051c0
10000934:	100051e0 	.word	0x100051e0

10000938 <eclock_start>:
10000938:	2101      	movs	r1, #1
1000093a:	4a07      	ldr	r2, [pc, #28]	@ (10000958 <eclock_start+0x20>)
1000093c:	b510      	push	{r4, lr}
1000093e:	6813      	ldr	r3, [r2, #0]
10000940:	4806      	ldr	r0, [pc, #24]	@ (1000095c <eclock_start+0x24>)
10000942:	430b      	orrs	r3, r1
10000944:	6013      	str	r3, [r2, #0]
10000946:	2200      	movs	r2, #0
10000948:	4b05      	ldr	r3, [pc, #20]	@ (10000960 <eclock_start+0x28>)
1000094a:	601a      	str	r2, [r3, #0]
1000094c:	4b05      	ldr	r3, [pc, #20]	@ (10000964 <eclock_start+0x2c>)
1000094e:	701a      	strb	r2, [r3, #0]
10000950:	f003 ff1c 	bl	1000478c <__wrap_puts>
10000954:	bd10      	pop	{r4, pc}
10000956:	46c0      	nop			@ (mov r8, r8)
10000958:	50200000 	.word	0x50200000
1000095c:	10005214 	.word	0x10005214
10000960:	2000058c 	.word	0x2000058c
10000964:	20008ae9 	.word	0x20008ae9

10000968 <eclock_wait_high>:
10000968:	21d0      	movs	r1, #208	@ 0xd0
1000096a:	2280      	movs	r2, #128	@ 0x80
1000096c:	0609      	lsls	r1, r1, #24
1000096e:	0592      	lsls	r2, r2, #22
10000970:	684b      	ldr	r3, [r1, #4]
10000972:	4213      	tst	r3, r2
10000974:	d0fc      	beq.n	10000970 <eclock_wait_high+0x8>
10000976:	2201      	movs	r2, #1
10000978:	4b01      	ldr	r3, [pc, #4]	@ (10000980 <eclock_wait_high+0x18>)
1000097a:	701a      	strb	r2, [r3, #0]
1000097c:	4770      	bx	lr
1000097e:	46c0      	nop			@ (mov r8, r8)
10000980:	20008ae9 	.word	0x20008ae9

10000984 <eclock_wait_low>:
10000984:	b530      	push	{r4, r5, lr}
10000986:	4d13      	ldr	r5, [pc, #76]	@ (100009d4 <eclock_wait_low+0x50>)
10000988:	782b      	ldrb	r3, [r5, #0]
1000098a:	2b00      	cmp	r3, #0
1000098c:	d01f      	beq.n	100009ce <eclock_wait_low+0x4a>
1000098e:	21d0      	movs	r1, #208	@ 0xd0
10000990:	2280      	movs	r2, #128	@ 0x80
10000992:	0609      	lsls	r1, r1, #24
10000994:	0592      	lsls	r2, r2, #22
10000996:	684b      	ldr	r3, [r1, #4]
10000998:	4213      	tst	r3, r2
1000099a:	d1fc      	bne.n	10000996 <eclock_wait_low+0x12>
1000099c:	4c0e      	ldr	r4, [pc, #56]	@ (100009d8 <eclock_wait_low+0x54>)
1000099e:	6823      	ldr	r3, [r4, #0]
100009a0:	3301      	adds	r3, #1
100009a2:	6023      	str	r3, [r4, #0]
100009a4:	21d0      	movs	r1, #208	@ 0xd0
100009a6:	2280      	movs	r2, #128	@ 0x80
100009a8:	0609      	lsls	r1, r1, #24
100009aa:	0592      	lsls	r2, r2, #22
100009ac:	684b      	ldr	r3, [r1, #4]
100009ae:	4213      	tst	r3, r2
100009b0:	d0fc      	beq.n	100009ac <eclock_wait_low+0x28>
100009b2:	20d0      	movs	r0, #208	@ 0xd0
100009b4:	2280      	movs	r2, #128	@ 0x80
100009b6:	0600      	lsls	r0, r0, #24
100009b8:	0592      	lsls	r2, r2, #22
100009ba:	6843      	ldr	r3, [r0, #4]
100009bc:	0019      	movs	r1, r3
100009be:	4011      	ands	r1, r2
100009c0:	4213      	tst	r3, r2
100009c2:	d1fa      	bne.n	100009ba <eclock_wait_low+0x36>
100009c4:	7029      	strb	r1, [r5, #0]
100009c6:	6823      	ldr	r3, [r4, #0]
100009c8:	3301      	adds	r3, #1
100009ca:	6023      	str	r3, [r4, #0]
100009cc:	bd30      	pop	{r4, r5, pc}
100009ce:	4c02      	ldr	r4, [pc, #8]	@ (100009d8 <eclock_wait_low+0x54>)
100009d0:	e7e8      	b.n	100009a4 <eclock_wait_low+0x20>
100009d2:	46c0      	nop			@ (mov r8, r8)
100009d4:	20008ae9 	.word	0x20008ae9
100009d8:	2000058c 	.word	0x2000058c

100009dc <instruction_execute>:
100009dc:	b5f8      	push	{r3, r4, r5, r6, r7, lr}
100009de:	4cc9      	ldr	r4, [pc, #804]	@ (10000d04 <instruction_execute+0x328>)
100009e0:	8820      	ldrh	r0, [r4, #0]
100009e2:	1c43      	adds	r3, r0, #1
100009e4:	8023      	strh	r3, [r4, #0]
100009e6:	f7ff fdd3 	bl	10000590 <memory_read>
100009ea:	28ff      	cmp	r0, #255	@ 0xff
100009ec:	d81b      	bhi.n	10000a26 <instruction_execute+0x4a>
100009ee:	4ac6      	ldr	r2, [pc, #792]	@ (10000d08 <instruction_execute+0x32c>)
100009f0:	0083      	lsls	r3, r0, #2
100009f2:	58d3      	ldr	r3, [r2, r3]
100009f4:	469f      	mov	pc, r3
100009f6:	8820      	ldrh	r0, [r4, #0]
100009f8:	1c43      	adds	r3, r0, #1
100009fa:	8023      	strh	r3, [r4, #0]
100009fc:	f7ff fdc8 	bl	10000590 <memory_read>
10000a00:	0005      	movs	r5, r0
10000a02:	8820      	ldrh	r0, [r4, #0]
10000a04:	022d      	lsls	r5, r5, #8
10000a06:	1c43      	adds	r3, r0, #1
10000a08:	8023      	strh	r3, [r4, #0]
10000a0a:	f7ff fdc1 	bl	10000590 <memory_read>
10000a0e:	4328      	orrs	r0, r5
10000a10:	b280      	uxth	r0, r0
10000a12:	f7ff fdbd 	bl	10000590 <memory_read>
10000a16:	70a0      	strb	r0, [r4, #2]
10000a18:	f7ff fcfc 	bl	10000414 <cpu_update_nz>
10000a1c:	2100      	movs	r1, #0
10000a1e:	2002      	movs	r0, #2
10000a20:	f7ff fcea 	bl	100003f8 <cpu_set_flag>
10000a24:	bdf8      	pop	{r3, r4, r5, r6, r7, pc}
10000a26:	4bb9      	ldr	r3, [pc, #740]	@ (10000d0c <instruction_execute+0x330>)
10000a28:	8822      	ldrh	r2, [r4, #0]
10000a2a:	0001      	movs	r1, r0
10000a2c:	3a01      	subs	r2, #1
10000a2e:	0018      	movs	r0, r3
10000a30:	f003 ff2a 	bl	10004888 <__wrap_printf>
10000a34:	2301      	movs	r3, #1
10000a36:	7263      	strb	r3, [r4, #9]
10000a38:	e7f4      	b.n	10000a24 <instruction_execute+0x48>
10000a3a:	f7ff fd39 	bl	100004b0 <cpu_pull>
10000a3e:	7220      	strb	r0, [r4, #8]
10000a40:	f7ff fd36 	bl	100004b0 <cpu_pull>
10000a44:	70e0      	strb	r0, [r4, #3]
10000a46:	f7ff fd33 	bl	100004b0 <cpu_pull>
10000a4a:	70a0      	strb	r0, [r4, #2]
10000a4c:	f7ff fd50 	bl	100004f0 <cpu_pull16>
10000a50:	80a0      	strh	r0, [r4, #4]
10000a52:	f7ff fd4d 	bl	100004f0 <cpu_pull16>
10000a56:	8020      	strh	r0, [r4, #0]
10000a58:	e7e4      	b.n	10000a24 <instruction_execute+0x48>
10000a5a:	78e0      	ldrb	r0, [r4, #3]
10000a5c:	f7ff fd1c 	bl	10000498 <cpu_push>
10000a60:	e7e0      	b.n	10000a24 <instruction_execute+0x48>
10000a62:	8820      	ldrh	r0, [r4, #0]
10000a64:	1c43      	adds	r3, r0, #1
10000a66:	8023      	strh	r3, [r4, #0]
10000a68:	f7ff fd92 	bl	10000590 <memory_read>
10000a6c:	0005      	movs	r5, r0
10000a6e:	8820      	ldrh	r0, [r4, #0]
10000a70:	022d      	lsls	r5, r5, #8
10000a72:	1c43      	adds	r3, r0, #1
10000a74:	8023      	strh	r3, [r4, #0]
10000a76:	f7ff fd8b 	bl	10000590 <memory_read>
10000a7a:	4305      	orrs	r5, r0
10000a7c:	b2ad      	uxth	r5, r5
10000a7e:	88a1      	ldrh	r1, [r4, #4]
10000a80:	0028      	movs	r0, r5
10000a82:	0a09      	lsrs	r1, r1, #8
10000a84:	3501      	adds	r5, #1
10000a86:	f7ff fda3 	bl	100005d0 <memory_write>
10000a8a:	7921      	ldrb	r1, [r4, #4]
10000a8c:	b2a8      	uxth	r0, r5
10000a8e:	f7ff fd9f 	bl	100005d0 <memory_write>
10000a92:	88a0      	ldrh	r0, [r4, #4]
10000a94:	0a00      	lsrs	r0, r0, #8
10000a96:	f7ff fcbd 	bl	10000414 <cpu_update_nz>
10000a9a:	2100      	movs	r1, #0
10000a9c:	2002      	movs	r0, #2
10000a9e:	f7ff fcab 	bl	100003f8 <cpu_set_flag>
10000aa2:	e7bf      	b.n	10000a24 <instruction_execute+0x48>
10000aa4:	8820      	ldrh	r0, [r4, #0]
10000aa6:	1c43      	adds	r3, r0, #1
10000aa8:	8023      	strh	r3, [r4, #0]
10000aaa:	f7ff fd71 	bl	10000590 <memory_read>
10000aae:	0005      	movs	r5, r0
10000ab0:	8820      	ldrh	r0, [r4, #0]
10000ab2:	022d      	lsls	r5, r5, #8
10000ab4:	1c43      	adds	r3, r0, #1
10000ab6:	8023      	strh	r3, [r4, #0]
10000ab8:	f7ff fd6a 	bl	10000590 <memory_read>
10000abc:	4305      	orrs	r5, r0
10000abe:	b2ad      	uxth	r5, r5
10000ac0:	0028      	movs	r0, r5
10000ac2:	f7ff fd65 	bl	10000590 <memory_read>
10000ac6:	3501      	adds	r5, #1
10000ac8:	0006      	movs	r6, r0
10000aca:	b2a8      	uxth	r0, r5
10000acc:	f7ff fd60 	bl	10000590 <memory_read>
10000ad0:	0233      	lsls	r3, r6, #8
10000ad2:	4303      	orrs	r3, r0
10000ad4:	0030      	movs	r0, r6
10000ad6:	80a3      	strh	r3, [r4, #4]
10000ad8:	f7ff fc9c 	bl	10000414 <cpu_update_nz>
10000adc:	2100      	movs	r1, #0
10000ade:	2002      	movs	r0, #2
10000ae0:	f7ff fc8a 	bl	100003f8 <cpu_set_flag>
10000ae4:	e79e      	b.n	10000a24 <instruction_execute+0x48>
10000ae6:	2301      	movs	r3, #1
10000ae8:	8820      	ldrh	r0, [r4, #0]
10000aea:	7263      	strb	r3, [r4, #9]
10000aec:	f7ff fcec 	bl	100004c8 <cpu_push16>
10000af0:	88a0      	ldrh	r0, [r4, #4]
10000af2:	f7ff fce9 	bl	100004c8 <cpu_push16>
10000af6:	78a0      	ldrb	r0, [r4, #2]
10000af8:	f7ff fcce 	bl	10000498 <cpu_push>
10000afc:	78e0      	ldrb	r0, [r4, #3]
10000afe:	f7ff fccb 	bl	10000498 <cpu_push>
10000b02:	7a20      	ldrb	r0, [r4, #8]
10000b04:	f7ff fcc8 	bl	10000498 <cpu_push>
10000b08:	e78c      	b.n	10000a24 <instruction_execute+0x48>
10000b0a:	78a0      	ldrb	r0, [r4, #2]
10000b0c:	f7ff fcc4 	bl	10000498 <cpu_push>
10000b10:	e788      	b.n	10000a24 <instruction_execute+0x48>
10000b12:	88a3      	ldrh	r3, [r4, #4]
10000b14:	3b01      	subs	r3, #1
10000b16:	80e3      	strh	r3, [r4, #6]
10000b18:	e784      	b.n	10000a24 <instruction_execute+0x48>
10000b1a:	f7ff fcc9 	bl	100004b0 <cpu_pull>
10000b1e:	70e0      	strb	r0, [r4, #3]
10000b20:	e780      	b.n	10000a24 <instruction_execute+0x48>
10000b22:	f7ff fcc5 	bl	100004b0 <cpu_pull>
10000b26:	70a0      	strb	r0, [r4, #2]
10000b28:	e77c      	b.n	10000a24 <instruction_execute+0x48>
10000b2a:	88e3      	ldrh	r3, [r4, #6]
10000b2c:	3301      	adds	r3, #1
10000b2e:	80a3      	strh	r3, [r4, #4]
10000b30:	e778      	b.n	10000a24 <instruction_execute+0x48>
10000b32:	8820      	ldrh	r0, [r4, #0]
10000b34:	1c43      	adds	r3, r0, #1
10000b36:	8023      	strh	r3, [r4, #0]
10000b38:	f7ff fd2a 	bl	10000590 <memory_read>
10000b3c:	0005      	movs	r5, r0
10000b3e:	2004      	movs	r0, #4
10000b40:	f7ff fc50 	bl	100003e4 <cpu_get_flag>
10000b44:	2800      	cmp	r0, #0
10000b46:	d100      	bne.n	10000b4a <instruction_execute+0x16e>
10000b48:	e76c      	b.n	10000a24 <instruction_execute+0x48>
10000b4a:	8823      	ldrh	r3, [r4, #0]
10000b4c:	b268      	sxtb	r0, r5
10000b4e:	18c0      	adds	r0, r0, r3
10000b50:	8020      	strh	r0, [r4, #0]
10000b52:	e767      	b.n	10000a24 <instruction_execute+0x48>
10000b54:	8820      	ldrh	r0, [r4, #0]
10000b56:	1c43      	adds	r3, r0, #1
10000b58:	8023      	strh	r3, [r4, #0]
10000b5a:	f7ff fd19 	bl	10000590 <memory_read>
10000b5e:	0005      	movs	r5, r0
10000b60:	2004      	movs	r0, #4
10000b62:	f7ff fc3f 	bl	100003e4 <cpu_get_flag>
10000b66:	2800      	cmp	r0, #0
10000b68:	d000      	beq.n	10000b6c <instruction_execute+0x190>
10000b6a:	e75b      	b.n	10000a24 <instruction_execute+0x48>
10000b6c:	e7ed      	b.n	10000b4a <instruction_execute+0x16e>
10000b6e:	8820      	ldrh	r0, [r4, #0]
10000b70:	1c43      	adds	r3, r0, #1
10000b72:	8023      	strh	r3, [r4, #0]
10000b74:	f7ff fd0c 	bl	10000590 <memory_read>
10000b78:	0005      	movs	r5, r0
10000b7a:	2001      	movs	r0, #1
10000b7c:	f7ff fc32 	bl	100003e4 <cpu_get_flag>
10000b80:	2800      	cmp	r0, #0
10000b82:	d100      	bne.n	10000b86 <instruction_execute+0x1aa>
10000b84:	e74e      	b.n	10000a24 <instruction_execute+0x48>
10000b86:	e7e0      	b.n	10000b4a <instruction_execute+0x16e>
10000b88:	8820      	ldrh	r0, [r4, #0]
10000b8a:	1c43      	adds	r3, r0, #1
10000b8c:	8023      	strh	r3, [r4, #0]
10000b8e:	f7ff fcff 	bl	10000590 <memory_read>
10000b92:	0005      	movs	r5, r0
10000b94:	2001      	movs	r0, #1
10000b96:	f7ff fc25 	bl	100003e4 <cpu_get_flag>
10000b9a:	2800      	cmp	r0, #0
10000b9c:	d000      	beq.n	10000ba0 <instruction_execute+0x1c4>
10000b9e:	e741      	b.n	10000a24 <instruction_execute+0x48>
10000ba0:	e7d3      	b.n	10000b4a <instruction_execute+0x16e>
10000ba2:	8820      	ldrh	r0, [r4, #0]
10000ba4:	1c43      	adds	r3, r0, #1
10000ba6:	8023      	strh	r3, [r4, #0]
10000ba8:	f7ff fcf2 	bl	10000590 <memory_read>
10000bac:	8822      	ldrh	r2, [r4, #0]
10000bae:	b243      	sxtb	r3, r0
10000bb0:	189b      	adds	r3, r3, r2
10000bb2:	8023      	strh	r3, [r4, #0]
10000bb4:	e736      	b.n	10000a24 <instruction_execute+0x48>
10000bb6:	8820      	ldrh	r0, [r4, #0]
10000bb8:	1c43      	adds	r3, r0, #1
10000bba:	8023      	strh	r3, [r4, #0]
10000bbc:	f7ff fce8 	bl	10000590 <memory_read>
10000bc0:	0005      	movs	r5, r0
10000bc2:	e75c      	b.n	10000a7e <instruction_execute+0xa2>
10000bc4:	8820      	ldrh	r0, [r4, #0]
10000bc6:	1c43      	adds	r3, r0, #1
10000bc8:	8023      	strh	r3, [r4, #0]
10000bca:	f7ff fce1 	bl	10000590 <memory_read>
10000bce:	0005      	movs	r5, r0
10000bd0:	e776      	b.n	10000ac0 <instruction_execute+0xe4>
10000bd2:	8820      	ldrh	r0, [r4, #0]
10000bd4:	1c43      	adds	r3, r0, #1
10000bd6:	8023      	strh	r3, [r4, #0]
10000bd8:	f7ff fcda 	bl	10000590 <memory_read>
10000bdc:	0005      	movs	r5, r0
10000bde:	8820      	ldrh	r0, [r4, #0]
10000be0:	f7ff fc72 	bl	100004c8 <cpu_push16>
10000be4:	88a3      	ldrh	r3, [r4, #4]
10000be6:	18ed      	adds	r5, r5, r3
10000be8:	8025      	strh	r5, [r4, #0]
10000bea:	e71b      	b.n	10000a24 <instruction_execute+0x48>
10000bec:	78e0      	ldrb	r0, [r4, #3]
10000bee:	3001      	adds	r0, #1
10000bf0:	b2c0      	uxtb	r0, r0
10000bf2:	70e0      	strb	r0, [r4, #3]
10000bf4:	f7ff fc0e 	bl	10000414 <cpu_update_nz>
10000bf8:	78e1      	ldrb	r1, [r4, #3]
10000bfa:	3980      	subs	r1, #128	@ 0x80
10000bfc:	424b      	negs	r3, r1
10000bfe:	4159      	adcs	r1, r3
10000c00:	2002      	movs	r0, #2
10000c02:	b2c9      	uxtb	r1, r1
10000c04:	f7ff fbf8 	bl	100003f8 <cpu_set_flag>
10000c08:	e70c      	b.n	10000a24 <instruction_execute+0x48>
10000c0a:	78e0      	ldrb	r0, [r4, #3]
10000c0c:	3801      	subs	r0, #1
10000c0e:	b2c0      	uxtb	r0, r0
10000c10:	70e0      	strb	r0, [r4, #3]
10000c12:	f7ff fbff 	bl	10000414 <cpu_update_nz>
10000c16:	78e1      	ldrb	r1, [r4, #3]
10000c18:	397f      	subs	r1, #127	@ 0x7f
10000c1a:	424b      	negs	r3, r1
10000c1c:	4159      	adcs	r1, r3
10000c1e:	2002      	movs	r0, #2
10000c20:	b2c9      	uxtb	r1, r1
10000c22:	f7ff fbe9 	bl	100003f8 <cpu_set_flag>
10000c26:	e6fd      	b.n	10000a24 <instruction_execute+0x48>
10000c28:	8820      	ldrh	r0, [r4, #0]
10000c2a:	1c43      	adds	r3, r0, #1
10000c2c:	8023      	strh	r3, [r4, #0]
10000c2e:	f7ff fcaf 	bl	10000590 <memory_read>
10000c32:	78a3      	ldrb	r3, [r4, #2]
10000c34:	4018      	ands	r0, r3
10000c36:	e6ee      	b.n	10000a16 <instruction_execute+0x3a>
10000c38:	8820      	ldrh	r0, [r4, #0]
10000c3a:	1c43      	adds	r3, r0, #1
10000c3c:	8023      	strh	r3, [r4, #0]
10000c3e:	f7ff fca7 	bl	10000590 <memory_read>
10000c42:	78a1      	ldrb	r1, [r4, #2]
10000c44:	0002      	movs	r2, r0
10000c46:	1a0d      	subs	r5, r1, r0
10000c48:	b2ae      	uxth	r6, r5
10000c4a:	b2ed      	uxtb	r5, r5
10000c4c:	2301      	movs	r3, #1
10000c4e:	0028      	movs	r0, r5
10000c50:	f7ff fbf6 	bl	10000440 <cpu_update_nzv>
10000c54:	21ff      	movs	r1, #255	@ 0xff
10000c56:	42b1      	cmp	r1, r6
10000c58:	4189      	sbcs	r1, r1
10000c5a:	2001      	movs	r0, #1
10000c5c:	4249      	negs	r1, r1
10000c5e:	f7ff fbcb 	bl	100003f8 <cpu_set_flag>
10000c62:	70a5      	strb	r5, [r4, #2]
10000c64:	e6de      	b.n	10000a24 <instruction_execute+0x48>
10000c66:	8820      	ldrh	r0, [r4, #0]
10000c68:	1c43      	adds	r3, r0, #1
10000c6a:	8023      	strh	r3, [r4, #0]
10000c6c:	f7ff fc90 	bl	10000590 <memory_read>
10000c70:	0005      	movs	r5, r0
10000c72:	8820      	ldrh	r0, [r4, #0]
10000c74:	022d      	lsls	r5, r5, #8
10000c76:	1c43      	adds	r3, r0, #1
10000c78:	8023      	strh	r3, [r4, #0]
10000c7a:	f7ff fc89 	bl	10000590 <memory_read>
10000c7e:	4305      	orrs	r5, r0
10000c80:	8025      	strh	r5, [r4, #0]
10000c82:	e6cf      	b.n	10000a24 <instruction_execute+0x48>
10000c84:	8820      	ldrh	r0, [r4, #0]
10000c86:	1c43      	adds	r3, r0, #1
10000c88:	8023      	strh	r3, [r4, #0]
10000c8a:	f7ff fc81 	bl	10000590 <memory_read>
10000c8e:	88a3      	ldrh	r3, [r4, #4]
10000c90:	18c0      	adds	r0, r0, r3
10000c92:	8020      	strh	r0, [r4, #0]
10000c94:	e6c6      	b.n	10000a24 <instruction_execute+0x48>
10000c96:	8820      	ldrh	r0, [r4, #0]
10000c98:	1c43      	adds	r3, r0, #1
10000c9a:	8023      	strh	r3, [r4, #0]
10000c9c:	f7ff fc78 	bl	10000590 <memory_read>
10000ca0:	88a3      	ldrh	r3, [r4, #4]
10000ca2:	78a1      	ldrb	r1, [r4, #2]
10000ca4:	18c0      	adds	r0, r0, r3
10000ca6:	b280      	uxth	r0, r0
10000ca8:	f7ff fc92 	bl	100005d0 <memory_write>
10000cac:	78a0      	ldrb	r0, [r4, #2]
10000cae:	f7ff fbb1 	bl	10000414 <cpu_update_nz>
10000cb2:	2100      	movs	r1, #0
10000cb4:	2002      	movs	r0, #2
10000cb6:	f7ff fb9f 	bl	100003f8 <cpu_set_flag>
10000cba:	e6b3      	b.n	10000a24 <instruction_execute+0x48>
10000cbc:	8820      	ldrh	r0, [r4, #0]
10000cbe:	1c43      	adds	r3, r0, #1
10000cc0:	8023      	strh	r3, [r4, #0]
10000cc2:	f7ff fc65 	bl	10000590 <memory_read>
10000cc6:	88a3      	ldrh	r3, [r4, #4]
10000cc8:	18c0      	adds	r0, r0, r3
10000cca:	b280      	uxth	r0, r0
10000ccc:	e6a1      	b.n	10000a12 <instruction_execute+0x36>
10000cce:	8820      	ldrh	r0, [r4, #0]
10000cd0:	1c43      	adds	r3, r0, #1
10000cd2:	8023      	strh	r3, [r4, #0]
10000cd4:	f7ff fc5c 	bl	10000590 <memory_read>
10000cd8:	78a1      	ldrb	r1, [r4, #2]
10000cda:	e7e5      	b.n	10000ca8 <instruction_execute+0x2cc>
10000cdc:	8820      	ldrh	r0, [r4, #0]
10000cde:	1c43      	adds	r3, r0, #1
10000ce0:	8023      	strh	r3, [r4, #0]
10000ce2:	f7ff fc55 	bl	10000590 <memory_read>
10000ce6:	e694      	b.n	10000a12 <instruction_execute+0x36>
10000ce8:	8820      	ldrh	r0, [r4, #0]
10000cea:	1c43      	adds	r3, r0, #1
10000cec:	8023      	strh	r3, [r4, #0]
10000cee:	f7ff fc4f 	bl	10000590 <memory_read>
10000cf2:	0005      	movs	r5, r0
10000cf4:	8820      	ldrh	r0, [r4, #0]
10000cf6:	f7ff fbe7 	bl	100004c8 <cpu_push16>
10000cfa:	8823      	ldrh	r3, [r4, #0]
10000cfc:	b26d      	sxtb	r5, r5
10000cfe:	18ed      	adds	r5, r5, r3
10000d00:	8025      	strh	r5, [r4, #0]
10000d02:	e68f      	b.n	10000a24 <instruction_execute+0x48>
10000d04:	2000057c 	.word	0x2000057c
10000d08:	10005474 	.word	0x10005474
10000d0c:	10005224 	.word	0x10005224
10000d10:	8820      	ldrh	r0, [r4, #0]
10000d12:	1c43      	adds	r3, r0, #1
10000d14:	8023      	strh	r3, [r4, #0]
10000d16:	f7ff fc3b 	bl	10000590 <memory_read>
10000d1a:	78a1      	ldrb	r1, [r4, #2]
10000d1c:	0002      	movs	r2, r0
10000d1e:	180d      	adds	r5, r1, r0
10000d20:	b2af      	uxth	r7, r5
10000d22:	b2ed      	uxtb	r5, r5
10000d24:	2300      	movs	r3, #0
10000d26:	0006      	movs	r6, r0
10000d28:	0028      	movs	r0, r5
10000d2a:	f7ff fb89 	bl	10000440 <cpu_update_nzv>
10000d2e:	21ff      	movs	r1, #255	@ 0xff
10000d30:	42b9      	cmp	r1, r7
10000d32:	4189      	sbcs	r1, r1
10000d34:	2001      	movs	r0, #1
10000d36:	4249      	negs	r1, r1
10000d38:	f7ff fb5e 	bl	100003f8 <cpu_set_flag>
10000d3c:	230f      	movs	r3, #15
10000d3e:	78a2      	ldrb	r2, [r4, #2]
10000d40:	2101      	movs	r1, #1
10000d42:	401a      	ands	r2, r3
10000d44:	4033      	ands	r3, r6
10000d46:	18d2      	adds	r2, r2, r3
10000d48:	2a0f      	cmp	r2, #15
10000d4a:	dc00      	bgt.n	10000d4e <instruction_execute+0x372>
10000d4c:	2100      	movs	r1, #0
10000d4e:	2020      	movs	r0, #32
10000d50:	b2c9      	uxtb	r1, r1
10000d52:	f7ff fb51 	bl	100003f8 <cpu_set_flag>
10000d56:	70a5      	strb	r5, [r4, #2]
10000d58:	e664      	b.n	10000a24 <instruction_execute+0x48>
10000d5a:	8820      	ldrh	r0, [r4, #0]
10000d5c:	1c43      	adds	r3, r0, #1
10000d5e:	8023      	strh	r3, [r4, #0]
10000d60:	f7ff fc16 	bl	10000590 <memory_read>
10000d64:	78a3      	ldrb	r3, [r4, #2]
10000d66:	4318      	orrs	r0, r3
10000d68:	b2c0      	uxtb	r0, r0
10000d6a:	e654      	b.n	10000a16 <instruction_execute+0x3a>
10000d6c:	8820      	ldrh	r0, [r4, #0]
10000d6e:	1c43      	adds	r3, r0, #1
10000d70:	8023      	strh	r3, [r4, #0]
10000d72:	e64e      	b.n	10000a12 <instruction_execute+0x36>
10000d74:	8820      	ldrh	r0, [r4, #0]
10000d76:	1c43      	adds	r3, r0, #1
10000d78:	8023      	strh	r3, [r4, #0]
10000d7a:	f7ff fc09 	bl	10000590 <memory_read>
10000d7e:	78e1      	ldrb	r1, [r4, #3]
10000d80:	f7ff fc26 	bl	100005d0 <memory_write>
10000d84:	78e0      	ldrb	r0, [r4, #3]
10000d86:	f7ff fb45 	bl	10000414 <cpu_update_nz>
10000d8a:	2100      	movs	r1, #0
10000d8c:	2002      	movs	r0, #2
10000d8e:	f7ff fb33 	bl	100003f8 <cpu_set_flag>
10000d92:	e647      	b.n	10000a24 <instruction_execute+0x48>
10000d94:	8820      	ldrh	r0, [r4, #0]
10000d96:	1c43      	adds	r3, r0, #1
10000d98:	8023      	strh	r3, [r4, #0]
10000d9a:	f7ff fbf9 	bl	10000590 <memory_read>
10000d9e:	f7ff fbf7 	bl	10000590 <memory_read>
10000da2:	70e0      	strb	r0, [r4, #3]
10000da4:	f7ff fb36 	bl	10000414 <cpu_update_nz>
10000da8:	2100      	movs	r1, #0
10000daa:	2002      	movs	r0, #2
10000dac:	f7ff fb24 	bl	100003f8 <cpu_set_flag>
10000db0:	e638      	b.n	10000a24 <instruction_execute+0x48>
10000db2:	8820      	ldrh	r0, [r4, #0]
10000db4:	1c43      	adds	r3, r0, #1
10000db6:	8023      	strh	r3, [r4, #0]
10000db8:	f7ff fbea 	bl	10000590 <memory_read>
10000dbc:	0005      	movs	r5, r0
10000dbe:	8820      	ldrh	r0, [r4, #0]
10000dc0:	1c43      	adds	r3, r0, #1
10000dc2:	8023      	strh	r3, [r4, #0]
10000dc4:	f7ff fbe4 	bl	10000590 <memory_read>
10000dc8:	022b      	lsls	r3, r5, #8
10000dca:	4303      	orrs	r3, r0
10000dcc:	0028      	movs	r0, r5
10000dce:	80a3      	strh	r3, [r4, #4]
10000dd0:	f7ff fb20 	bl	10000414 <cpu_update_nz>
10000dd4:	2100      	movs	r1, #0
10000dd6:	2002      	movs	r0, #2
10000dd8:	f7ff fb0e 	bl	100003f8 <cpu_set_flag>
10000ddc:	e622      	b.n	10000a24 <instruction_execute+0x48>
10000dde:	8820      	ldrh	r0, [r4, #0]
10000de0:	1c43      	adds	r3, r0, #1
10000de2:	8023      	strh	r3, [r4, #0]
10000de4:	e7db      	b.n	10000d9e <instruction_execute+0x3c2>
10000de6:	8820      	ldrh	r0, [r4, #0]
10000de8:	1c43      	adds	r3, r0, #1
10000dea:	8023      	strh	r3, [r4, #0]
10000dec:	f7ff fbd0 	bl	10000590 <memory_read>
10000df0:	0005      	movs	r5, r0
10000df2:	8820      	ldrh	r0, [r4, #0]
10000df4:	022d      	lsls	r5, r5, #8
10000df6:	1c43      	adds	r3, r0, #1
10000df8:	8023      	strh	r3, [r4, #0]
10000dfa:	f7ff fbc9 	bl	10000590 <memory_read>
10000dfe:	0006      	movs	r6, r0
10000e00:	8820      	ldrh	r0, [r4, #0]
10000e02:	4335      	orrs	r5, r6
10000e04:	f7ff fb60 	bl	100004c8 <cpu_push16>
10000e08:	8025      	strh	r5, [r4, #0]
10000e0a:	e60b      	b.n	10000a24 <instruction_execute+0x48>
10000e0c:	8820      	ldrh	r0, [r4, #0]
10000e0e:	1c43      	adds	r3, r0, #1
10000e10:	8023      	strh	r3, [r4, #0]
10000e12:	f7ff fbbd 	bl	10000590 <memory_read>
10000e16:	0005      	movs	r5, r0
10000e18:	8820      	ldrh	r0, [r4, #0]
10000e1a:	022d      	lsls	r5, r5, #8
10000e1c:	1c43      	adds	r3, r0, #1
10000e1e:	8023      	strh	r3, [r4, #0]
10000e20:	f7ff fbb6 	bl	10000590 <memory_read>
10000e24:	78a1      	ldrb	r1, [r4, #2]
10000e26:	4328      	orrs	r0, r5
10000e28:	e73d      	b.n	10000ca6 <instruction_execute+0x2ca>
10000e2a:	8820      	ldrh	r0, [r4, #0]
10000e2c:	1c43      	adds	r3, r0, #1
10000e2e:	8023      	strh	r3, [r4, #0]
10000e30:	f7ff fbae 	bl	10000590 <memory_read>
10000e34:	88a1      	ldrh	r1, [r4, #4]
10000e36:	1845      	adds	r5, r0, r1
10000e38:	b2ad      	uxth	r5, r5
10000e3a:	e621      	b.n	10000a80 <instruction_execute+0xa4>
10000e3c:	8820      	ldrh	r0, [r4, #0]
10000e3e:	1c43      	adds	r3, r0, #1
10000e40:	8023      	strh	r3, [r4, #0]
10000e42:	f7ff fba5 	bl	10000590 <memory_read>
10000e46:	88a5      	ldrh	r5, [r4, #4]
10000e48:	1945      	adds	r5, r0, r5
10000e4a:	e638      	b.n	10000abe <instruction_execute+0xe2>
10000e4c:	8820      	ldrh	r0, [r4, #0]
10000e4e:	1c43      	adds	r3, r0, #1
10000e50:	8023      	strh	r3, [r4, #0]
10000e52:	f7ff fb9d 	bl	10000590 <memory_read>
10000e56:	88a3      	ldrh	r3, [r4, #4]
10000e58:	78e1      	ldrb	r1, [r4, #3]
10000e5a:	18c0      	adds	r0, r0, r3
10000e5c:	b280      	uxth	r0, r0
10000e5e:	e78f      	b.n	10000d80 <instruction_execute+0x3a4>
10000e60:	8820      	ldrh	r0, [r4, #0]
10000e62:	1c43      	adds	r3, r0, #1
10000e64:	8023      	strh	r3, [r4, #0]
10000e66:	f7ff fb93 	bl	10000590 <memory_read>
10000e6a:	88a3      	ldrh	r3, [r4, #4]
10000e6c:	18c0      	adds	r0, r0, r3
10000e6e:	b280      	uxth	r0, r0
10000e70:	e795      	b.n	10000d9e <instruction_execute+0x3c2>
10000e72:	8820      	ldrh	r0, [r4, #0]
10000e74:	1c43      	adds	r3, r0, #1
10000e76:	8023      	strh	r3, [r4, #0]
10000e78:	f7ff fb8a 	bl	10000590 <memory_read>
10000e7c:	0005      	movs	r5, r0
10000e7e:	8820      	ldrh	r0, [r4, #0]
10000e80:	022d      	lsls	r5, r5, #8
10000e82:	1c43      	adds	r3, r0, #1
10000e84:	8023      	strh	r3, [r4, #0]
10000e86:	f7ff fb83 	bl	10000590 <memory_read>
10000e8a:	4328      	orrs	r0, r5
10000e8c:	78e1      	ldrb	r1, [r4, #3]
10000e8e:	b280      	uxth	r0, r0
10000e90:	e776      	b.n	10000d80 <instruction_execute+0x3a4>
10000e92:	8820      	ldrh	r0, [r4, #0]
10000e94:	1c43      	adds	r3, r0, #1
10000e96:	8023      	strh	r3, [r4, #0]
10000e98:	f7ff fb7a 	bl	10000590 <memory_read>
10000e9c:	0005      	movs	r5, r0
10000e9e:	8820      	ldrh	r0, [r4, #0]
10000ea0:	022d      	lsls	r5, r5, #8
10000ea2:	1c43      	adds	r3, r0, #1
10000ea4:	8023      	strh	r3, [r4, #0]
10000ea6:	f7ff fb73 	bl	10000590 <memory_read>
10000eaa:	4328      	orrs	r0, r5
10000eac:	b280      	uxth	r0, r0
10000eae:	e776      	b.n	10000d9e <instruction_execute+0x3c2>
10000eb0:	78a0      	ldrb	r0, [r4, #2]
10000eb2:	3001      	adds	r0, #1
10000eb4:	b2c0      	uxtb	r0, r0
10000eb6:	70a0      	strb	r0, [r4, #2]
10000eb8:	f7ff faac 	bl	10000414 <cpu_update_nz>
10000ebc:	78a1      	ldrb	r1, [r4, #2]
10000ebe:	e69c      	b.n	10000bfa <instruction_execute+0x21e>
10000ec0:	78a0      	ldrb	r0, [r4, #2]
10000ec2:	3801      	subs	r0, #1
10000ec4:	b2c0      	uxtb	r0, r0
10000ec6:	70a0      	strb	r0, [r4, #2]
10000ec8:	f7ff faa4 	bl	10000414 <cpu_update_nz>
10000ecc:	78a1      	ldrb	r1, [r4, #2]
10000ece:	e6a3      	b.n	10000c18 <instruction_execute+0x23c>
10000ed0:	78e0      	ldrb	r0, [r4, #3]
10000ed2:	70a0      	strb	r0, [r4, #2]
10000ed4:	f7ff fa9e 	bl	10000414 <cpu_update_nz>
10000ed8:	e5a4      	b.n	10000a24 <instruction_execute+0x48>
10000eda:	78a0      	ldrb	r0, [r4, #2]
10000edc:	70e0      	strb	r0, [r4, #3]
10000ede:	f7ff fa99 	bl	10000414 <cpu_update_nz>
10000ee2:	e59f      	b.n	10000a24 <instruction_execute+0x48>

10000ee4 <interrupts_init>:
10000ee4:	b510      	push	{r4, lr}
10000ee6:	f7ff fcb5 	bl	10000854 <bus_read_irq>
10000eea:	f7ff fcbd 	bl	10000868 <bus_read_nmi>
10000eee:	4b0b      	ldr	r3, [pc, #44]	@ (10000f1c <interrupts_init+0x38>)
10000ef0:	7018      	strb	r0, [r3, #0]
10000ef2:	f7ff fcc3 	bl	1000087c <bus_read_reset>
10000ef6:	4b0a      	ldr	r3, [pc, #40]	@ (10000f20 <interrupts_init+0x3c>)
10000ef8:	7018      	strb	r0, [r3, #0]
10000efa:	480a      	ldr	r0, [pc, #40]	@ (10000f24 <interrupts_init+0x40>)
10000efc:	f003 fc46 	bl	1000478c <__wrap_puts>
10000f00:	4909      	ldr	r1, [pc, #36]	@ (10000f28 <interrupts_init+0x44>)
10000f02:	480a      	ldr	r0, [pc, #40]	@ (10000f2c <interrupts_init+0x48>)
10000f04:	f003 fcc0 	bl	10004888 <__wrap_printf>
10000f08:	4909      	ldr	r1, [pc, #36]	@ (10000f30 <interrupts_init+0x4c>)
10000f0a:	480a      	ldr	r0, [pc, #40]	@ (10000f34 <interrupts_init+0x50>)
10000f0c:	f003 fcbc 	bl	10004888 <__wrap_printf>
10000f10:	4809      	ldr	r0, [pc, #36]	@ (10000f38 <interrupts_init+0x54>)
10000f12:	490a      	ldr	r1, [pc, #40]	@ (10000f3c <interrupts_init+0x58>)
10000f14:	f003 fcb8 	bl	10004888 <__wrap_printf>
10000f18:	bd10      	pop	{r4, pc}
10000f1a:	46c0      	nop			@ (mov r8, r8)
10000f1c:	20008aea 	.word	0x20008aea
10000f20:	20008aeb 	.word	0x20008aeb
10000f24:	10005258 	.word	0x10005258
10000f28:	0000fff8 	.word	0x0000fff8
10000f2c:	10005278 	.word	0x10005278
10000f30:	0000fffc 	.word	0x0000fffc
10000f34:	10005290 	.word	0x10005290
10000f38:	100052a8 	.word	0x100052a8
10000f3c:	0000fffe 	.word	0x0000fffe

10000f40 <interrupt_service_reset>:
10000f40:	b570      	push	{r4, r5, r6, lr}
10000f42:	480c      	ldr	r0, [pc, #48]	@ (10000f74 <interrupt_service_reset+0x34>)
10000f44:	f003 fc22 	bl	1000478c <__wrap_puts>
10000f48:	2300      	movs	r3, #0
10000f4a:	4d0b      	ldr	r5, [pc, #44]	@ (10000f78 <interrupt_service_reset+0x38>)
10000f4c:	480b      	ldr	r0, [pc, #44]	@ (10000f7c <interrupt_service_reset+0x3c>)
10000f4e:	806b      	strh	r3, [r5, #2]
10000f50:	80ab      	strh	r3, [r5, #4]
10000f52:	80eb      	strh	r3, [r5, #6]
10000f54:	33d0      	adds	r3, #208	@ 0xd0
10000f56:	812b      	strh	r3, [r5, #8]
10000f58:	f7ff fb1a 	bl	10000590 <memory_read>
10000f5c:	0004      	movs	r4, r0
10000f5e:	4808      	ldr	r0, [pc, #32]	@ (10000f80 <interrupt_service_reset+0x40>)
10000f60:	f7ff fb16 	bl	10000590 <memory_read>
10000f64:	0221      	lsls	r1, r4, #8
10000f66:	4301      	orrs	r1, r0
10000f68:	b289      	uxth	r1, r1
10000f6a:	4806      	ldr	r0, [pc, #24]	@ (10000f84 <interrupt_service_reset+0x44>)
10000f6c:	8029      	strh	r1, [r5, #0]
10000f6e:	f003 fc8b 	bl	10004888 <__wrap_printf>
10000f72:	bd70      	pop	{r4, r5, r6, pc}
10000f74:	100052c0 	.word	0x100052c0
10000f78:	2000057c 	.word	0x2000057c
10000f7c:	0000fffe 	.word	0x0000fffe
10000f80:	0000ffff 	.word	0x0000ffff
10000f84:	100052d0 	.word	0x100052d0

10000f88 <interrupt_service_nmi>:
10000f88:	b570      	push	{r4, r5, r6, lr}
10000f8a:	4d13      	ldr	r5, [pc, #76]	@ (10000fd8 <interrupt_service_nmi+0x50>)
10000f8c:	4813      	ldr	r0, [pc, #76]	@ (10000fdc <interrupt_service_nmi+0x54>)
10000f8e:	8829      	ldrh	r1, [r5, #0]
10000f90:	f003 fc7a 	bl	10004888 <__wrap_printf>
10000f94:	8828      	ldrh	r0, [r5, #0]
10000f96:	f7ff fa97 	bl	100004c8 <cpu_push16>
10000f9a:	88a8      	ldrh	r0, [r5, #4]
10000f9c:	f7ff fa94 	bl	100004c8 <cpu_push16>
10000fa0:	78a8      	ldrb	r0, [r5, #2]
10000fa2:	f7ff fa79 	bl	10000498 <cpu_push>
10000fa6:	78e8      	ldrb	r0, [r5, #3]
10000fa8:	f7ff fa76 	bl	10000498 <cpu_push>
10000fac:	7a28      	ldrb	r0, [r5, #8]
10000fae:	f7ff fa73 	bl	10000498 <cpu_push>
10000fb2:	2101      	movs	r1, #1
10000fb4:	2010      	movs	r0, #16
10000fb6:	f7ff fa1f 	bl	100003f8 <cpu_set_flag>
10000fba:	4809      	ldr	r0, [pc, #36]	@ (10000fe0 <interrupt_service_nmi+0x58>)
10000fbc:	f7ff fae8 	bl	10000590 <memory_read>
10000fc0:	0004      	movs	r4, r0
10000fc2:	4808      	ldr	r0, [pc, #32]	@ (10000fe4 <interrupt_service_nmi+0x5c>)
10000fc4:	f7ff fae4 	bl	10000590 <memory_read>
10000fc8:	0221      	lsls	r1, r4, #8
10000fca:	4301      	orrs	r1, r0
10000fcc:	b289      	uxth	r1, r1
10000fce:	4806      	ldr	r0, [pc, #24]	@ (10000fe8 <interrupt_service_nmi+0x60>)
10000fd0:	8029      	strh	r1, [r5, #0]
10000fd2:	f003 fc59 	bl	10004888 <__wrap_printf>
10000fd6:	bd70      	pop	{r4, r5, r6, pc}
10000fd8:	2000057c 	.word	0x2000057c
10000fdc:	100052e8 	.word	0x100052e8
10000fe0:	0000fffc 	.word	0x0000fffc
10000fe4:	0000fffd 	.word	0x0000fffd
10000fe8:	10005304 	.word	0x10005304

10000fec <interrupt_service_irq>:
10000fec:	b570      	push	{r4, r5, r6, lr}
10000fee:	4d13      	ldr	r5, [pc, #76]	@ (1000103c <interrupt_service_irq+0x50>)
10000ff0:	4813      	ldr	r0, [pc, #76]	@ (10001040 <interrupt_service_irq+0x54>)
10000ff2:	8829      	ldrh	r1, [r5, #0]
10000ff4:	f003 fc48 	bl	10004888 <__wrap_printf>
10000ff8:	8828      	ldrh	r0, [r5, #0]
10000ffa:	f7ff fa65 	bl	100004c8 <cpu_push16>
10000ffe:	88a8      	ldrh	r0, [r5, #4]
10001000:	f7ff fa62 	bl	100004c8 <cpu_push16>
10001004:	78a8      	ldrb	r0, [r5, #2]
10001006:	f7ff fa47 	bl	10000498 <cpu_push>
1000100a:	78e8      	ldrb	r0, [r5, #3]
1000100c:	f7ff fa44 	bl	10000498 <cpu_push>
10001010:	7a28      	ldrb	r0, [r5, #8]
10001012:	f7ff fa41 	bl	10000498 <cpu_push>
10001016:	2101      	movs	r1, #1
10001018:	2010      	movs	r0, #16
1000101a:	f7ff f9ed 	bl	100003f8 <cpu_set_flag>
1000101e:	4809      	ldr	r0, [pc, #36]	@ (10001044 <interrupt_service_irq+0x58>)
10001020:	f7ff fab6 	bl	10000590 <memory_read>
10001024:	0004      	movs	r4, r0
10001026:	4808      	ldr	r0, [pc, #32]	@ (10001048 <interrupt_service_irq+0x5c>)
10001028:	f7ff fab2 	bl	10000590 <memory_read>
1000102c:	0221      	lsls	r1, r4, #8
1000102e:	4301      	orrs	r1, r0
10001030:	b289      	uxth	r1, r1
10001032:	4806      	ldr	r0, [pc, #24]	@ (1000104c <interrupt_service_irq+0x60>)
10001034:	8029      	strh	r1, [r5, #0]
10001036:	f003 fc27 	bl	10004888 <__wrap_printf>
1000103a:	bd70      	pop	{r4, r5, r6, pc}
1000103c:	2000057c 	.word	0x2000057c
10001040:	10005318 	.word	0x10005318
10001044:	0000fff8 	.word	0x0000fff8
10001048:	0000fff9 	.word	0x0000fff9
1000104c:	10005334 	.word	0x10005334

10001050 <interrupt_check>:
10001050:	b570      	push	{r4, r5, r6, lr}
10001052:	f7ff fbff 	bl	10000854 <bus_read_irq>
10001056:	0005      	movs	r5, r0
10001058:	f7ff fc06 	bl	10000868 <bus_read_nmi>
1000105c:	0004      	movs	r4, r0
1000105e:	f7ff fc0d 	bl	1000087c <bus_read_reset>
10001062:	4b14      	ldr	r3, [pc, #80]	@ (100010b4 <interrupt_check+0x64>)
10001064:	2800      	cmp	r0, #0
10001066:	d002      	beq.n	1000106e <interrupt_check+0x1e>
10001068:	781a      	ldrb	r2, [r3, #0]
1000106a:	2a00      	cmp	r2, #0
1000106c:	d01d      	beq.n	100010aa <interrupt_check+0x5a>
1000106e:	7018      	strb	r0, [r3, #0]
10001070:	4e11      	ldr	r6, [pc, #68]	@ (100010b8 <interrupt_check+0x68>)
10001072:	4b12      	ldr	r3, [pc, #72]	@ (100010bc <interrupt_check+0x6c>)
10001074:	2c00      	cmp	r4, #0
10001076:	d00a      	beq.n	1000108e <interrupt_check+0x3e>
10001078:	781a      	ldrb	r2, [r3, #0]
1000107a:	2a00      	cmp	r2, #0
1000107c:	d107      	bne.n	1000108e <interrupt_check+0x3e>
1000107e:	3201      	adds	r2, #1
10001080:	7332      	strb	r2, [r6, #12]
10001082:	701a      	strb	r2, [r3, #0]
10001084:	f7ff ff80 	bl	10000f88 <interrupt_service_nmi>
10001088:	2300      	movs	r3, #0
1000108a:	7333      	strb	r3, [r6, #12]
1000108c:	bd70      	pop	{r4, r5, r6, pc}
1000108e:	7b32      	ldrb	r2, [r6, #12]
10001090:	701c      	strb	r4, [r3, #0]
10001092:	2a00      	cmp	r2, #0
10001094:	d1f6      	bne.n	10001084 <interrupt_check+0x34>
10001096:	2d00      	cmp	r5, #0
10001098:	d0f8      	beq.n	1000108c <interrupt_check+0x3c>
1000109a:	2010      	movs	r0, #16
1000109c:	f7ff f9a2 	bl	100003e4 <cpu_get_flag>
100010a0:	2800      	cmp	r0, #0
100010a2:	d1f3      	bne.n	1000108c <interrupt_check+0x3c>
100010a4:	f7ff ffa2 	bl	10000fec <interrupt_service_irq>
100010a8:	e7f0      	b.n	1000108c <interrupt_check+0x3c>
100010aa:	3201      	adds	r2, #1
100010ac:	701a      	strb	r2, [r3, #0]
100010ae:	f7ff ff47 	bl	10000f40 <interrupt_service_reset>
100010b2:	e7eb      	b.n	1000108c <interrupt_check+0x3c>
100010b4:	20008aeb 	.word	0x20008aeb
100010b8:	2000057c 	.word	0x2000057c
100010bc:	20008aea 	.word	0x20008aea

100010c0 <usb_cdc_init>:
100010c0:	b510      	push	{r4, lr}
100010c2:	4802      	ldr	r0, [pc, #8]	@ (100010cc <usb_cdc_init+0xc>)
100010c4:	f003 fb62 	bl	1000478c <__wrap_puts>
100010c8:	bd10      	pop	{r4, pc}
100010ca:	46c0      	nop			@ (mov r8, r8)
100010cc:	10005348 	.word	0x10005348

100010d0 <usb_cdc_task>:
100010d0:	4770      	bx	lr
100010d2:	46c0      	nop			@ (mov r8, r8)

100010d4 <debug_spi_init>:
100010d4:	b510      	push	{r4, lr}
100010d6:	4909      	ldr	r1, [pc, #36]	@ (100010fc <debug_spi_init+0x28>)
100010d8:	4809      	ldr	r0, [pc, #36]	@ (10001100 <debug_spi_init+0x2c>)
100010da:	f003 fe71 	bl	10004dc0 <spi_init>
100010de:	2101      	movs	r1, #1
100010e0:	2012      	movs	r0, #18
100010e2:	f000 f82b 	bl	1000113c <gpio_set_function>
100010e6:	2101      	movs	r1, #1
100010e8:	2013      	movs	r0, #19
100010ea:	f000 f827 	bl	1000113c <gpio_set_function>
100010ee:	2213      	movs	r2, #19
100010f0:	2112      	movs	r1, #18
100010f2:	4804      	ldr	r0, [pc, #16]	@ (10001104 <debug_spi_init+0x30>)
100010f4:	f003 fbc8 	bl	10004888 <__wrap_printf>
100010f8:	bd10      	pop	{r4, pc}
100010fa:	46c0      	nop			@ (mov r8, r8)
100010fc:	000f4240 	.word	0x000f4240
10001100:	4003c000 	.word	0x4003c000
10001104:	10005368 	.word	0x10005368

10001108 <debug_spi_log>:
10001108:	b500      	push	{lr}
1000110a:	4b09      	ldr	r3, [pc, #36]	@ (10001130 <debug_spi_log+0x28>)
1000110c:	b083      	sub	sp, #12
1000110e:	781b      	ldrb	r3, [r3, #0]
10001110:	2b00      	cmp	r3, #0
10001112:	d00b      	beq.n	1000112c <debug_spi_log+0x24>
10001114:	466a      	mov	r2, sp
10001116:	4b07      	ldr	r3, [pc, #28]	@ (10001134 <debug_spi_log+0x2c>)
10001118:	4807      	ldr	r0, [pc, #28]	@ (10001138 <debug_spi_log+0x30>)
1000111a:	881b      	ldrh	r3, [r3, #0]
1000111c:	a901      	add	r1, sp, #4
1000111e:	ba5b      	rev16	r3, r3
10001120:	8093      	strh	r3, [r2, #4]
10001122:	2380      	movs	r3, #128	@ 0x80
10001124:	80d3      	strh	r3, [r2, #6]
10001126:	2204      	movs	r2, #4
10001128:	f003 fed2 	bl	10004ed0 <__spi_write_blocking_veneer>
1000112c:	b003      	add	sp, #12
1000112e:	bd00      	pop	{pc}
10001130:	20000218 	.word	0x20000218
10001134:	2000057c 	.word	0x2000057c
10001138:	4003c000 	.word	0x4003c000

1000113c <gpio_set_function>:
1000113c:	4a09      	ldr	r2, [pc, #36]	@ (10001164 <gpio_set_function+0x28>)
1000113e:	0083      	lsls	r3, r0, #2
10001140:	189a      	adds	r2, r3, r2
10001142:	b510      	push	{r4, lr}
10001144:	6814      	ldr	r4, [r2, #0]
10001146:	2240      	movs	r2, #64	@ 0x40
10001148:	4054      	eors	r4, r2
1000114a:	3280      	adds	r2, #128	@ 0x80
1000114c:	4022      	ands	r2, r4
1000114e:	4c06      	ldr	r4, [pc, #24]	@ (10001168 <gpio_set_function+0x2c>)
10001150:	00c0      	lsls	r0, r0, #3
10001152:	46a4      	mov	ip, r4
10001154:	4463      	add	r3, ip
10001156:	601a      	str	r2, [r3, #0]
10001158:	4b04      	ldr	r3, [pc, #16]	@ (1000116c <gpio_set_function+0x30>)
1000115a:	469c      	mov	ip, r3
1000115c:	4460      	add	r0, ip
1000115e:	6041      	str	r1, [r0, #4]
10001160:	bd10      	pop	{r4, pc}
10001162:	46c0      	nop			@ (mov r8, r8)
10001164:	4001c004 	.word	0x4001c004
10001168:	4001d004 	.word	0x4001d004
1000116c:	40014000 	.word	0x40014000

10001170 <gpio_set_pulls>:
10001170:	4b07      	ldr	r3, [pc, #28]	@ (10001190 <gpio_set_pulls+0x20>)
10001172:	0080      	lsls	r0, r0, #2
10001174:	18c3      	adds	r3, r0, r3
10001176:	681b      	ldr	r3, [r3, #0]
10001178:	00c9      	lsls	r1, r1, #3
1000117a:	0092      	lsls	r2, r2, #2
1000117c:	430a      	orrs	r2, r1
1000117e:	405a      	eors	r2, r3
10001180:	230c      	movs	r3, #12
10001182:	4013      	ands	r3, r2
10001184:	4a03      	ldr	r2, [pc, #12]	@ (10001194 <gpio_set_pulls+0x24>)
10001186:	4694      	mov	ip, r2
10001188:	4460      	add	r0, ip
1000118a:	6003      	str	r3, [r0, #0]
1000118c:	4770      	bx	lr
1000118e:	46c0      	nop			@ (mov r8, r8)
10001190:	4001c004 	.word	0x4001c004
10001194:	4001d004 	.word	0x4001d004

10001198 <gpio_init>:
10001198:	2301      	movs	r3, #1
1000119a:	22d0      	movs	r2, #208	@ 0xd0
1000119c:	4083      	lsls	r3, r0
1000119e:	0612      	lsls	r2, r2, #24
100011a0:	6293      	str	r3, [r2, #40]	@ 0x28
100011a2:	6193      	str	r3, [r2, #24]
100011a4:	4a09      	ldr	r2, [pc, #36]	@ (100011cc <gpio_init+0x34>)
100011a6:	0083      	lsls	r3, r0, #2
100011a8:	189a      	adds	r2, r3, r2
100011aa:	6811      	ldr	r1, [r2, #0]
100011ac:	2240      	movs	r2, #64	@ 0x40
100011ae:	4051      	eors	r1, r2
100011b0:	3280      	adds	r2, #128	@ 0x80
100011b2:	400a      	ands	r2, r1
100011b4:	4906      	ldr	r1, [pc, #24]	@ (100011d0 <gpio_init+0x38>)
100011b6:	00c0      	lsls	r0, r0, #3
100011b8:	468c      	mov	ip, r1
100011ba:	4463      	add	r3, ip
100011bc:	601a      	str	r2, [r3, #0]
100011be:	4b05      	ldr	r3, [pc, #20]	@ (100011d4 <gpio_init+0x3c>)
100011c0:	469c      	mov	ip, r3
100011c2:	2305      	movs	r3, #5
100011c4:	4460      	add	r0, ip
100011c6:	6043      	str	r3, [r0, #4]
100011c8:	4770      	bx	lr
100011ca:	46c0      	nop			@ (mov r8, r8)
100011cc:	4001c004 	.word	0x4001c004
100011d0:	4001d004 	.word	0x4001d004
100011d4:	40014000 	.word	0x40014000

100011d8 <panic>:
100011d8:	b40f      	push	{r0, r1, r2, r3}
100011da:	b500      	push	{lr}
100011dc:	4808      	ldr	r0, [pc, #32]	@ (10001200 <panic+0x28>)
100011de:	b083      	sub	sp, #12
100011e0:	f003 fad4 	bl	1000478c <__wrap_puts>
100011e4:	9b04      	ldr	r3, [sp, #16]
100011e6:	2b00      	cmp	r3, #0
100011e8:	d007      	beq.n	100011fa <panic+0x22>
100011ea:	a905      	add	r1, sp, #20
100011ec:	0018      	movs	r0, r3
100011ee:	9101      	str	r1, [sp, #4]
100011f0:	f003 f96e 	bl	100044d0 <weak_raw_vprintf>
100011f4:	4803      	ldr	r0, [pc, #12]	@ (10001204 <panic+0x2c>)
100011f6:	f003 fac9 	bl	1000478c <__wrap_puts>
100011fa:	2001      	movs	r0, #1
100011fc:	f003 f980 	bl	10004500 <_exit>
10001200:	1000539c 	.word	0x1000539c
10001204:	100053ac 	.word	0x100053ac

10001208 <hw_claim_lock>:
10001208:	f3ef 8010 	mrs	r0, PRIMASK
1000120c:	b672      	cpsid	i
1000120e:	4a03      	ldr	r2, [pc, #12]	@ (1000121c <hw_claim_lock+0x14>)
10001210:	6813      	ldr	r3, [r2, #0]
10001212:	2b00      	cmp	r3, #0
10001214:	d0fc      	beq.n	10001210 <hw_claim_lock+0x8>
10001216:	f3bf 8f5f 	dmb	sy
1000121a:	4770      	bx	lr
1000121c:	d000012c 	.word	0xd000012c

10001220 <hw_claim_unlock>:
10001220:	f3bf 8f5f 	dmb	sy
10001224:	2200      	movs	r2, #0
10001226:	4b02      	ldr	r3, [pc, #8]	@ (10001230 <hw_claim_unlock+0x10>)
10001228:	601a      	str	r2, [r3, #0]
1000122a:	f380 8810 	msr	PRIMASK, r0
1000122e:	4770      	bx	lr
10001230:	d000012c 	.word	0xd000012c

10001234 <hw_claim_or_assert>:
10001234:	b570      	push	{r4, r5, r6, lr}
10001236:	f3ef 8c10 	mrs	ip, PRIMASK
1000123a:	b672      	cpsid	i
1000123c:	4d0d      	ldr	r5, [pc, #52]	@ (10001274 <hw_claim_or_assert+0x40>)
1000123e:	682b      	ldr	r3, [r5, #0]
10001240:	2b00      	cmp	r3, #0
10001242:	d0fc      	beq.n	1000123e <hw_claim_or_assert+0xa>
10001244:	f3bf 8f5f 	dmb	sy
10001248:	2407      	movs	r4, #7
1000124a:	08cb      	lsrs	r3, r1, #3
1000124c:	18c6      	adds	r6, r0, r3
1000124e:	5cc0      	ldrb	r0, [r0, r3]
10001250:	2301      	movs	r3, #1
10001252:	400c      	ands	r4, r1
10001254:	40a3      	lsls	r3, r4
10001256:	001c      	movs	r4, r3
10001258:	4004      	ands	r4, r0
1000125a:	4203      	tst	r3, r0
1000125c:	d107      	bne.n	1000126e <hw_claim_or_assert+0x3a>
1000125e:	4318      	orrs	r0, r3
10001260:	7030      	strb	r0, [r6, #0]
10001262:	f3bf 8f5f 	dmb	sy
10001266:	602c      	str	r4, [r5, #0]
10001268:	f38c 8810 	msr	PRIMASK, ip
1000126c:	bd70      	pop	{r4, r5, r6, pc}
1000126e:	0010      	movs	r0, r2
10001270:	f7ff ffb2 	bl	100011d8 <panic>
10001274:	d000012c 	.word	0xd000012c

10001278 <next_striped_spin_lock_num>:
10001278:	4a04      	ldr	r2, [pc, #16]	@ (1000128c <next_striped_spin_lock_num+0x14>)
1000127a:	7810      	ldrb	r0, [r2, #0]
1000127c:	1c43      	adds	r3, r0, #1
1000127e:	b2db      	uxtb	r3, r3
10001280:	2b17      	cmp	r3, #23
10001282:	d900      	bls.n	10001286 <next_striped_spin_lock_num+0xe>
10001284:	2310      	movs	r3, #16
10001286:	7013      	strb	r3, [r2, #0]
10001288:	4770      	bx	lr
1000128a:	46c0      	nop			@ (mov r8, r8)
1000128c:	20000219 	.word	0x20000219

10001290 <spin_locks_reset>:
10001290:	2100      	movs	r1, #0
10001292:	4b04      	ldr	r3, [pc, #16]	@ (100012a4 <spin_locks_reset+0x14>)
10001294:	4a04      	ldr	r2, [pc, #16]	@ (100012a8 <spin_locks_reset+0x18>)
10001296:	f3bf 8f5f 	dmb	sy
1000129a:	c302      	stmia	r3!, {r1}
1000129c:	4293      	cmp	r3, r2
1000129e:	d1fa      	bne.n	10001296 <spin_locks_reset+0x6>
100012a0:	4770      	bx	lr
100012a2:	46c0      	nop			@ (mov r8, r8)
100012a4:	d0000100 	.word	0xd0000100
100012a8:	d0000180 	.word	0xd0000180

100012ac <runtime_init_per_core_irq_priorities>:
100012ac:	4b05      	ldr	r3, [pc, #20]	@ (100012c4 <runtime_init_per_core_irq_priorities+0x18>)
100012ae:	4a06      	ldr	r2, [pc, #24]	@ (100012c8 <runtime_init_per_core_irq_priorities+0x1c>)
100012b0:	6013      	str	r3, [r2, #0]
100012b2:	4a06      	ldr	r2, [pc, #24]	@ (100012cc <runtime_init_per_core_irq_priorities+0x20>)
100012b4:	6013      	str	r3, [r2, #0]
100012b6:	6053      	str	r3, [r2, #4]
100012b8:	6093      	str	r3, [r2, #8]
100012ba:	60d3      	str	r3, [r2, #12]
100012bc:	6113      	str	r3, [r2, #16]
100012be:	6153      	str	r3, [r2, #20]
100012c0:	6193      	str	r3, [r2, #24]
100012c2:	4770      	bx	lr
100012c4:	80808080 	.word	0x80808080
100012c8:	e000e400 	.word	0xe000e400
100012cc:	e000e404 	.word	0xe000e404

100012d0 <irq_set_enabled>:
100012d0:	231f      	movs	r3, #31
100012d2:	4018      	ands	r0, r3
100012d4:	3b1e      	subs	r3, #30
100012d6:	4083      	lsls	r3, r0
100012d8:	2900      	cmp	r1, #0
100012da:	d005      	beq.n	100012e8 <irq_set_enabled+0x18>
100012dc:	21c0      	movs	r1, #192	@ 0xc0
100012de:	4a04      	ldr	r2, [pc, #16]	@ (100012f0 <irq_set_enabled+0x20>)
100012e0:	0049      	lsls	r1, r1, #1
100012e2:	5053      	str	r3, [r2, r1]
100012e4:	6013      	str	r3, [r2, #0]
100012e6:	4770      	bx	lr
100012e8:	2280      	movs	r2, #128	@ 0x80
100012ea:	4901      	ldr	r1, [pc, #4]	@ (100012f0 <irq_set_enabled+0x20>)
100012ec:	508b      	str	r3, [r1, r2]
100012ee:	e7fa      	b.n	100012e6 <irq_set_enabled+0x16>
100012f0:	e000e100 	.word	0xe000e100

100012f4 <irq_set_exclusive_handler>:
100012f4:	b570      	push	{r4, r5, r6, lr}
100012f6:	000d      	movs	r5, r1
100012f8:	f3ef 8610 	mrs	r6, PRIMASK
100012fc:	b672      	cpsid	i
100012fe:	4a0f      	ldr	r2, [pc, #60]	@ (1000133c <irq_set_exclusive_handler+0x48>)
10001300:	6813      	ldr	r3, [r2, #0]
10001302:	2b00      	cmp	r3, #0
10001304:	d0fc      	beq.n	10001300 <irq_set_exclusive_handler+0xc>
10001306:	f3bf 8f5f 	dmb	sy
1000130a:	4b0d      	ldr	r3, [pc, #52]	@ (10001340 <irq_set_exclusive_handler+0x4c>)
1000130c:	3010      	adds	r0, #16
1000130e:	689b      	ldr	r3, [r3, #8]
10001310:	0084      	lsls	r4, r0, #2
10001312:	591b      	ldr	r3, [r3, r4]
10001314:	4a0b      	ldr	r2, [pc, #44]	@ (10001344 <irq_set_exclusive_handler+0x50>)
10001316:	4293      	cmp	r3, r2
10001318:	d003      	beq.n	10001322 <irq_set_exclusive_handler+0x2e>
1000131a:	429d      	cmp	r5, r3
1000131c:	d001      	beq.n	10001322 <irq_set_exclusive_handler+0x2e>
1000131e:	f000 ff3f 	bl	100021a0 <hard_assertion_failure>
10001322:	4b07      	ldr	r3, [pc, #28]	@ (10001340 <irq_set_exclusive_handler+0x4c>)
10001324:	689b      	ldr	r3, [r3, #8]
10001326:	511d      	str	r5, [r3, r4]
10001328:	f3bf 8f5f 	dmb	sy
1000132c:	f3bf 8f5f 	dmb	sy
10001330:	2200      	movs	r2, #0
10001332:	4b02      	ldr	r3, [pc, #8]	@ (1000133c <irq_set_exclusive_handler+0x48>)
10001334:	601a      	str	r2, [r3, #0]
10001336:	f386 8810 	msr	PRIMASK, r6
1000133a:	bd70      	pop	{r4, r5, r6, pc}
1000133c:	d0000124 	.word	0xd0000124
10001340:	e000ed00 	.word	0xe000ed00
10001344:	100001cd 	.word	0x100001cd

10001348 <irq_remove_handler>:
10001348:	b5f0      	push	{r4, r5, r6, r7, lr}
1000134a:	46de      	mov	lr, fp
1000134c:	4657      	mov	r7, sl
1000134e:	464e      	mov	r6, r9
10001350:	4645      	mov	r5, r8
10001352:	b5e0      	push	{r5, r6, r7, lr}
10001354:	000c      	movs	r4, r1
10001356:	b083      	sub	sp, #12
10001358:	f3ef 8810 	mrs	r8, PRIMASK
1000135c:	b672      	cpsid	i
1000135e:	4a63      	ldr	r2, [pc, #396]	@ (100014ec <irq_remove_handler+0x1a4>)
10001360:	6813      	ldr	r3, [r2, #0]
10001362:	2b00      	cmp	r3, #0
10001364:	d0fc      	beq.n	10001360 <irq_remove_handler+0x18>
10001366:	f3bf 8f5f 	dmb	sy
1000136a:	4b61      	ldr	r3, [pc, #388]	@ (100014f0 <irq_remove_handler+0x1a8>)
1000136c:	4961      	ldr	r1, [pc, #388]	@ (100014f4 <irq_remove_handler+0x1ac>)
1000136e:	689a      	ldr	r2, [r3, #8]
10001370:	0003      	movs	r3, r0
10001372:	3310      	adds	r3, #16
10001374:	009f      	lsls	r7, r3, #2
10001376:	59d5      	ldr	r5, [r2, r7]
10001378:	9301      	str	r3, [sp, #4]
1000137a:	428d      	cmp	r5, r1
1000137c:	d043      	beq.n	10001406 <irq_remove_handler+0xbe>
1000137e:	42a5      	cmp	r5, r4
10001380:	d054      	beq.n	1000142c <irq_remove_handler+0xe4>
10001382:	4e5d      	ldr	r6, [pc, #372]	@ (100014f8 <irq_remove_handler+0x1b0>)
10001384:	1baa      	subs	r2, r5, r6
10001386:	2a2f      	cmp	r2, #47	@ 0x2f
10001388:	d83d      	bhi.n	10001406 <irq_remove_handler+0xbe>
1000138a:	4b5c      	ldr	r3, [pc, #368]	@ (100014fc <irq_remove_handler+0x1b4>)
1000138c:	469b      	mov	fp, r3
1000138e:	681b      	ldr	r3, [r3, #0]
10001390:	4699      	mov	r9, r3
10001392:	2301      	movs	r3, #1
10001394:	001a      	movs	r2, r3
10001396:	469c      	mov	ip, r3
10001398:	4082      	lsls	r2, r0
1000139a:	464b      	mov	r3, r9
1000139c:	4013      	ands	r3, r2
1000139e:	221f      	movs	r2, #31
100013a0:	4699      	mov	r9, r3
100013a2:	4663      	mov	r3, ip
100013a4:	4002      	ands	r2, r0
100013a6:	4093      	lsls	r3, r2
100013a8:	469a      	mov	sl, r3
100013aa:	2280      	movs	r2, #128	@ 0x80
100013ac:	465b      	mov	r3, fp
100013ae:	4650      	mov	r0, sl
100013b0:	5098      	str	r0, [r3, r2]
100013b2:	f3bf 8f5f 	dmb	sy
100013b6:	f3ef 8305 	mrs	r3, IPSR
100013ba:	469b      	mov	fp, r3
100013bc:	2b00      	cmp	r3, #0
100013be:	d037      	beq.n	10001430 <irq_remove_handler+0xe8>
100013c0:	9b01      	ldr	r3, [sp, #4]
100013c2:	455b      	cmp	r3, fp
100013c4:	d001      	beq.n	100013ca <irq_remove_handler+0x82>
100013c6:	f000 feeb 	bl	100021a0 <hard_assertion_failure>
100013ca:	2301      	movs	r3, #1
100013cc:	002a      	movs	r2, r5
100013ce:	439a      	bics	r2, r3
100013d0:	6890      	ldr	r0, [r2, #8]
100013d2:	4284      	cmp	r4, r0
100013d4:	d108      	bne.n	100013e8 <irq_remove_handler+0xa0>
100013d6:	e076      	b.n	100014c6 <irq_remove_handler+0x17e>
100013d8:	004b      	lsls	r3, r1, #1
100013da:	185b      	adds	r3, r3, r1
100013dc:	009b      	lsls	r3, r3, #2
100013de:	18f3      	adds	r3, r6, r3
100013e0:	6898      	ldr	r0, [r3, #8]
100013e2:	4284      	cmp	r4, r0
100013e4:	d036      	beq.n	10001454 <irq_remove_handler+0x10c>
100013e6:	001a      	movs	r2, r3
100013e8:	2106      	movs	r1, #6
100013ea:	5651      	ldrsb	r1, [r2, r1]
100013ec:	2900      	cmp	r1, #0
100013ee:	daf3      	bge.n	100013d8 <irq_remove_handler+0x90>
100013f0:	4284      	cmp	r4, r0
100013f2:	d054      	beq.n	1000149e <irq_remove_handler+0x156>
100013f4:	464b      	mov	r3, r9
100013f6:	2b00      	cmp	r3, #0
100013f8:	d027      	beq.n	1000144a <irq_remove_handler+0x102>
100013fa:	22c0      	movs	r2, #192	@ 0xc0
100013fc:	4651      	mov	r1, sl
100013fe:	4b3f      	ldr	r3, [pc, #252]	@ (100014fc <irq_remove_handler+0x1b4>)
10001400:	0052      	lsls	r2, r2, #1
10001402:	5099      	str	r1, [r3, r2]
10001404:	6019      	str	r1, [r3, #0]
10001406:	4b3a      	ldr	r3, [pc, #232]	@ (100014f0 <irq_remove_handler+0x1a8>)
10001408:	689b      	ldr	r3, [r3, #8]
1000140a:	51dd      	str	r5, [r3, r7]
1000140c:	f3bf 8f5f 	dmb	sy
10001410:	f3bf 8f5f 	dmb	sy
10001414:	2200      	movs	r2, #0
10001416:	4b35      	ldr	r3, [pc, #212]	@ (100014ec <irq_remove_handler+0x1a4>)
10001418:	601a      	str	r2, [r3, #0]
1000141a:	f388 8810 	msr	PRIMASK, r8
1000141e:	b003      	add	sp, #12
10001420:	bcf0      	pop	{r4, r5, r6, r7}
10001422:	46bb      	mov	fp, r7
10001424:	46b2      	mov	sl, r6
10001426:	46a9      	mov	r9, r5
10001428:	46a0      	mov	r8, r4
1000142a:	bdf0      	pop	{r4, r5, r6, r7, pc}
1000142c:	000d      	movs	r5, r1
1000142e:	e7ea      	b.n	10001406 <irq_remove_handler+0xbe>
10001430:	002a      	movs	r2, r5
10001432:	4663      	mov	r3, ip
10001434:	439a      	bics	r2, r3
10001436:	6890      	ldr	r0, [r2, #8]
10001438:	4284      	cmp	r4, r0
1000143a:	d1d5      	bne.n	100013e8 <irq_remove_handler+0xa0>
1000143c:	2006      	movs	r0, #6
1000143e:	5610      	ldrsb	r0, [r2, r0]
10001440:	0013      	movs	r3, r2
10001442:	2800      	cmp	r0, #0
10001444:	da0a      	bge.n	1000145c <irq_remove_handler+0x114>
10001446:	000d      	movs	r5, r1
10001448:	e031      	b.n	100014ae <irq_remove_handler+0x166>
1000144a:	2380      	movs	r3, #128	@ 0x80
1000144c:	4651      	mov	r1, sl
1000144e:	4a2b      	ldr	r2, [pc, #172]	@ (100014fc <irq_remove_handler+0x1b4>)
10001450:	50d1      	str	r1, [r2, r3]
10001452:	e7d8      	b.n	10001406 <irq_remove_handler+0xbe>
10001454:	2006      	movs	r0, #6
10001456:	5618      	ldrsb	r0, [r3, r0]
10001458:	2800      	cmp	r0, #0
1000145a:	db21      	blt.n	100014a0 <irq_remove_handler+0x158>
1000145c:	0042      	lsls	r2, r0, #1
1000145e:	1811      	adds	r1, r2, r0
10001460:	0089      	lsls	r1, r1, #2
10001462:	1874      	adds	r4, r6, r1
10001464:	468b      	mov	fp, r1
10001466:	68a1      	ldr	r1, [r4, #8]
10001468:	6099      	str	r1, [r3, #8]
1000146a:	79e1      	ldrb	r1, [r4, #7]
1000146c:	71d9      	strb	r1, [r3, #7]
1000146e:	2106      	movs	r1, #6
10001470:	5661      	ldrsb	r1, [r4, r1]
10001472:	7199      	strb	r1, [r3, #6]
10001474:	2900      	cmp	r1, #0
10001476:	db24      	blt.n	100014c2 <irq_remove_handler+0x17a>
10001478:	88a4      	ldrh	r4, [r4, #4]
1000147a:	1af1      	subs	r1, r6, r3
1000147c:	0564      	lsls	r4, r4, #21
1000147e:	1524      	asrs	r4, r4, #20
10001480:	445c      	add	r4, fp
10001482:	1909      	adds	r1, r1, r4
10001484:	0509      	lsls	r1, r1, #20
10001486:	4c1e      	ldr	r4, [pc, #120]	@ (10001500 <irq_remove_handler+0x1b8>)
10001488:	0d49      	lsrs	r1, r1, #21
1000148a:	4321      	orrs	r1, r4
1000148c:	8099      	strh	r1, [r3, #4]
1000148e:	1813      	adds	r3, r2, r0
10001490:	4a1c      	ldr	r2, [pc, #112]	@ (10001504 <irq_remove_handler+0x1bc>)
10001492:	009b      	lsls	r3, r3, #2
10001494:	7811      	ldrb	r1, [r2, #0]
10001496:	18f3      	adds	r3, r6, r3
10001498:	7199      	strb	r1, [r3, #6]
1000149a:	7010      	strb	r0, [r2, #0]
1000149c:	e7aa      	b.n	100013f4 <irq_remove_handler+0xac>
1000149e:	0013      	movs	r3, r2
100014a0:	4659      	mov	r1, fp
100014a2:	2900      	cmp	r1, #0
100014a4:	d114      	bne.n	100014d0 <irq_remove_handler+0x188>
100014a6:	31ff      	adds	r1, #255	@ 0xff
100014a8:	7191      	strb	r1, [r2, #6]
100014aa:	4917      	ldr	r1, [pc, #92]	@ (10001508 <irq_remove_handler+0x1c0>)
100014ac:	8091      	strh	r1, [r2, #4]
100014ae:	4915      	ldr	r1, [pc, #84]	@ (10001504 <irq_remove_handler+0x1bc>)
100014b0:	780a      	ldrb	r2, [r1, #0]
100014b2:	719a      	strb	r2, [r3, #6]
100014b4:	4a15      	ldr	r2, [pc, #84]	@ (1000150c <irq_remove_handler+0x1c4>)
100014b6:	1b9b      	subs	r3, r3, r6
100014b8:	415b      	adcs	r3, r3
100014ba:	435a      	muls	r2, r3
100014bc:	0d12      	lsrs	r2, r2, #20
100014be:	700a      	strb	r2, [r1, #0]
100014c0:	e798      	b.n	100013f4 <irq_remove_handler+0xac>
100014c2:	4911      	ldr	r1, [pc, #68]	@ (10001508 <irq_remove_handler+0x1c0>)
100014c4:	e7e2      	b.n	1000148c <irq_remove_handler+0x144>
100014c6:	2006      	movs	r0, #6
100014c8:	5610      	ldrsb	r0, [r2, r0]
100014ca:	0013      	movs	r3, r2
100014cc:	2800      	cmp	r0, #0
100014ce:	dac5      	bge.n	1000145c <irq_remove_handler+0x114>
100014d0:	4a0f      	ldr	r2, [pc, #60]	@ (10001510 <irq_remove_handler+0x1c8>)
100014d2:	4910      	ldr	r1, [pc, #64]	@ (10001514 <irq_remove_handler+0x1cc>)
100014d4:	1ad2      	subs	r2, r2, r3
100014d6:	3a08      	subs	r2, #8
100014d8:	0250      	lsls	r0, r2, #9
100014da:	0d40      	lsrs	r0, r0, #21
100014dc:	4301      	orrs	r1, r0
100014de:	8099      	strh	r1, [r3, #4]
100014e0:	490d      	ldr	r1, [pc, #52]	@ (10001518 <irq_remove_handler+0x1d0>)
100014e2:	0852      	lsrs	r2, r2, #1
100014e4:	430a      	orrs	r2, r1
100014e6:	80da      	strh	r2, [r3, #6]
100014e8:	e784      	b.n	100013f4 <irq_remove_handler+0xac>
100014ea:	46c0      	nop			@ (mov r8, r8)
100014ec:	d0000124 	.word	0xd0000124
100014f0:	e000ed00 	.word	0xe000ed00
100014f4:	100001cd 	.word	0x100001cd
100014f8:	2000021c 	.word	0x2000021c
100014fc:	e000e100 	.word	0xe000e100
10001500:	ffffe000 	.word	0xffffe000
10001504:	20008ae8 	.word	0x20008ae8
10001508:	ffffbd01 	.word	0xffffbd01
1000150c:	0000aaaa 	.word	0x0000aaaa
10001510:	20000256 	.word	0x20000256
10001514:	fffff000 	.word	0xfffff000
10001518:	fffff800 	.word	0xfffff800

1000151c <irq_add_tail_to_free_list>:
1000151c:	b5f0      	push	{r4, r5, r6, r7, lr}
1000151e:	46c6      	mov	lr, r8
10001520:	2601      	movs	r6, #1
10001522:	b500      	push	{lr}
10001524:	4306      	orrs	r6, r0
10001526:	f3ef 8405 	mrs	r4, IPSR
1000152a:	f3ef 8c10 	mrs	ip, PRIMASK
1000152e:	b672      	cpsid	i
10001530:	4a1c      	ldr	r2, [pc, #112]	@ (100015a4 <irq_add_tail_to_free_list+0x88>)
10001532:	6813      	ldr	r3, [r2, #0]
10001534:	2b00      	cmp	r3, #0
10001536:	d0fc      	beq.n	10001532 <irq_add_tail_to_free_list+0x16>
10001538:	f3bf 8f5f 	dmb	sy
1000153c:	4f1a      	ldr	r7, [pc, #104]	@ (100015a8 <irq_add_tail_to_free_list+0x8c>)
1000153e:	00a4      	lsls	r4, r4, #2
10001540:	68bb      	ldr	r3, [r7, #8]
10001542:	4d1a      	ldr	r5, [pc, #104]	@ (100015ac <irq_add_tail_to_free_list+0x90>)
10001544:	591b      	ldr	r3, [r3, r4]
10001546:	0002      	movs	r2, r0
10001548:	4698      	mov	r8, r3
1000154a:	4919      	ldr	r1, [pc, #100]	@ (100015b0 <irq_add_tail_to_free_list+0x94>)
1000154c:	2300      	movs	r3, #0
1000154e:	1b52      	subs	r2, r2, r5
10001550:	4152      	adcs	r2, r2
10001552:	4351      	muls	r1, r2
10001554:	0d09      	lsrs	r1, r1, #20
10001556:	002a      	movs	r2, r5
10001558:	b249      	sxtb	r1, r1
1000155a:	45b0      	cmp	r8, r6
1000155c:	d015      	beq.n	1000158a <irq_add_tail_to_free_list+0x6e>
1000155e:	2406      	movs	r4, #6
10001560:	5714      	ldrsb	r4, [r2, r4]
10001562:	428c      	cmp	r4, r1
10001564:	d015      	beq.n	10001592 <irq_add_tail_to_free_list+0x76>
10001566:	3301      	adds	r3, #1
10001568:	320c      	adds	r2, #12
1000156a:	2b04      	cmp	r3, #4
1000156c:	d1f7      	bne.n	1000155e <irq_add_tail_to_free_list+0x42>
1000156e:	4b11      	ldr	r3, [pc, #68]	@ (100015b4 <irq_add_tail_to_free_list+0x98>)
10001570:	781a      	ldrb	r2, [r3, #0]
10001572:	7019      	strb	r1, [r3, #0]
10001574:	7182      	strb	r2, [r0, #6]
10001576:	f3bf 8f5f 	dmb	sy
1000157a:	2200      	movs	r2, #0
1000157c:	4b09      	ldr	r3, [pc, #36]	@ (100015a4 <irq_add_tail_to_free_list+0x88>)
1000157e:	601a      	str	r2, [r3, #0]
10001580:	f38c 8810 	msr	PRIMASK, ip
10001584:	bc80      	pop	{r7}
10001586:	46b8      	mov	r8, r7
10001588:	bdf0      	pop	{r4, r5, r6, r7, pc}
1000158a:	68bb      	ldr	r3, [r7, #8]
1000158c:	4a0a      	ldr	r2, [pc, #40]	@ (100015b8 <irq_add_tail_to_free_list+0x9c>)
1000158e:	511a      	str	r2, [r3, r4]
10001590:	e7ed      	b.n	1000156e <irq_add_tail_to_free_list+0x52>
10001592:	005a      	lsls	r2, r3, #1
10001594:	18d3      	adds	r3, r2, r3
10001596:	009b      	lsls	r3, r3, #2
10001598:	18ed      	adds	r5, r5, r3
1000159a:	23ff      	movs	r3, #255	@ 0xff
1000159c:	71ab      	strb	r3, [r5, #6]
1000159e:	4b07      	ldr	r3, [pc, #28]	@ (100015bc <irq_add_tail_to_free_list+0xa0>)
100015a0:	80ab      	strh	r3, [r5, #4]
100015a2:	e7e4      	b.n	1000156e <irq_add_tail_to_free_list+0x52>
100015a4:	d0000124 	.word	0xd0000124
100015a8:	e000ed00 	.word	0xe000ed00
100015ac:	2000021c 	.word	0x2000021c
100015b0:	0000aaaa 	.word	0x0000aaaa
100015b4:	20008ae8 	.word	0x20008ae8
100015b8:	100001cd 	.word	0x100001cd
100015bc:	ffffbd01 	.word	0xffffbd01

100015c0 <lock_init>:
100015c0:	4b02      	ldr	r3, [pc, #8]	@ (100015cc <lock_init+0xc>)
100015c2:	469c      	mov	ip, r3
100015c4:	4461      	add	r1, ip
100015c6:	0089      	lsls	r1, r1, #2
100015c8:	6001      	str	r1, [r0, #0]
100015ca:	4770      	bx	lr
100015cc:	34000040 	.word	0x34000040

100015d0 <runtime_init_mutex>:
100015d0:	b570      	push	{r4, r5, r6, lr}
100015d2:	4c11      	ldr	r4, [pc, #68]	@ (10001618 <runtime_init_mutex+0x48>)
100015d4:	4d11      	ldr	r5, [pc, #68]	@ (1000161c <runtime_init_mutex+0x4c>)
100015d6:	42ac      	cmp	r4, r5
100015d8:	d21c      	bcs.n	10001614 <runtime_init_mutex+0x44>
100015da:	26ff      	movs	r6, #255	@ 0xff
100015dc:	e00b      	b.n	100015f6 <runtime_init_mutex+0x26>
100015de:	f7ff fe4b 	bl	10001278 <next_striped_spin_lock_num>
100015e2:	0001      	movs	r1, r0
100015e4:	0020      	movs	r0, r4
100015e6:	f7ff ffeb 	bl	100015c0 <lock_init>
100015ea:	80a6      	strh	r6, [r4, #4]
100015ec:	f3bf 8f5f 	dmb	sy
100015f0:	3408      	adds	r4, #8
100015f2:	42ac      	cmp	r4, r5
100015f4:	d20e      	bcs.n	10001614 <runtime_init_mutex+0x44>
100015f6:	6823      	ldr	r3, [r4, #0]
100015f8:	2b00      	cmp	r3, #0
100015fa:	d1f0      	bne.n	100015de <runtime_init_mutex+0xe>
100015fc:	f7ff fe3c 	bl	10001278 <next_striped_spin_lock_num>
10001600:	0001      	movs	r1, r0
10001602:	0020      	movs	r0, r4
10001604:	f7ff ffdc 	bl	100015c0 <lock_init>
10001608:	7126      	strb	r6, [r4, #4]
1000160a:	f3bf 8f5f 	dmb	sy
1000160e:	3408      	adds	r4, #8
10001610:	42ac      	cmp	r4, r5
10001612:	d3f0      	bcc.n	100015f6 <runtime_init_mutex+0x26>
10001614:	bd70      	pop	{r4, r5, r6, pc}
10001616:	46c0      	nop			@ (mov r8, r8)
10001618:	200002b8 	.word	0x200002b8
1000161c:	200002c0 	.word	0x200002c0

10001620 <sleep_until_callback>:
10001620:	4b0a      	ldr	r3, [pc, #40]	@ (1000164c <sleep_until_callback+0x2c>)
10001622:	6819      	ldr	r1, [r3, #0]
10001624:	f3ef 8010 	mrs	r0, PRIMASK
10001628:	b672      	cpsid	i
1000162a:	680a      	ldr	r2, [r1, #0]
1000162c:	2a00      	cmp	r2, #0
1000162e:	d0fc      	beq.n	1000162a <sleep_until_callback+0xa>
10001630:	f3bf 8f5f 	dmb	sy
10001634:	681b      	ldr	r3, [r3, #0]
10001636:	f3bf 8f5f 	dmb	sy
1000163a:	2200      	movs	r2, #0
1000163c:	601a      	str	r2, [r3, #0]
1000163e:	f380 8810 	msr	PRIMASK, r0
10001642:	bf40      	sev
10001644:	2000      	movs	r0, #0
10001646:	2100      	movs	r1, #0
10001648:	4770      	bx	lr
1000164a:	46c0      	nop			@ (mov r8, r8)
1000164c:	20008adc 	.word	0x20008adc

10001650 <alarm_pool_irq_handler>:
10001650:	b5f0      	push	{r4, r5, r6, r7, lr}
10001652:	46de      	mov	lr, fp
10001654:	4657      	mov	r7, sl
10001656:	464e      	mov	r6, r9
10001658:	4645      	mov	r5, r8
1000165a:	b5e0      	push	{r5, r6, r7, lr}
1000165c:	b087      	sub	sp, #28
1000165e:	f3ef 8305 	mrs	r3, IPSR
10001662:	2203      	movs	r2, #3
10001664:	2501      	movs	r5, #1
10001666:	401a      	ands	r2, r3
10001668:	4095      	lsls	r5, r2
1000166a:	0091      	lsls	r1, r2, #2
1000166c:	468b      	mov	fp, r1
1000166e:	4bb0      	ldr	r3, [pc, #704]	@ (10001930 <alarm_pool_irq_handler+0x2e0>)
10001670:	9203      	str	r2, [sp, #12]
10001672:	585c      	ldr	r4, [r3, r1]
10001674:	4baf      	ldr	r3, [pc, #700]	@ (10001934 <alarm_pool_irq_handler+0x2e4>)
10001676:	9502      	str	r5, [sp, #8]
10001678:	601d      	str	r5, [r3, #0]
1000167a:	4baf      	ldr	r3, [pc, #700]	@ (10001938 <alarm_pool_irq_handler+0x2e8>)
1000167c:	9304      	str	r3, [sp, #16]
1000167e:	9b02      	ldr	r3, [sp, #8]
10001680:	48ae      	ldr	r0, [pc, #696]	@ (1000193c <alarm_pool_irq_handler+0x2ec>)
10001682:	6343      	str	r3, [r0, #52]	@ 0x34
10001684:	2308      	movs	r3, #8
10001686:	5ee5      	ldrsh	r5, [r4, r3]
10001688:	2d00      	cmp	r5, #0
1000168a:	da38      	bge.n	100016fe <alarm_pool_irq_handler+0xae>
1000168c:	88a3      	ldrh	r3, [r4, #4]
1000168e:	b21b      	sxth	r3, r3
10001690:	2b00      	cmp	r3, #0
10001692:	db00      	blt.n	10001696 <alarm_pool_irq_handler+0x46>
10001694:	e0ae      	b.n	100017f4 <alarm_pool_irq_handler+0x1a4>
10001696:	79a3      	ldrb	r3, [r4, #6]
10001698:	2b00      	cmp	r3, #0
1000169a:	d000      	beq.n	1000169e <alarm_pool_irq_handler+0x4e>
1000169c:	e0ef      	b.n	1000187e <alarm_pool_irq_handler+0x22e>
1000169e:	2308      	movs	r3, #8
100016a0:	5ee1      	ldrsh	r1, [r4, r3]
100016a2:	2900      	cmp	r1, #0
100016a4:	db21      	blt.n	100016ea <alarm_pool_irq_handler+0x9a>
100016a6:	004b      	lsls	r3, r1, #1
100016a8:	6962      	ldr	r2, [r4, #20]
100016aa:	185b      	adds	r3, r3, r1
100016ac:	00db      	lsls	r3, r3, #3
100016ae:	18d3      	adds	r3, r2, r3
100016b0:	689e      	ldr	r6, [r3, #8]
100016b2:	68dd      	ldr	r5, [r3, #12]
100016b4:	1c73      	adds	r3, r6, #1
100016b6:	d101      	bne.n	100016bc <alarm_pool_irq_handler+0x6c>
100016b8:	1c6b      	adds	r3, r5, #1
100016ba:	d00e      	beq.n	100016da <alarm_pool_irq_handler+0x8a>
100016bc:	489f      	ldr	r0, [pc, #636]	@ (1000193c <alarm_pool_irq_handler+0x2ec>)
100016be:	0001      	movs	r1, r0
100016c0:	4459      	add	r1, fp
100016c2:	6a82      	ldr	r2, [r0, #40]	@ 0x28
100016c4:	690b      	ldr	r3, [r1, #16]
100016c6:	1ab7      	subs	r7, r6, r2
100016c8:	1a9b      	subs	r3, r3, r2
100016ca:	429f      	cmp	r7, r3
100016cc:	d315      	bcc.n	100016fa <alarm_pool_irq_handler+0xaa>
100016ce:	2301      	movs	r3, #1
100016d0:	6a02      	ldr	r2, [r0, #32]
100016d2:	9803      	ldr	r0, [sp, #12]
100016d4:	4083      	lsls	r3, r0
100016d6:	421a      	tst	r2, r3
100016d8:	d00f      	beq.n	100016fa <alarm_pool_irq_handler+0xaa>
100016da:	4898      	ldr	r0, [pc, #608]	@ (1000193c <alarm_pool_irq_handler+0x2ec>)
100016dc:	f000 fb34 	bl	10001d48 <timer_time_us_64>
100016e0:	428d      	cmp	r5, r1
100016e2:	dc02      	bgt.n	100016ea <alarm_pool_irq_handler+0x9a>
100016e4:	d1cb      	bne.n	1000167e <alarm_pool_irq_handler+0x2e>
100016e6:	4286      	cmp	r6, r0
100016e8:	d9c9      	bls.n	1000167e <alarm_pool_irq_handler+0x2e>
100016ea:	bf40      	sev
100016ec:	b007      	add	sp, #28
100016ee:	bcf0      	pop	{r4, r5, r6, r7}
100016f0:	46bb      	mov	fp, r7
100016f2:	46b2      	mov	sl, r6
100016f4:	46a9      	mov	r9, r5
100016f6:	46a0      	mov	r8, r4
100016f8:	bdf0      	pop	{r4, r5, r6, r7, pc}
100016fa:	610e      	str	r6, [r1, #16]
100016fc:	e7ed      	b.n	100016da <alarm_pool_irq_handler+0x8a>
100016fe:	6962      	ldr	r2, [r4, #20]
10001700:	006b      	lsls	r3, r5, #1
10001702:	4690      	mov	r8, r2
10001704:	195b      	adds	r3, r3, r5
10001706:	00db      	lsls	r3, r3, #3
10001708:	4498      	add	r8, r3
1000170a:	4643      	mov	r3, r8
1000170c:	689e      	ldr	r6, [r3, #8]
1000170e:	68df      	ldr	r7, [r3, #12]
10001710:	f000 fb1a 	bl	10001d48 <timer_time_us_64>
10001714:	428f      	cmp	r7, r1
10001716:	dcb9      	bgt.n	1000168c <alarm_pool_irq_handler+0x3c>
10001718:	d100      	bne.n	1000171c <alarm_pool_irq_handler+0xcc>
1000171a:	e0fb      	b.n	10001914 <alarm_pool_irq_handler+0x2c4>
1000171c:	2f00      	cmp	r7, #0
1000171e:	da00      	bge.n	10001722 <alarm_pool_irq_handler+0xd2>
10001720:	e0e0      	b.n	100018e4 <alarm_pool_irq_handler+0x294>
10001722:	4642      	mov	r2, r8
10001724:	4643      	mov	r3, r8
10001726:	6952      	ldr	r2, [r2, #20]
10001728:	691b      	ldr	r3, [r3, #16]
1000172a:	4691      	mov	r9, r2
1000172c:	9a04      	ldr	r2, [sp, #16]
1000172e:	4293      	cmp	r3, r2
10001730:	d100      	bne.n	10001734 <alarm_pool_irq_handler+0xe4>
10001732:	e0d1      	b.n	100018d8 <alarm_pool_irq_handler+0x288>
10001734:	4642      	mov	r2, r8
10001736:	2108      	movs	r1, #8
10001738:	5e60      	ldrsh	r0, [r4, r1]
1000173a:	8852      	ldrh	r2, [r2, #2]
1000173c:	0400      	lsls	r0, r0, #16
1000173e:	4649      	mov	r1, r9
10001740:	4310      	orrs	r0, r2
10001742:	4798      	blx	r3
10001744:	9000      	str	r0, [sp, #0]
10001746:	9101      	str	r1, [sp, #4]
10001748:	9900      	ldr	r1, [sp, #0]
1000174a:	9a01      	ldr	r2, [sp, #4]
1000174c:	000b      	movs	r3, r1
1000174e:	0010      	movs	r0, r2
10001750:	4313      	orrs	r3, r2
10001752:	d100      	bne.n	10001756 <alarm_pool_irq_handler+0x106>
10001754:	e0c6      	b.n	100018e4 <alarm_pool_irq_handler+0x294>
10001756:	0013      	movs	r3, r2
10001758:	000a      	movs	r2, r1
1000175a:	1ab6      	subs	r6, r6, r2
1000175c:	419f      	sbcs	r7, r3
1000175e:	2800      	cmp	r0, #0
10001760:	db06      	blt.n	10001770 <alarm_pool_irq_handler+0x120>
10001762:	4876      	ldr	r0, [pc, #472]	@ (1000193c <alarm_pool_irq_handler+0x2ec>)
10001764:	f000 faf0 	bl	10001d48 <timer_time_us_64>
10001768:	9e00      	ldr	r6, [sp, #0]
1000176a:	9f01      	ldr	r7, [sp, #4]
1000176c:	1836      	adds	r6, r6, r0
1000176e:	414f      	adcs	r7, r1
10001770:	4643      	mov	r3, r8
10001772:	609e      	str	r6, [r3, #8]
10001774:	60df      	str	r7, [r3, #12]
10001776:	2200      	movs	r2, #0
10001778:	5e9a      	ldrsh	r2, [r3, r2]
1000177a:	2a00      	cmp	r2, #0
1000177c:	da00      	bge.n	10001780 <alarm_pool_irq_handler+0x130>
1000177e:	e785      	b.n	1000168c <alarm_pool_irq_handler+0x3c>
10001780:	0053      	lsls	r3, r2, #1
10001782:	1899      	adds	r1, r3, r2
10001784:	6960      	ldr	r0, [r4, #20]
10001786:	00c9      	lsls	r1, r1, #3
10001788:	1841      	adds	r1, r0, r1
1000178a:	469a      	mov	sl, r3
1000178c:	688b      	ldr	r3, [r1, #8]
1000178e:	68c9      	ldr	r1, [r1, #12]
10001790:	4699      	mov	r9, r3
10001792:	42b9      	cmp	r1, r7
10001794:	dd00      	ble.n	10001798 <alarm_pool_irq_handler+0x148>
10001796:	e779      	b.n	1000168c <alarm_pool_irq_handler+0x3c>
10001798:	d102      	bne.n	100017a0 <alarm_pool_irq_handler+0x150>
1000179a:	42b3      	cmp	r3, r6
1000179c:	d900      	bls.n	100017a0 <alarm_pool_irq_handler+0x150>
1000179e:	e775      	b.n	1000168c <alarm_pool_irq_handler+0x3c>
100017a0:	2308      	movs	r3, #8
100017a2:	469c      	mov	ip, r3
100017a4:	44a4      	add	ip, r4
100017a6:	9505      	str	r5, [sp, #20]
100017a8:	4665      	mov	r5, ip
100017aa:	8122      	strh	r2, [r4, #8]
100017ac:	46a4      	mov	ip, r4
100017ae:	4653      	mov	r3, sl
100017b0:	002c      	movs	r4, r5
100017b2:	e006      	b.n	100017c2 <alarm_pool_irq_handler+0x172>
100017b4:	0053      	lsls	r3, r2, #1
100017b6:	1899      	adds	r1, r3, r2
100017b8:	00c9      	lsls	r1, r1, #3
100017ba:	1841      	adds	r1, r0, r1
100017bc:	688d      	ldr	r5, [r1, #8]
100017be:	68c9      	ldr	r1, [r1, #12]
100017c0:	46a9      	mov	r9, r5
100017c2:	189b      	adds	r3, r3, r2
100017c4:	00db      	lsls	r3, r3, #3
100017c6:	18c3      	adds	r3, r0, r3
100017c8:	42b9      	cmp	r1, r7
100017ca:	dc06      	bgt.n	100017da <alarm_pool_irq_handler+0x18a>
100017cc:	d100      	bne.n	100017d0 <alarm_pool_irq_handler+0x180>
100017ce:	e0ab      	b.n	10001928 <alarm_pool_irq_handler+0x2d8>
100017d0:	001c      	movs	r4, r3
100017d2:	2300      	movs	r3, #0
100017d4:	5ee2      	ldrsh	r2, [r4, r3]
100017d6:	2a00      	cmp	r2, #0
100017d8:	daec      	bge.n	100017b4 <alarm_pool_irq_handler+0x164>
100017da:	0023      	movs	r3, r4
100017dc:	4664      	mov	r4, ip
100017de:	469c      	mov	ip, r3
100017e0:	4643      	mov	r3, r8
100017e2:	801a      	strh	r2, [r3, #0]
100017e4:	4663      	mov	r3, ip
100017e6:	9d05      	ldr	r5, [sp, #20]
100017e8:	801d      	strh	r5, [r3, #0]
100017ea:	88a3      	ldrh	r3, [r4, #4]
100017ec:	b21b      	sxth	r3, r3
100017ee:	2b00      	cmp	r3, #0
100017f0:	da00      	bge.n	100017f4 <alarm_pool_irq_handler+0x1a4>
100017f2:	e750      	b.n	10001696 <alarm_pool_irq_handler+0x46>
100017f4:	6922      	ldr	r2, [r4, #16]
100017f6:	f3ef 8110 	mrs	r1, PRIMASK
100017fa:	b672      	cpsid	i
100017fc:	6813      	ldr	r3, [r2, #0]
100017fe:	2b00      	cmp	r3, #0
10001800:	d0fc      	beq.n	100017fc <alarm_pool_irq_handler+0x1ac>
10001802:	f3bf 8f5f 	dmb	sy
10001806:	2301      	movs	r3, #1
10001808:	88a7      	ldrh	r7, [r4, #4]
1000180a:	425b      	negs	r3, r3
1000180c:	80a3      	strh	r3, [r4, #4]
1000180e:	b23f      	sxth	r7, r7
10001810:	6923      	ldr	r3, [r4, #16]
10001812:	f3bf 8f5f 	dmb	sy
10001816:	2200      	movs	r2, #0
10001818:	601a      	str	r2, [r3, #0]
1000181a:	f381 8810 	msr	PRIMASK, r1
1000181e:	2f00      	cmp	r7, #0
10001820:	da00      	bge.n	10001824 <alarm_pool_irq_handler+0x1d4>
10001822:	e738      	b.n	10001696 <alarm_pool_irq_handler+0x46>
10001824:	0023      	movs	r3, r4
10001826:	3308      	adds	r3, #8
10001828:	0022      	movs	r2, r4
1000182a:	4698      	mov	r8, r3
1000182c:	6966      	ldr	r6, [r4, #20]
1000182e:	007b      	lsls	r3, r7, #1
10001830:	19db      	adds	r3, r3, r7
10001832:	00db      	lsls	r3, r3, #3
10001834:	18f3      	adds	r3, r6, r3
10001836:	6899      	ldr	r1, [r3, #8]
10001838:	4640      	mov	r0, r8
1000183a:	468c      	mov	ip, r1
1000183c:	2408      	movs	r4, #8
1000183e:	5f11      	ldrsh	r1, [r2, r4]
10001840:	469a      	mov	sl, r3
10001842:	68dd      	ldr	r5, [r3, #12]
10001844:	2900      	cmp	r1, #0
10001846:	da07      	bge.n	10001858 <alarm_pool_irq_handler+0x208>
10001848:	e00e      	b.n	10001868 <alarm_pool_irq_handler+0x218>
1000184a:	42ab      	cmp	r3, r5
1000184c:	d040      	beq.n	100018d0 <alarm_pool_irq_handler+0x280>
1000184e:	2300      	movs	r3, #0
10001850:	5ee1      	ldrsh	r1, [r4, r3]
10001852:	0020      	movs	r0, r4
10001854:	2900      	cmp	r1, #0
10001856:	db06      	blt.n	10001866 <alarm_pool_irq_handler+0x216>
10001858:	004c      	lsls	r4, r1, #1
1000185a:	1864      	adds	r4, r4, r1
1000185c:	00e4      	lsls	r4, r4, #3
1000185e:	1934      	adds	r4, r6, r4
10001860:	68e3      	ldr	r3, [r4, #12]
10001862:	42ab      	cmp	r3, r5
10001864:	ddf1      	ble.n	1000184a <alarm_pool_irq_handler+0x1fa>
10001866:	4653      	mov	r3, sl
10001868:	8007      	strh	r7, [r0, #0]
1000186a:	2000      	movs	r0, #0
1000186c:	5e1f      	ldrsh	r7, [r3, r0]
1000186e:	8019      	strh	r1, [r3, #0]
10001870:	2f00      	cmp	r7, #0
10001872:	dadc      	bge.n	1000182e <alarm_pool_irq_handler+0x1de>
10001874:	0014      	movs	r4, r2
10001876:	79a3      	ldrb	r3, [r4, #6]
10001878:	2b00      	cmp	r3, #0
1000187a:	d100      	bne.n	1000187e <alarm_pool_irq_handler+0x22e>
1000187c:	e70f      	b.n	1000169e <alarm_pool_irq_handler+0x4e>
1000187e:	2300      	movs	r3, #0
10001880:	71a3      	strb	r3, [r4, #6]
10001882:	0026      	movs	r6, r4
10001884:	2308      	movs	r3, #8
10001886:	5ee1      	ldrsh	r1, [r4, r3]
10001888:	3608      	adds	r6, #8
1000188a:	1c4b      	adds	r3, r1, #1
1000188c:	d100      	bne.n	10001890 <alarm_pool_irq_handler+0x240>
1000188e:	e72c      	b.n	100016ea <alarm_pool_irq_handler+0x9a>
10001890:	46b4      	mov	ip, r6
10001892:	6965      	ldr	r5, [r4, #20]
10001894:	e003      	b.n	1000189e <alarm_pool_irq_handler+0x24e>
10001896:	4684      	mov	ip, r0
10001898:	1c4b      	adds	r3, r1, #1
1000189a:	d100      	bne.n	1000189e <alarm_pool_irq_handler+0x24e>
1000189c:	e6ff      	b.n	1000169e <alarm_pool_irq_handler+0x4e>
1000189e:	004b      	lsls	r3, r1, #1
100018a0:	185b      	adds	r3, r3, r1
100018a2:	00db      	lsls	r3, r3, #3
100018a4:	18e8      	adds	r0, r5, r3
100018a6:	000a      	movs	r2, r1
100018a8:	5ee9      	ldrsh	r1, [r5, r3]
100018aa:	8843      	ldrh	r3, [r0, #2]
100018ac:	b21b      	sxth	r3, r3
100018ae:	2b00      	cmp	r3, #0
100018b0:	daf1      	bge.n	10001896 <alarm_pool_irq_handler+0x246>
100018b2:	2601      	movs	r6, #1
100018b4:	4276      	negs	r6, r6
100018b6:	17f7      	asrs	r7, r6, #31
100018b8:	6086      	str	r6, [r0, #8]
100018ba:	60c7      	str	r7, [r0, #12]
100018bc:	2608      	movs	r6, #8
100018be:	5fa3      	ldrsh	r3, [r4, r6]
100018c0:	4293      	cmp	r3, r2
100018c2:	d0e9      	beq.n	10001898 <alarm_pool_irq_handler+0x248>
100018c4:	4663      	mov	r3, ip
100018c6:	8019      	strh	r1, [r3, #0]
100018c8:	8923      	ldrh	r3, [r4, #8]
100018ca:	8003      	strh	r3, [r0, #0]
100018cc:	8122      	strh	r2, [r4, #8]
100018ce:	e7e3      	b.n	10001898 <alarm_pool_irq_handler+0x248>
100018d0:	68a3      	ldr	r3, [r4, #8]
100018d2:	4563      	cmp	r3, ip
100018d4:	d9bb      	bls.n	1000184e <alarm_pool_irq_handler+0x1fe>
100018d6:	e7c6      	b.n	10001866 <alarm_pool_irq_handler+0x216>
100018d8:	464b      	mov	r3, r9
100018da:	4648      	mov	r0, r9
100018dc:	691b      	ldr	r3, [r3, #16]
100018de:	4798      	blx	r3
100018e0:	2800      	cmp	r0, #0
100018e2:	d11b      	bne.n	1000191c <alarm_pool_irq_handler+0x2cc>
100018e4:	4643      	mov	r3, r8
100018e6:	881b      	ldrh	r3, [r3, #0]
100018e8:	6922      	ldr	r2, [r4, #16]
100018ea:	8123      	strh	r3, [r4, #8]
100018ec:	f3ef 8310 	mrs	r3, PRIMASK
100018f0:	b672      	cpsid	i
100018f2:	6811      	ldr	r1, [r2, #0]
100018f4:	2900      	cmp	r1, #0
100018f6:	d0fc      	beq.n	100018f2 <alarm_pool_irq_handler+0x2a2>
100018f8:	f3bf 8f5f 	dmb	sy
100018fc:	4641      	mov	r1, r8
100018fe:	8862      	ldrh	r2, [r4, #2]
10001900:	800a      	strh	r2, [r1, #0]
10001902:	6922      	ldr	r2, [r4, #16]
10001904:	8065      	strh	r5, [r4, #2]
10001906:	f3bf 8f5f 	dmb	sy
1000190a:	2100      	movs	r1, #0
1000190c:	6011      	str	r1, [r2, #0]
1000190e:	f383 8810 	msr	PRIMASK, r3
10001912:	e6bb      	b.n	1000168c <alarm_pool_irq_handler+0x3c>
10001914:	4286      	cmp	r6, r0
10001916:	d800      	bhi.n	1000191a <alarm_pool_irq_handler+0x2ca>
10001918:	e700      	b.n	1000171c <alarm_pool_irq_handler+0xcc>
1000191a:	e6b7      	b.n	1000168c <alarm_pool_irq_handler+0x3c>
1000191c:	464b      	mov	r3, r9
1000191e:	681a      	ldr	r2, [r3, #0]
10001920:	685b      	ldr	r3, [r3, #4]
10001922:	9200      	str	r2, [sp, #0]
10001924:	9301      	str	r3, [sp, #4]
10001926:	e70f      	b.n	10001748 <alarm_pool_irq_handler+0xf8>
10001928:	45b1      	cmp	r9, r6
1000192a:	d800      	bhi.n	1000192e <alarm_pool_irq_handler+0x2de>
1000192c:	e750      	b.n	100017d0 <alarm_pool_irq_handler+0x180>
1000192e:	e754      	b.n	100017da <alarm_pool_irq_handler+0x18a>
10001930:	200005c8 	.word	0x200005c8
10001934:	4005703c 	.word	0x4005703c
10001938:	10001651 	.word	0x10001651
1000193c:	40054000 	.word	0x40054000

10001940 <runtime_init_default_alarm_pool>:
10001940:	b570      	push	{r4, r5, r6, lr}
10001942:	4c1d      	ldr	r4, [pc, #116]	@ (100019b8 <runtime_init_default_alarm_pool+0x78>)
10001944:	6923      	ldr	r3, [r4, #16]
10001946:	2b00      	cmp	r3, #0
10001948:	d004      	beq.n	10001954 <runtime_init_default_alarm_pool+0x14>
1000194a:	210a      	movs	r1, #10
1000194c:	481b      	ldr	r0, [pc, #108]	@ (100019bc <runtime_init_default_alarm_pool+0x7c>)
1000194e:	f7ff fe37 	bl	100015c0 <lock_init>
10001952:	bd70      	pop	{r4, r5, r6, pc}
10001954:	4d1a      	ldr	r5, [pc, #104]	@ (100019c0 <runtime_init_default_alarm_pool+0x80>)
10001956:	2103      	movs	r1, #3
10001958:	0028      	movs	r0, r5
1000195a:	f000 f9eb 	bl	10001d34 <timer_hardware_alarm_claim>
1000195e:	60e5      	str	r5, [r4, #12]
10001960:	f7ff fc8a 	bl	10001278 <next_striped_spin_lock_num>
10001964:	4b17      	ldr	r3, [pc, #92]	@ (100019c4 <runtime_init_default_alarm_pool+0x84>)
10001966:	6962      	ldr	r2, [r4, #20]
10001968:	469c      	mov	ip, r3
1000196a:	2303      	movs	r3, #3
1000196c:	7023      	strb	r3, [r4, #0]
1000196e:	23d0      	movs	r3, #208	@ 0xd0
10001970:	061b      	lsls	r3, r3, #24
10001972:	681b      	ldr	r3, [r3, #0]
10001974:	4460      	add	r0, ip
10001976:	7063      	strb	r3, [r4, #1]
10001978:	4b13      	ldr	r3, [pc, #76]	@ (100019c8 <runtime_init_default_alarm_pool+0x88>)
1000197a:	0080      	lsls	r0, r0, #2
1000197c:	60a3      	str	r3, [r4, #8]
1000197e:	2301      	movs	r3, #1
10001980:	425b      	negs	r3, r3
10001982:	80a3      	strh	r3, [r4, #4]
10001984:	3310      	adds	r3, #16
10001986:	8063      	strh	r3, [r4, #2]
10001988:	4b10      	ldr	r3, [pc, #64]	@ (100019cc <runtime_init_default_alarm_pool+0x8c>)
1000198a:	6120      	str	r0, [r4, #16]
1000198c:	8013      	strh	r3, [r2, #0]
1000198e:	3301      	adds	r3, #1
10001990:	b29b      	uxth	r3, r3
10001992:	3218      	adds	r2, #24
10001994:	2b0f      	cmp	r3, #15
10001996:	d1f9      	bne.n	1000198c <runtime_init_default_alarm_pool+0x4c>
10001998:	4b0d      	ldr	r3, [pc, #52]	@ (100019d0 <runtime_init_default_alarm_pool+0x90>)
1000199a:	2003      	movs	r0, #3
1000199c:	60dc      	str	r4, [r3, #12]
1000199e:	2408      	movs	r4, #8
100019a0:	4b07      	ldr	r3, [pc, #28]	@ (100019c0 <runtime_init_default_alarm_pool+0x80>)
100019a2:	490c      	ldr	r1, [pc, #48]	@ (100019d4 <runtime_init_default_alarm_pool+0x94>)
100019a4:	621c      	str	r4, [r3, #32]
100019a6:	f7ff fca5 	bl	100012f4 <irq_set_exclusive_handler>
100019aa:	2101      	movs	r1, #1
100019ac:	2003      	movs	r0, #3
100019ae:	f7ff fc8f 	bl	100012d0 <irq_set_enabled>
100019b2:	4b09      	ldr	r3, [pc, #36]	@ (100019d8 <runtime_init_default_alarm_pool+0x98>)
100019b4:	601c      	str	r4, [r3, #0]
100019b6:	e7c8      	b.n	1000194a <runtime_init_default_alarm_pool+0xa>
100019b8:	20000264 	.word	0x20000264
100019bc:	20008adc 	.word	0x20008adc
100019c0:	40054000 	.word	0x40054000
100019c4:	34000040 	.word	0x34000040
100019c8:	0010ffff 	.word	0x0010ffff
100019cc:	0000ffff 	.word	0x0000ffff
100019d0:	200005c8 	.word	0x200005c8
100019d4:	10001651 	.word	0x10001651
100019d8:	40056038 	.word	0x40056038

100019dc <alarm_pool_add_alarm_at_force_in_context>:
100019dc:	b570      	push	{r4, r5, r6, lr}
100019de:	0001      	movs	r1, r0
100019e0:	6904      	ldr	r4, [r0, #16]
100019e2:	f3ef 8c10 	mrs	ip, PRIMASK
100019e6:	b672      	cpsid	i
100019e8:	6820      	ldr	r0, [r4, #0]
100019ea:	2800      	cmp	r0, #0
100019ec:	d0fc      	beq.n	100019e8 <alarm_pool_add_alarm_at_force_in_context+0xc>
100019ee:	f3bf 8f5f 	dmb	sy
100019f2:	2002      	movs	r0, #2
100019f4:	5e0d      	ldrsh	r5, [r1, r0]
100019f6:	694c      	ldr	r4, [r1, #20]
100019f8:	0068      	lsls	r0, r5, #1
100019fa:	1940      	adds	r0, r0, r5
100019fc:	00c0      	lsls	r0, r0, #3
100019fe:	1824      	adds	r4, r4, r0
10001a00:	6908      	ldr	r0, [r1, #16]
10001a02:	2d00      	cmp	r5, #0
10001a04:	db36      	blt.n	10001a74 <alarm_pool_add_alarm_at_force_in_context+0x98>
10001a06:	8826      	ldrh	r6, [r4, #0]
10001a08:	804e      	strh	r6, [r1, #2]
10001a0a:	f3bf 8f5f 	dmb	sy
10001a0e:	2600      	movs	r6, #0
10001a10:	6006      	str	r6, [r0, #0]
10001a12:	f38c 8810 	msr	PRIMASK, ip
10001a16:	60e3      	str	r3, [r4, #12]
10001a18:	8863      	ldrh	r3, [r4, #2]
10001a1a:	9804      	ldr	r0, [sp, #16]
10001a1c:	3301      	adds	r3, #1
10001a1e:	6120      	str	r0, [r4, #16]
10001a20:	045b      	lsls	r3, r3, #17
10001a22:	9805      	ldr	r0, [sp, #20]
10001a24:	0c5b      	lsrs	r3, r3, #17
10001a26:	60a2      	str	r2, [r4, #8]
10001a28:	6160      	str	r0, [r4, #20]
10001a2a:	1c1a      	adds	r2, r3, #0
10001a2c:	2b00      	cmp	r3, #0
10001a2e:	d01f      	beq.n	10001a70 <alarm_pool_add_alarm_at_force_in_context+0x94>
10001a30:	b293      	uxth	r3, r2
10001a32:	0428      	lsls	r0, r5, #16
10001a34:	8062      	strh	r2, [r4, #2]
10001a36:	4318      	orrs	r0, r3
10001a38:	690a      	ldr	r2, [r1, #16]
10001a3a:	f3ef 8c10 	mrs	ip, PRIMASK
10001a3e:	b672      	cpsid	i
10001a40:	6813      	ldr	r3, [r2, #0]
10001a42:	2b00      	cmp	r3, #0
10001a44:	d0fc      	beq.n	10001a40 <alarm_pool_add_alarm_at_force_in_context+0x64>
10001a46:	f3bf 8f5f 	dmb	sy
10001a4a:	888b      	ldrh	r3, [r1, #4]
10001a4c:	8023      	strh	r3, [r4, #0]
10001a4e:	808d      	strh	r5, [r1, #4]
10001a50:	690b      	ldr	r3, [r1, #16]
10001a52:	f3bf 8f5f 	dmb	sy
10001a56:	2200      	movs	r2, #0
10001a58:	601a      	str	r2, [r3, #0]
10001a5a:	f38c 8810 	msr	PRIMASK, ip
10001a5e:	780b      	ldrb	r3, [r1, #0]
10001a60:	3201      	adds	r2, #1
10001a62:	409a      	lsls	r2, r3
10001a64:	68cb      	ldr	r3, [r1, #12]
10001a66:	4908      	ldr	r1, [pc, #32]	@ (10001a88 <alarm_pool_add_alarm_at_force_in_context+0xac>)
10001a68:	468c      	mov	ip, r1
10001a6a:	4463      	add	r3, ip
10001a6c:	601a      	str	r2, [r3, #0]
10001a6e:	bd70      	pop	{r4, r5, r6, pc}
10001a70:	2201      	movs	r2, #1
10001a72:	e7dd      	b.n	10001a30 <alarm_pool_add_alarm_at_force_in_context+0x54>
10001a74:	f3bf 8f5f 	dmb	sy
10001a78:	2300      	movs	r3, #0
10001a7a:	6003      	str	r3, [r0, #0]
10001a7c:	f38c 8810 	msr	PRIMASK, ip
10001a80:	2001      	movs	r0, #1
10001a82:	4240      	negs	r0, r0
10001a84:	e7f3      	b.n	10001a6e <alarm_pool_add_alarm_at_force_in_context+0x92>
10001a86:	46c0      	nop			@ (mov r8, r8)
10001a88:	0000203c 	.word	0x0000203c

10001a8c <alarm_pool_cancel_alarm>:
10001a8c:	b510      	push	{r4, lr}
10001a8e:	8943      	ldrh	r3, [r0, #10]
10001a90:	140a      	asrs	r2, r1, #16
10001a92:	4293      	cmp	r3, r2
10001a94:	dd1a      	ble.n	10001acc <alarm_pool_cancel_alarm+0x40>
10001a96:	0053      	lsls	r3, r2, #1
10001a98:	189b      	adds	r3, r3, r2
10001a9a:	6942      	ldr	r2, [r0, #20]
10001a9c:	00db      	lsls	r3, r3, #3
10001a9e:	18d3      	adds	r3, r2, r3
10001aa0:	6904      	ldr	r4, [r0, #16]
10001aa2:	f3ef 8c10 	mrs	ip, PRIMASK
10001aa6:	b672      	cpsid	i
10001aa8:	6822      	ldr	r2, [r4, #0]
10001aaa:	2a00      	cmp	r2, #0
10001aac:	d0fc      	beq.n	10001aa8 <alarm_pool_cancel_alarm+0x1c>
10001aae:	f3bf 8f5f 	dmb	sy
10001ab2:	885a      	ldrh	r2, [r3, #2]
10001ab4:	0409      	lsls	r1, r1, #16
10001ab6:	b294      	uxth	r4, r2
10001ab8:	0c09      	lsrs	r1, r1, #16
10001aba:	428a      	cmp	r2, r1
10001abc:	d008      	beq.n	10001ad0 <alarm_pool_cancel_alarm+0x44>
10001abe:	6903      	ldr	r3, [r0, #16]
10001ac0:	f3bf 8f5f 	dmb	sy
10001ac4:	2200      	movs	r2, #0
10001ac6:	601a      	str	r2, [r3, #0]
10001ac8:	f38c 8810 	msr	PRIMASK, ip
10001acc:	2000      	movs	r0, #0
10001ace:	bd10      	pop	{r4, pc}
10001ad0:	2280      	movs	r2, #128	@ 0x80
10001ad2:	0212      	lsls	r2, r2, #8
10001ad4:	4314      	orrs	r4, r2
10001ad6:	805c      	strh	r4, [r3, #2]
10001ad8:	2301      	movs	r3, #1
10001ada:	6902      	ldr	r2, [r0, #16]
10001adc:	7183      	strb	r3, [r0, #6]
10001ade:	f3bf 8f5f 	dmb	sy
10001ae2:	2100      	movs	r1, #0
10001ae4:	6011      	str	r1, [r2, #0]
10001ae6:	f38c 8810 	msr	PRIMASK, ip
10001aea:	4904      	ldr	r1, [pc, #16]	@ (10001afc <alarm_pool_cancel_alarm+0x70>)
10001aec:	7802      	ldrb	r2, [r0, #0]
10001aee:	468c      	mov	ip, r1
10001af0:	4093      	lsls	r3, r2
10001af2:	68c2      	ldr	r2, [r0, #12]
10001af4:	2001      	movs	r0, #1
10001af6:	4462      	add	r2, ip
10001af8:	6013      	str	r3, [r2, #0]
10001afa:	e7e8      	b.n	10001ace <alarm_pool_cancel_alarm+0x42>
10001afc:	0000203c 	.word	0x0000203c

10001b00 <sleep_until>:
10001b00:	b5f0      	push	{r4, r5, r6, r7, lr}
10001b02:	0006      	movs	r6, r0
10001b04:	000f      	movs	r7, r1
10001b06:	2406      	movs	r4, #6
10001b08:	4264      	negs	r4, r4
10001b0a:	17e5      	asrs	r5, r4, #31
10001b0c:	46c6      	mov	lr, r8
10001b0e:	19a4      	adds	r4, r4, r6
10001b10:	417d      	adcs	r5, r7
10001b12:	b500      	push	{lr}
10001b14:	b082      	sub	sp, #8
10001b16:	428d      	cmp	r5, r1
10001b18:	d814      	bhi.n	10001b44 <sleep_until+0x44>
10001b1a:	d011      	beq.n	10001b40 <sleep_until+0x40>
10001b1c:	f000 f91c 	bl	10001d58 <time_us_64>
10001b20:	0022      	movs	r2, r4
10001b22:	002b      	movs	r3, r5
10001b24:	1a12      	subs	r2, r2, r0
10001b26:	418b      	sbcs	r3, r1
10001b28:	2b00      	cmp	r3, #0
10001b2a:	dc15      	bgt.n	10001b58 <sleep_until+0x58>
10001b2c:	2b00      	cmp	r3, #0
10001b2e:	d044      	beq.n	10001bba <sleep_until+0xba>
10001b30:	0030      	movs	r0, r6
10001b32:	0039      	movs	r1, r7
10001b34:	f000 f94e 	bl	10001dd4 <busy_wait_until>
10001b38:	b002      	add	sp, #8
10001b3a:	bc80      	pop	{r7}
10001b3c:	46b8      	mov	r8, r7
10001b3e:	bdf0      	pop	{r4, r5, r6, r7, pc}
10001b40:	4284      	cmp	r4, r0
10001b42:	d9eb      	bls.n	10001b1c <sleep_until+0x1c>
10001b44:	2400      	movs	r4, #0
10001b46:	2500      	movs	r5, #0
10001b48:	f000 f906 	bl	10001d58 <time_us_64>
10001b4c:	0022      	movs	r2, r4
10001b4e:	002b      	movs	r3, r5
10001b50:	1a12      	subs	r2, r2, r0
10001b52:	418b      	sbcs	r3, r1
10001b54:	2b00      	cmp	r3, #0
10001b56:	dde9      	ble.n	10001b2c <sleep_until+0x2c>
10001b58:	f000 f8fe 	bl	10001d58 <time_us_64>
10001b5c:	0022      	movs	r2, r4
10001b5e:	002b      	movs	r3, r5
10001b60:	1a12      	subs	r2, r2, r0
10001b62:	418b      	sbcs	r3, r1
10001b64:	2b00      	cmp	r3, #0
10001b66:	db0a      	blt.n	10001b7e <sleep_until+0x7e>
10001b68:	2300      	movs	r3, #0
10001b6a:	9301      	str	r3, [sp, #4]
10001b6c:	4b14      	ldr	r3, [pc, #80]	@ (10001bc0 <sleep_until+0xc0>)
10001b6e:	0022      	movs	r2, r4
10001b70:	9300      	str	r3, [sp, #0]
10001b72:	4814      	ldr	r0, [pc, #80]	@ (10001bc4 <sleep_until+0xc4>)
10001b74:	002b      	movs	r3, r5
10001b76:	f7ff ff31 	bl	100019dc <alarm_pool_add_alarm_at_force_in_context>
10001b7a:	3001      	adds	r0, #1
10001b7c:	d0d8      	beq.n	10001b30 <sleep_until+0x30>
10001b7e:	46a0      	mov	r8, r4
10001b80:	0029      	movs	r1, r5
10001b82:	2400      	movs	r4, #0
10001b84:	4a10      	ldr	r2, [pc, #64]	@ (10001bc8 <sleep_until+0xc8>)
10001b86:	4811      	ldr	r0, [pc, #68]	@ (10001bcc <sleep_until+0xcc>)
10001b88:	6a53      	ldr	r3, [r2, #36]	@ 0x24
10001b8a:	4299      	cmp	r1, r3
10001b8c:	d804      	bhi.n	10001b98 <sleep_until+0x98>
10001b8e:	6a95      	ldr	r5, [r2, #40]	@ 0x28
10001b90:	4545      	cmp	r5, r8
10001b92:	d2cd      	bcs.n	10001b30 <sleep_until+0x30>
10001b94:	4299      	cmp	r1, r3
10001b96:	d1cb      	bne.n	10001b30 <sleep_until+0x30>
10001b98:	6805      	ldr	r5, [r0, #0]
10001b9a:	f3ef 8c10 	mrs	ip, PRIMASK
10001b9e:	b672      	cpsid	i
10001ba0:	682b      	ldr	r3, [r5, #0]
10001ba2:	2b00      	cmp	r3, #0
10001ba4:	d0fc      	beq.n	10001ba0 <sleep_until+0xa0>
10001ba6:	f3bf 8f5f 	dmb	sy
10001baa:	6803      	ldr	r3, [r0, #0]
10001bac:	f3bf 8f5f 	dmb	sy
10001bb0:	601c      	str	r4, [r3, #0]
10001bb2:	f38c 8810 	msr	PRIMASK, ip
10001bb6:	bf20      	wfe
10001bb8:	e7e6      	b.n	10001b88 <sleep_until+0x88>
10001bba:	2a00      	cmp	r2, #0
10001bbc:	d0b8      	beq.n	10001b30 <sleep_until+0x30>
10001bbe:	e7cb      	b.n	10001b58 <sleep_until+0x58>
10001bc0:	10001621 	.word	0x10001621
10001bc4:	20000264 	.word	0x20000264
10001bc8:	40054000 	.word	0x40054000
10001bcc:	20008adc 	.word	0x20008adc

10001bd0 <sleep_us>:
10001bd0:	b570      	push	{r4, r5, r6, lr}
10001bd2:	0004      	movs	r4, r0
10001bd4:	000d      	movs	r5, r1
10001bd6:	f000 f8bf 	bl	10001d58 <time_us_64>
10001bda:	1900      	adds	r0, r0, r4
10001bdc:	4169      	adcs	r1, r5
10001bde:	2900      	cmp	r1, #0
10001be0:	da02      	bge.n	10001be8 <sleep_us+0x18>
10001be2:	2001      	movs	r0, #1
10001be4:	4902      	ldr	r1, [pc, #8]	@ (10001bf0 <sleep_us+0x20>)
10001be6:	4240      	negs	r0, r0
10001be8:	f7ff ff8a 	bl	10001b00 <sleep_until>
10001bec:	bd70      	pop	{r4, r5, r6, pc}
10001bee:	46c0      	nop			@ (mov r8, r8)
10001bf0:	7fffffff 	.word	0x7fffffff

10001bf4 <sleep_ms>:
10001bf4:	b570      	push	{r4, r5, r6, lr}
10001bf6:	0006      	movs	r6, r0
10001bf8:	f000 f8ae 	bl	10001d58 <time_us_64>
10001bfc:	22fa      	movs	r2, #250	@ 0xfa
10001bfe:	0004      	movs	r4, r0
10001c00:	000d      	movs	r5, r1
10001c02:	2300      	movs	r3, #0
10001c04:	0030      	movs	r0, r6
10001c06:	2100      	movs	r1, #0
10001c08:	0092      	lsls	r2, r2, #2
10001c0a:	f001 f9d9 	bl	10002fc0 <__wrap___aeabi_lmul>
10001c0e:	1900      	adds	r0, r0, r4
10001c10:	4169      	adcs	r1, r5
10001c12:	2900      	cmp	r1, #0
10001c14:	da02      	bge.n	10001c1c <sleep_ms+0x28>
10001c16:	2001      	movs	r0, #1
10001c18:	4902      	ldr	r1, [pc, #8]	@ (10001c24 <sleep_ms+0x30>)
10001c1a:	4240      	negs	r0, r0
10001c1c:	f7ff ff70 	bl	10001b00 <sleep_until>
10001c20:	bd70      	pop	{r4, r5, r6, pc}
10001c22:	46c0      	nop			@ (mov r8, r8)
10001c24:	7fffffff 	.word	0x7fffffff

10001c28 <best_effort_wfe_or_timeout>:
10001c28:	b5f0      	push	{r4, r5, r6, r7, lr}
10001c2a:	4657      	mov	r7, sl
10001c2c:	464e      	mov	r6, r9
10001c2e:	46de      	mov	lr, fp
10001c30:	4645      	mov	r5, r8
10001c32:	b5e0      	push	{r5, r6, r7, lr}
10001c34:	0006      	movs	r6, r0
10001c36:	000f      	movs	r7, r1
10001c38:	b085      	sub	sp, #20
10001c3a:	f3ef 8305 	mrs	r3, IPSR
10001c3e:	4699      	mov	r9, r3
10001c40:	468b      	mov	fp, r1
10001c42:	2b00      	cmp	r3, #0
10001c44:	d012      	beq.n	10001c6c <best_effort_wfe_or_timeout+0x44>
10001c46:	4938      	ldr	r1, [pc, #224]	@ (10001d28 <best_effort_wfe_or_timeout+0x100>)
10001c48:	2000      	movs	r0, #0
10001c4a:	6a4b      	ldr	r3, [r1, #36]	@ 0x24
10001c4c:	42bb      	cmp	r3, r7
10001c4e:	d306      	bcc.n	10001c5e <best_effort_wfe_or_timeout+0x36>
10001c50:	6a8a      	ldr	r2, [r1, #40]	@ 0x28
10001c52:	1bdb      	subs	r3, r3, r7
10001c54:	1e59      	subs	r1, r3, #1
10001c56:	418b      	sbcs	r3, r1
10001c58:	42b2      	cmp	r2, r6
10001c5a:	4140      	adcs	r0, r0
10001c5c:	4318      	orrs	r0, r3
10001c5e:	b005      	add	sp, #20
10001c60:	bcf0      	pop	{r4, r5, r6, r7}
10001c62:	46bb      	mov	fp, r7
10001c64:	46b2      	mov	sl, r6
10001c66:	46a9      	mov	r9, r5
10001c68:	46a0      	mov	r8, r4
10001c6a:	bdf0      	pop	{r4, r5, r6, r7, pc}
10001c6c:	4b2f      	ldr	r3, [pc, #188]	@ (10001d2c <best_effort_wfe_or_timeout+0x104>)
10001c6e:	469a      	mov	sl, r3
10001c70:	68db      	ldr	r3, [r3, #12]
10001c72:	4698      	mov	r8, r3
10001c74:	4653      	mov	r3, sl
10001c76:	781b      	ldrb	r3, [r3, #0]
10001c78:	4640      	mov	r0, r8
10001c7a:	9303      	str	r3, [sp, #12]
10001c7c:	f000 f864 	bl	10001d48 <timer_time_us_64>
10001c80:	4642      	mov	r2, r8
10001c82:	9b03      	ldr	r3, [sp, #12]
10001c84:	0004      	movs	r4, r0
10001c86:	3304      	adds	r3, #4
10001c88:	009b      	lsls	r3, r3, #2
10001c8a:	589b      	ldr	r3, [r3, r2]
10001c8c:	000d      	movs	r5, r1
10001c8e:	1a1b      	subs	r3, r3, r0
10001c90:	0039      	movs	r1, r7
10001c92:	0030      	movs	r0, r6
10001c94:	1b00      	subs	r0, r0, r4
10001c96:	41a9      	sbcs	r1, r5
10001c98:	4589      	cmp	r9, r1
10001c9a:	dc10      	bgt.n	10001cbe <best_effort_wfe_or_timeout+0x96>
10001c9c:	d00d      	beq.n	10001cba <best_effort_wfe_or_timeout+0x92>
10001c9e:	bf20      	wfe
10001ca0:	4a21      	ldr	r2, [pc, #132]	@ (10001d28 <best_effort_wfe_or_timeout+0x100>)
10001ca2:	2000      	movs	r0, #0
10001ca4:	6a53      	ldr	r3, [r2, #36]	@ 0x24
10001ca6:	455b      	cmp	r3, fp
10001ca8:	d3d9      	bcc.n	10001c5e <best_effort_wfe_or_timeout+0x36>
10001caa:	6a92      	ldr	r2, [r2, #40]	@ 0x28
10001cac:	1bdb      	subs	r3, r3, r7
10001cae:	1e59      	subs	r1, r3, #1
10001cb0:	418b      	sbcs	r3, r1
10001cb2:	42b2      	cmp	r2, r6
10001cb4:	4140      	adcs	r0, r0
10001cb6:	4318      	orrs	r0, r3
10001cb8:	e7d1      	b.n	10001c5e <best_effort_wfe_or_timeout+0x36>
10001cba:	4283      	cmp	r3, r0
10001cbc:	d9ef      	bls.n	10001c9e <best_effort_wfe_or_timeout+0x76>
10001cbe:	f000 f84b 	bl	10001d58 <time_us_64>
10001cc2:	0032      	movs	r2, r6
10001cc4:	003b      	movs	r3, r7
10001cc6:	1a12      	subs	r2, r2, r0
10001cc8:	418b      	sbcs	r3, r1
10001cca:	2b00      	cmp	r3, #0
10001ccc:	db1a      	blt.n	10001d04 <best_effort_wfe_or_timeout+0xdc>
10001cce:	2300      	movs	r3, #0
10001cd0:	9301      	str	r3, [sp, #4]
10001cd2:	4b17      	ldr	r3, [pc, #92]	@ (10001d30 <best_effort_wfe_or_timeout+0x108>)
10001cd4:	0032      	movs	r2, r6
10001cd6:	9300      	str	r3, [sp, #0]
10001cd8:	4650      	mov	r0, sl
10001cda:	003b      	movs	r3, r7
10001cdc:	f7ff fe7e 	bl	100019dc <alarm_pool_add_alarm_at_force_in_context>
10001ce0:	1e01      	subs	r1, r0, #0
10001ce2:	dd0f      	ble.n	10001d04 <best_effort_wfe_or_timeout+0xdc>
10001ce4:	4b10      	ldr	r3, [pc, #64]	@ (10001d28 <best_effort_wfe_or_timeout+0x100>)
10001ce6:	6a5a      	ldr	r2, [r3, #36]	@ 0x24
10001ce8:	455a      	cmp	r2, fp
10001cea:	d31b      	bcc.n	10001d24 <best_effort_wfe_or_timeout+0xfc>
10001cec:	6a9b      	ldr	r3, [r3, #40]	@ 0x28
10001cee:	42b3      	cmp	r3, r6
10001cf0:	d316      	bcc.n	10001d20 <best_effort_wfe_or_timeout+0xf8>
10001cf2:	4650      	mov	r0, sl
10001cf4:	f7ff feca 	bl	10001a8c <alarm_pool_cancel_alarm>
10001cf8:	4a0b      	ldr	r2, [pc, #44]	@ (10001d28 <best_effort_wfe_or_timeout+0x100>)
10001cfa:	2000      	movs	r0, #0
10001cfc:	6a53      	ldr	r3, [r2, #36]	@ 0x24
10001cfe:	455b      	cmp	r3, fp
10001d00:	d3ad      	bcc.n	10001c5e <best_effort_wfe_or_timeout+0x36>
10001d02:	e7d2      	b.n	10001caa <best_effort_wfe_or_timeout+0x82>
10001d04:	4a08      	ldr	r2, [pc, #32]	@ (10001d28 <best_effort_wfe_or_timeout+0x100>)
10001d06:	2000      	movs	r0, #0
10001d08:	6a53      	ldr	r3, [r2, #36]	@ 0x24
10001d0a:	455b      	cmp	r3, fp
10001d0c:	d3a7      	bcc.n	10001c5e <best_effort_wfe_or_timeout+0x36>
10001d0e:	2000      	movs	r0, #0
10001d10:	6a92      	ldr	r2, [r2, #40]	@ 0x28
10001d12:	1bdb      	subs	r3, r3, r7
10001d14:	42b2      	cmp	r2, r6
10001d16:	4140      	adcs	r0, r0
10001d18:	1e5a      	subs	r2, r3, #1
10001d1a:	4193      	sbcs	r3, r2
10001d1c:	4318      	orrs	r0, r3
10001d1e:	e79e      	b.n	10001c5e <best_effort_wfe_or_timeout+0x36>
10001d20:	455a      	cmp	r2, fp
10001d22:	d1e6      	bne.n	10001cf2 <best_effort_wfe_or_timeout+0xca>
10001d24:	bf20      	wfe
10001d26:	e7e4      	b.n	10001cf2 <best_effort_wfe_or_timeout+0xca>
10001d28:	40054000 	.word	0x40054000
10001d2c:	20000264 	.word	0x20000264
10001d30:	10001621 	.word	0x10001621

10001d34 <timer_hardware_alarm_claim>:
10001d34:	b510      	push	{r4, lr}
10001d36:	4a02      	ldr	r2, [pc, #8]	@ (10001d40 <timer_hardware_alarm_claim+0xc>)
10001d38:	4802      	ldr	r0, [pc, #8]	@ (10001d44 <timer_hardware_alarm_claim+0x10>)
10001d3a:	f7ff fa7b 	bl	10001234 <hw_claim_or_assert>
10001d3e:	bd10      	pop	{r4, pc}
10001d40:	100053b0 	.word	0x100053b0
10001d44:	20000550 	.word	0x20000550

10001d48 <timer_time_us_64>:
10001d48:	0003      	movs	r3, r0
10001d4a:	6a41      	ldr	r1, [r0, #36]	@ 0x24
10001d4c:	000a      	movs	r2, r1
10001d4e:	6a98      	ldr	r0, [r3, #40]	@ 0x28
10001d50:	6a59      	ldr	r1, [r3, #36]	@ 0x24
10001d52:	428a      	cmp	r2, r1
10001d54:	d1fa      	bne.n	10001d4c <timer_time_us_64+0x4>
10001d56:	4770      	bx	lr

10001d58 <time_us_64>:
10001d58:	4b03      	ldr	r3, [pc, #12]	@ (10001d68 <time_us_64+0x10>)
10001d5a:	6a59      	ldr	r1, [r3, #36]	@ 0x24
10001d5c:	000a      	movs	r2, r1
10001d5e:	6a98      	ldr	r0, [r3, #40]	@ 0x28
10001d60:	6a59      	ldr	r1, [r3, #36]	@ 0x24
10001d62:	4291      	cmp	r1, r2
10001d64:	d1fa      	bne.n	10001d5c <time_us_64+0x4>
10001d66:	4770      	bx	lr
10001d68:	40054000 	.word	0x40054000

10001d6c <busy_wait_us>:
10001d6c:	b570      	push	{r4, r5, r6, lr}
10001d6e:	0004      	movs	r4, r0
10001d70:	000d      	movs	r5, r1
10001d72:	4a17      	ldr	r2, [pc, #92]	@ (10001dd0 <busy_wait_us+0x64>)
10001d74:	6a53      	ldr	r3, [r2, #36]	@ 0x24
10001d76:	0019      	movs	r1, r3
10001d78:	6a96      	ldr	r6, [r2, #40]	@ 0x28
10001d7a:	6a53      	ldr	r3, [r2, #36]	@ 0x24
10001d7c:	428b      	cmp	r3, r1
10001d7e:	d1fa      	bne.n	10001d76 <busy_wait_us+0xa>
10001d80:	0030      	movs	r0, r6
10001d82:	0019      	movs	r1, r3
10001d84:	1824      	adds	r4, r4, r0
10001d86:	414d      	adcs	r5, r1
10001d88:	42ab      	cmp	r3, r5
10001d8a:	d816      	bhi.n	10001dba <busy_wait_us+0x4e>
10001d8c:	d013      	beq.n	10001db6 <busy_wait_us+0x4a>
10001d8e:	4a10      	ldr	r2, [pc, #64]	@ (10001dd0 <busy_wait_us+0x64>)
10001d90:	002b      	movs	r3, r5
10001d92:	6a52      	ldr	r2, [r2, #36]	@ 0x24
10001d94:	4295      	cmp	r5, r2
10001d96:	d903      	bls.n	10001da0 <busy_wait_us+0x34>
10001d98:	490d      	ldr	r1, [pc, #52]	@ (10001dd0 <busy_wait_us+0x64>)
10001d9a:	6a4a      	ldr	r2, [r1, #36]	@ 0x24
10001d9c:	429a      	cmp	r2, r3
10001d9e:	d3fc      	bcc.n	10001d9a <busy_wait_us+0x2e>
10001da0:	429a      	cmp	r2, r3
10001da2:	d107      	bne.n	10001db4 <busy_wait_us+0x48>
10001da4:	4a0a      	ldr	r2, [pc, #40]	@ (10001dd0 <busy_wait_us+0x64>)
10001da6:	e002      	b.n	10001dae <busy_wait_us+0x42>
10001da8:	6a51      	ldr	r1, [r2, #36]	@ 0x24
10001daa:	4299      	cmp	r1, r3
10001dac:	d102      	bne.n	10001db4 <busy_wait_us+0x48>
10001dae:	6a91      	ldr	r1, [r2, #40]	@ 0x28
10001db0:	42a1      	cmp	r1, r4
10001db2:	d3f9      	bcc.n	10001da8 <busy_wait_us+0x3c>
10001db4:	bd70      	pop	{r4, r5, r6, pc}
10001db6:	42a6      	cmp	r6, r4
10001db8:	d9e9      	bls.n	10001d8e <busy_wait_us+0x22>
10001dba:	4b05      	ldr	r3, [pc, #20]	@ (10001dd0 <busy_wait_us+0x64>)
10001dbc:	6a5b      	ldr	r3, [r3, #36]	@ 0x24
10001dbe:	001c      	movs	r4, r3
10001dc0:	1c5a      	adds	r2, r3, #1
10001dc2:	d0ef      	beq.n	10001da4 <busy_wait_us+0x38>
10001dc4:	2301      	movs	r3, #1
10001dc6:	2401      	movs	r4, #1
10001dc8:	4264      	negs	r4, r4
10001dca:	17e5      	asrs	r5, r4, #31
10001dcc:	425b      	negs	r3, r3
10001dce:	e7e3      	b.n	10001d98 <busy_wait_us+0x2c>
10001dd0:	40054000 	.word	0x40054000

10001dd4 <busy_wait_until>:
10001dd4:	4a06      	ldr	r2, [pc, #24]	@ (10001df0 <busy_wait_until+0x1c>)
10001dd6:	6a53      	ldr	r3, [r2, #36]	@ 0x24
10001dd8:	4299      	cmp	r1, r3
10001dda:	d8fc      	bhi.n	10001dd6 <busy_wait_until+0x2>
10001ddc:	d107      	bne.n	10001dee <busy_wait_until+0x1a>
10001dde:	4b04      	ldr	r3, [pc, #16]	@ (10001df0 <busy_wait_until+0x1c>)
10001de0:	e002      	b.n	10001de8 <busy_wait_until+0x14>
10001de2:	6a5a      	ldr	r2, [r3, #36]	@ 0x24
10001de4:	4291      	cmp	r1, r2
10001de6:	d102      	bne.n	10001dee <busy_wait_until+0x1a>
10001de8:	6a9a      	ldr	r2, [r3, #40]	@ 0x28
10001dea:	4290      	cmp	r0, r2
10001dec:	d8f9      	bhi.n	10001de2 <busy_wait_until+0xe>
10001dee:	4770      	bx	lr
10001df0:	40054000 	.word	0x40054000

10001df4 <uart_set_baudrate>:
10001df4:	b5f8      	push	{r3, r4, r5, r6, r7, lr}
10001df6:	0004      	movs	r4, r0
10001df8:	2006      	movs	r0, #6
10001dfa:	000d      	movs	r5, r1
10001dfc:	f000 f928 	bl	10002050 <clock_get_hz>
10001e00:	0029      	movs	r1, r5
10001e02:	00c0      	lsls	r0, r0, #3
10001e04:	f000 fad2 	bl	100023ac <__wrap___aeabi_uidiv>
10001e08:	3001      	adds	r0, #1
10001e0a:	09c3      	lsrs	r3, r0, #7
10001e0c:	d021      	beq.n	10001e52 <uart_set_baudrate+0x5e>
10001e0e:	4a1f      	ldr	r2, [pc, #124]	@ (10001e8c <uart_set_baudrate+0x98>)
10001e10:	4293      	cmp	r3, r2
10001e12:	d933      	bls.n	10001e7c <uart_set_baudrate+0x88>
10001e14:	2300      	movs	r3, #0
10001e16:	4a1e      	ldr	r2, [pc, #120]	@ (10001e90 <uart_set_baudrate+0x9c>)
10001e18:	4f1e      	ldr	r7, [pc, #120]	@ (10001e94 <uart_set_baudrate+0xa0>)
10001e1a:	6262      	str	r2, [r4, #36]	@ 0x24
10001e1c:	62a3      	str	r3, [r4, #40]	@ 0x28
10001e1e:	6b25      	ldr	r5, [r4, #48]	@ 0x30
10001e20:	07eb      	lsls	r3, r5, #31
10001e22:	d51d      	bpl.n	10001e60 <uart_set_baudrate+0x6c>
10001e24:	4b1c      	ldr	r3, [pc, #112]	@ (10001e98 <uart_set_baudrate+0xa4>)
10001e26:	4a1d      	ldr	r2, [pc, #116]	@ (10001e9c <uart_set_baudrate+0xa8>)
10001e28:	18e3      	adds	r3, r4, r3
10001e2a:	601a      	str	r2, [r3, #0]
10001e2c:	6a66      	ldr	r6, [r4, #36]	@ 0x24
10001e2e:	6aa3      	ldr	r3, [r4, #40]	@ 0x28
10001e30:	2006      	movs	r0, #6
10001e32:	01b6      	lsls	r6, r6, #6
10001e34:	18f6      	adds	r6, r6, r3
10001e36:	f000 f90b 	bl	10002050 <clock_get_hz>
10001e3a:	4919      	ldr	r1, [pc, #100]	@ (10001ea0 <uart_set_baudrate+0xac>)
10001e3c:	f000 fab6 	bl	100023ac <__wrap___aeabi_uidiv>
10001e40:	02b6      	lsls	r6, r6, #10
10001e42:	0001      	movs	r1, r0
10001e44:	0030      	movs	r0, r6
10001e46:	f000 fab1 	bl	100023ac <__wrap___aeabi_uidiv>
10001e4a:	2100      	movs	r1, #0
10001e4c:	f7ff ff8e 	bl	10001d6c <busy_wait_us>
10001e50:	e006      	b.n	10001e60 <uart_set_baudrate+0x6c>
10001e52:	2740      	movs	r7, #64	@ 0x40
10001e54:	2201      	movs	r2, #1
10001e56:	6262      	str	r2, [r4, #36]	@ 0x24
10001e58:	62a3      	str	r3, [r4, #40]	@ 0x28
10001e5a:	6b25      	ldr	r5, [r4, #48]	@ 0x30
10001e5c:	07eb      	lsls	r3, r5, #31
10001e5e:	d4e1      	bmi.n	10001e24 <uart_set_baudrate+0x30>
10001e60:	2200      	movs	r2, #0
10001e62:	6ae3      	ldr	r3, [r4, #44]	@ 0x2c
10001e64:	4b0f      	ldr	r3, [pc, #60]	@ (10001ea4 <uart_set_baudrate+0xb0>)
10001e66:	2006      	movs	r0, #6
10001e68:	18e3      	adds	r3, r4, r3
10001e6a:	601a      	str	r2, [r3, #0]
10001e6c:	6325      	str	r5, [r4, #48]	@ 0x30
10001e6e:	f000 f8ef 	bl	10002050 <clock_get_hz>
10001e72:	0039      	movs	r1, r7
10001e74:	0080      	lsls	r0, r0, #2
10001e76:	f000 fa99 	bl	100023ac <__wrap___aeabi_uidiv>
10001e7a:	bdf8      	pop	{r3, r4, r5, r6, r7, pc}
10001e7c:	0640      	lsls	r0, r0, #25
10001e7e:	0e80      	lsrs	r0, r0, #26
10001e80:	019f      	lsls	r7, r3, #6
10001e82:	001a      	movs	r2, r3
10001e84:	183f      	adds	r7, r7, r0
10001e86:	0003      	movs	r3, r0
10001e88:	e7e5      	b.n	10001e56 <uart_set_baudrate+0x62>
10001e8a:	46c0      	nop			@ (mov r8, r8)
10001e8c:	0000fffe 	.word	0x0000fffe
10001e90:	0000ffff 	.word	0x0000ffff
10001e94:	003fffc0 	.word	0x003fffc0
10001e98:	00003030 	.word	0x00003030
10001e9c:	00000301 	.word	0x00000301
10001ea0:	00000e4e 	.word	0x00000e4e
10001ea4:	0000102c 	.word	0x0000102c

10001ea8 <uart_init>:
10001ea8:	b570      	push	{r4, r5, r6, lr}
10001eaa:	0004      	movs	r4, r0
10001eac:	2006      	movs	r0, #6
10001eae:	000d      	movs	r5, r1
10001eb0:	f000 f8ce 	bl	10002050 <clock_get_hz>
10001eb4:	2800      	cmp	r0, #0
10001eb6:	d02c      	beq.n	10001f12 <uart_init+0x6a>
10001eb8:	4b16      	ldr	r3, [pc, #88]	@ (10001f14 <uart_init+0x6c>)
10001eba:	4917      	ldr	r1, [pc, #92]	@ (10001f18 <uart_init+0x70>)
10001ebc:	18e3      	adds	r3, r4, r3
10001ebe:	1e5a      	subs	r2, r3, #1
10001ec0:	4193      	sbcs	r3, r2
10001ec2:	2280      	movs	r2, #128	@ 0x80
10001ec4:	0412      	lsls	r2, r2, #16
10001ec6:	4694      	mov	ip, r2
10001ec8:	425b      	negs	r3, r3
10001eca:	0d9b      	lsrs	r3, r3, #22
10001ecc:	4a13      	ldr	r2, [pc, #76]	@ (10001f1c <uart_init+0x74>)
10001ece:	059b      	lsls	r3, r3, #22
10001ed0:	4463      	add	r3, ip
10001ed2:	6013      	str	r3, [r2, #0]
10001ed4:	4a12      	ldr	r2, [pc, #72]	@ (10001f20 <uart_init+0x78>)
10001ed6:	6013      	str	r3, [r2, #0]
10001ed8:	0018      	movs	r0, r3
10001eda:	680a      	ldr	r2, [r1, #0]
10001edc:	4390      	bics	r0, r2
10001ede:	d1fb      	bne.n	10001ed8 <uart_init+0x30>
10001ee0:	4b0c      	ldr	r3, [pc, #48]	@ (10001f14 <uart_init+0x6c>)
10001ee2:	4a10      	ldr	r2, [pc, #64]	@ (10001f24 <uart_init+0x7c>)
10001ee4:	18e3      	adds	r3, r4, r3
10001ee6:	4259      	negs	r1, r3
10001ee8:	414b      	adcs	r3, r1
10001eea:	2180      	movs	r1, #128	@ 0x80
10001eec:	005b      	lsls	r3, r3, #1
10001eee:	0049      	lsls	r1, r1, #1
10001ef0:	5299      	strh	r1, [r3, r2]
10001ef2:	0020      	movs	r0, r4
10001ef4:	0029      	movs	r1, r5
10001ef6:	f7ff ff7d 	bl	10001df4 <uart_set_baudrate>
10001efa:	2370      	movs	r3, #112	@ 0x70
10001efc:	6ae2      	ldr	r2, [r4, #44]	@ 0x2c
10001efe:	405a      	eors	r2, r3
10001f00:	330e      	adds	r3, #14
10001f02:	4013      	ands	r3, r2
10001f04:	4a08      	ldr	r2, [pc, #32]	@ (10001f28 <uart_init+0x80>)
10001f06:	18a2      	adds	r2, r4, r2
10001f08:	6013      	str	r3, [r2, #0]
10001f0a:	4b08      	ldr	r3, [pc, #32]	@ (10001f2c <uart_init+0x84>)
10001f0c:	6323      	str	r3, [r4, #48]	@ 0x30
10001f0e:	2303      	movs	r3, #3
10001f10:	64a3      	str	r3, [r4, #72]	@ 0x48
10001f12:	bd70      	pop	{r4, r5, r6, pc}
10001f14:	bffc8000 	.word	0xbffc8000
10001f18:	4000c008 	.word	0x4000c008
10001f1c:	4000e000 	.word	0x4000e000
10001f20:	4000f000 	.word	0x4000f000
10001f24:	20008ae0 	.word	0x20008ae0
10001f28:	0000102c 	.word	0x0000102c
10001f2c:	00000301 	.word	0x00000301

10001f30 <clock_configure_internal>:
10001f30:	b5f0      	push	{r4, r5, r6, r7, lr}
10001f32:	46de      	mov	lr, fp
10001f34:	4657      	mov	r7, sl
10001f36:	4646      	mov	r6, r8
10001f38:	b5c0      	push	{r6, r7, lr}
10001f3a:	001f      	movs	r7, r3
10001f3c:	4b33      	ldr	r3, [pc, #204]	@ (1000200c <clock_configure_internal+0xdc>)
10001f3e:	0044      	lsls	r4, r0, #1
10001f40:	469c      	mov	ip, r3
10001f42:	1824      	adds	r4, r4, r0
10001f44:	00a4      	lsls	r4, r4, #2
10001f46:	4464      	add	r4, ip
10001f48:	0016      	movs	r6, r2
10001f4a:	6863      	ldr	r3, [r4, #4]
10001f4c:	9a08      	ldr	r2, [sp, #32]
10001f4e:	468b      	mov	fp, r1
10001f50:	4293      	cmp	r3, r2
10001f52:	d200      	bcs.n	10001f56 <clock_configure_internal+0x26>
10001f54:	6062      	str	r2, [r4, #4]
10001f56:	1f03      	subs	r3, r0, #4
10001f58:	b2db      	uxtb	r3, r3
10001f5a:	4698      	mov	r8, r3
10001f5c:	2b01      	cmp	r3, #1
10001f5e:	d92f      	bls.n	10001fc0 <clock_configure_internal+0x90>
10001f60:	23c0      	movs	r3, #192	@ 0xc0
10001f62:	2280      	movs	r2, #128	@ 0x80
10001f64:	019b      	lsls	r3, r3, #6
10001f66:	18e3      	adds	r3, r4, r3
10001f68:	0112      	lsls	r2, r2, #4
10001f6a:	601a      	str	r2, [r3, #0]
10001f6c:	4b28      	ldr	r3, [pc, #160]	@ (10002010 <clock_configure_internal+0xe0>)
10001f6e:	0085      	lsls	r5, r0, #2
10001f70:	5959      	ldr	r1, [r3, r5]
10001f72:	469a      	mov	sl, r3
10001f74:	2900      	cmp	r1, #0
10001f76:	d11a      	bne.n	10001fae <clock_configure_internal+0x7e>
10001f78:	0173      	lsls	r3, r6, #5
10001f7a:	26e0      	movs	r6, #224	@ 0xe0
10001f7c:	6822      	ldr	r2, [r4, #0]
10001f7e:	4053      	eors	r3, r2
10001f80:	401e      	ands	r6, r3
10001f82:	2380      	movs	r3, #128	@ 0x80
10001f84:	4642      	mov	r2, r8
10001f86:	015b      	lsls	r3, r3, #5
10001f88:	18e3      	adds	r3, r4, r3
10001f8a:	601e      	str	r6, [r3, #0]
10001f8c:	2a01      	cmp	r2, #1
10001f8e:	d92f      	bls.n	10001ff0 <clock_configure_internal+0xc0>
10001f90:	2380      	movs	r3, #128	@ 0x80
10001f92:	2280      	movs	r2, #128	@ 0x80
10001f94:	019b      	lsls	r3, r3, #6
10001f96:	18e3      	adds	r3, r4, r3
10001f98:	0112      	lsls	r2, r2, #4
10001f9a:	601a      	str	r2, [r3, #0]
10001f9c:	9b08      	ldr	r3, [sp, #32]
10001f9e:	6063      	str	r3, [r4, #4]
10001fa0:	4653      	mov	r3, sl
10001fa2:	515f      	str	r7, [r3, r5]
10001fa4:	bce0      	pop	{r5, r6, r7}
10001fa6:	46bb      	mov	fp, r7
10001fa8:	46b2      	mov	sl, r6
10001faa:	46a8      	mov	r8, r5
10001fac:	bdf0      	pop	{r4, r5, r6, r7, pc}
10001fae:	6958      	ldr	r0, [r3, #20]
10001fb0:	f000 f9fc 	bl	100023ac <__wrap___aeabi_uidiv>
10001fb4:	3001      	adds	r0, #1
10001fb6:	0043      	lsls	r3, r0, #1
10001fb8:	181b      	adds	r3, r3, r0
10001fba:	3b03      	subs	r3, #3
10001fbc:	d2fd      	bcs.n	10001fba <clock_configure_internal+0x8a>
10001fbe:	e7db      	b.n	10001f78 <clock_configure_internal+0x48>
10001fc0:	465b      	mov	r3, fp
10001fc2:	2b01      	cmp	r3, #1
10001fc4:	d1cc      	bne.n	10001f60 <clock_configure_internal+0x30>
10001fc6:	23c0      	movs	r3, #192	@ 0xc0
10001fc8:	2203      	movs	r2, #3
10001fca:	019b      	lsls	r3, r3, #6
10001fcc:	18e3      	adds	r3, r4, r3
10001fce:	601a      	str	r2, [r3, #0]
10001fd0:	3a02      	subs	r2, #2
10001fd2:	68a3      	ldr	r3, [r4, #8]
10001fd4:	421a      	tst	r2, r3
10001fd6:	d0fc      	beq.n	10001fd2 <clock_configure_internal+0xa2>
10001fd8:	0173      	lsls	r3, r6, #5
10001fda:	26e0      	movs	r6, #224	@ 0xe0
10001fdc:	6822      	ldr	r2, [r4, #0]
10001fde:	0085      	lsls	r5, r0, #2
10001fe0:	4053      	eors	r3, r2
10001fe2:	401e      	ands	r6, r3
10001fe4:	2380      	movs	r3, #128	@ 0x80
10001fe6:	4a0a      	ldr	r2, [pc, #40]	@ (10002010 <clock_configure_internal+0xe0>)
10001fe8:	015b      	lsls	r3, r3, #5
10001fea:	4692      	mov	sl, r2
10001fec:	18e3      	adds	r3, r4, r3
10001fee:	601e      	str	r6, [r3, #0]
10001ff0:	465a      	mov	r2, fp
10001ff2:	6821      	ldr	r1, [r4, #0]
10001ff4:	4051      	eors	r1, r2
10001ff6:	2203      	movs	r2, #3
10001ff8:	400a      	ands	r2, r1
10001ffa:	601a      	str	r2, [r3, #0]
10001ffc:	2301      	movs	r3, #1
10001ffe:	465a      	mov	r2, fp
10002000:	4093      	lsls	r3, r2
10002002:	68a2      	ldr	r2, [r4, #8]
10002004:	4213      	tst	r3, r2
10002006:	d0fc      	beq.n	10002002 <clock_configure_internal+0xd2>
10002008:	e7c2      	b.n	10001f90 <clock_configure_internal+0x60>
1000200a:	46c0      	nop			@ (mov r8, r8)
1000200c:	40008000 	.word	0x40008000
10002010:	20000554 	.word	0x20000554

10002014 <clock_configure_int_divider>:
10002014:	b5f0      	push	{r4, r5, r6, r7, lr}
10002016:	b083      	sub	sp, #12
10002018:	0005      	movs	r5, r0
1000201a:	000e      	movs	r6, r1
1000201c:	0018      	movs	r0, r3
1000201e:	9908      	ldr	r1, [sp, #32]
10002020:	0017      	movs	r7, r2
10002022:	f000 f9c3 	bl	100023ac <__wrap___aeabi_uidiv>
10002026:	9a08      	ldr	r2, [sp, #32]
10002028:	0003      	movs	r3, r0
1000202a:	0214      	lsls	r4, r2, #8
1000202c:	0031      	movs	r1, r6
1000202e:	003a      	movs	r2, r7
10002030:	0028      	movs	r0, r5
10002032:	9400      	str	r4, [sp, #0]
10002034:	f7ff ff7c 	bl	10001f30 <clock_configure_internal>
10002038:	b003      	add	sp, #12
1000203a:	bdf0      	pop	{r4, r5, r6, r7, pc}

1000203c <clock_configure_undivided>:
1000203c:	b510      	push	{r4, lr}
1000203e:	2480      	movs	r4, #128	@ 0x80
10002040:	b082      	sub	sp, #8
10002042:	0064      	lsls	r4, r4, #1
10002044:	9400      	str	r4, [sp, #0]
10002046:	f7ff ff73 	bl	10001f30 <clock_configure_internal>
1000204a:	b002      	add	sp, #8
1000204c:	bd10      	pop	{r4, pc}
1000204e:	46c0      	nop			@ (mov r8, r8)

10002050 <clock_get_hz>:
10002050:	4b01      	ldr	r3, [pc, #4]	@ (10002058 <clock_get_hz+0x8>)
10002052:	0080      	lsls	r0, r0, #2
10002054:	58c0      	ldr	r0, [r0, r3]
10002056:	4770      	bx	lr
10002058:	20000554 	.word	0x20000554

1000205c <pll_init>:
1000205c:	b5f8      	push	{r3, r4, r5, r6, r7, lr}
1000205e:	0004      	movs	r4, r0
10002060:	4821      	ldr	r0, [pc, #132]	@ (100020e8 <pll_init+0x8c>)
10002062:	001e      	movs	r6, r3
10002064:	0017      	movs	r7, r2
10002066:	000d      	movs	r5, r1
10002068:	f000 f9a0 	bl	100023ac <__wrap___aeabi_uidiv>
1000206c:	0001      	movs	r1, r0
1000206e:	0038      	movs	r0, r7
10002070:	f000 f99c 	bl	100023ac <__wrap___aeabi_uidiv>
10002074:	9b06      	ldr	r3, [sp, #24]
10002076:	0436      	lsls	r6, r6, #16
10002078:	031b      	lsls	r3, r3, #12
1000207a:	431e      	orrs	r6, r3
1000207c:	6823      	ldr	r3, [r4, #0]
1000207e:	2b00      	cmp	r3, #0
10002080:	db20      	blt.n	100020c4 <pll_init+0x68>
10002082:	4b1a      	ldr	r3, [pc, #104]	@ (100020ec <pll_init+0x90>)
10002084:	491a      	ldr	r1, [pc, #104]	@ (100020f0 <pll_init+0x94>)
10002086:	18e3      	adds	r3, r4, r3
10002088:	1e5a      	subs	r2, r3, #1
1000208a:	4193      	sbcs	r3, r2
1000208c:	2280      	movs	r2, #128	@ 0x80
1000208e:	0192      	lsls	r2, r2, #6
10002090:	4694      	mov	ip, r2
10002092:	425b      	negs	r3, r3
10002094:	0b1b      	lsrs	r3, r3, #12
10002096:	4a17      	ldr	r2, [pc, #92]	@ (100020f4 <pll_init+0x98>)
10002098:	031b      	lsls	r3, r3, #12
1000209a:	4463      	add	r3, ip
1000209c:	6013      	str	r3, [r2, #0]
1000209e:	4a16      	ldr	r2, [pc, #88]	@ (100020f8 <pll_init+0x9c>)
100020a0:	6013      	str	r3, [r2, #0]
100020a2:	001f      	movs	r7, r3
100020a4:	680a      	ldr	r2, [r1, #0]
100020a6:	4397      	bics	r7, r2
100020a8:	d1fb      	bne.n	100020a2 <pll_init+0x46>
100020aa:	4b14      	ldr	r3, [pc, #80]	@ (100020fc <pll_init+0xa0>)
100020ac:	6025      	str	r5, [r4, #0]
100020ae:	18e2      	adds	r2, r4, r3
100020b0:	2321      	movs	r3, #33	@ 0x21
100020b2:	60a0      	str	r0, [r4, #8]
100020b4:	6013      	str	r3, [r2, #0]
100020b6:	6823      	ldr	r3, [r4, #0]
100020b8:	2b00      	cmp	r3, #0
100020ba:	dafc      	bge.n	100020b6 <pll_init+0x5a>
100020bc:	2308      	movs	r3, #8
100020be:	60e6      	str	r6, [r4, #12]
100020c0:	6013      	str	r3, [r2, #0]
100020c2:	bdf8      	pop	{r3, r4, r5, r6, r7, pc}
100020c4:	233f      	movs	r3, #63	@ 0x3f
100020c6:	6822      	ldr	r2, [r4, #0]
100020c8:	4013      	ands	r3, r2
100020ca:	42ab      	cmp	r3, r5
100020cc:	d1d9      	bne.n	10002082 <pll_init+0x26>
100020ce:	68a3      	ldr	r3, [r4, #8]
100020d0:	051b      	lsls	r3, r3, #20
100020d2:	0d1b      	lsrs	r3, r3, #20
100020d4:	4283      	cmp	r3, r0
100020d6:	d1d4      	bne.n	10002082 <pll_init+0x26>
100020d8:	22ee      	movs	r2, #238	@ 0xee
100020da:	68e3      	ldr	r3, [r4, #12]
100020dc:	02d2      	lsls	r2, r2, #11
100020de:	4013      	ands	r3, r2
100020e0:	42b3      	cmp	r3, r6
100020e2:	d1ce      	bne.n	10002082 <pll_init+0x26>
100020e4:	e7ed      	b.n	100020c2 <pll_init+0x66>
100020e6:	46c0      	nop			@ (mov r8, r8)
100020e8:	00b71b00 	.word	0x00b71b00
100020ec:	bffd4000 	.word	0xbffd4000
100020f0:	4000c008 	.word	0x4000c008
100020f4:	4000e000 	.word	0x4000e000
100020f8:	4000f000 	.word	0x4000f000
100020fc:	00003004 	.word	0x00003004

10002100 <tick_start>:
10002100:	2380      	movs	r3, #128	@ 0x80
10002102:	4a02      	ldr	r2, [pc, #8]	@ (1000210c <tick_start+0xc>)
10002104:	009b      	lsls	r3, r3, #2
10002106:	430b      	orrs	r3, r1
10002108:	62d3      	str	r3, [r2, #44]	@ 0x2c
1000210a:	4770      	bx	lr
1000210c:	40058000 	.word	0x40058000

10002110 <rom_func_lookup>:
10002110:	2300      	movs	r3, #0
10002112:	b510      	push	{r4, lr}
10002114:	0001      	movs	r1, r0
10002116:	8a98      	ldrh	r0, [r3, #20]
10002118:	8b1b      	ldrh	r3, [r3, #24]
1000211a:	4798      	blx	r3
1000211c:	bd10      	pop	{r4, pc}
1000211e:	46c0      	nop			@ (mov r8, r8)

10002120 <rom_data_lookup>:
10002120:	2316      	movs	r3, #22
10002122:	b510      	push	{r4, lr}
10002124:	0001      	movs	r1, r0
10002126:	8818      	ldrh	r0, [r3, #0]
10002128:	3302      	adds	r3, #2
1000212a:	881b      	ldrh	r3, [r3, #0]
1000212c:	4798      	blx	r3
1000212e:	bd10      	pop	{r4, pc}

10002130 <rom_funcs_lookup>:
10002130:	b5f8      	push	{r3, r4, r5, r6, r7, lr}
10002132:	4647      	mov	r7, r8
10002134:	46ce      	mov	lr, r9
10002136:	b580      	push	{r7, lr}
10002138:	1e0f      	subs	r7, r1, #0
1000213a:	d018      	beq.n	1000216e <rom_funcs_lookup+0x3e>
1000213c:	2314      	movs	r3, #20
1000213e:	4699      	mov	r9, r3
10002140:	3304      	adds	r3, #4
10002142:	0004      	movs	r4, r0
10002144:	2500      	movs	r5, #0
10002146:	2601      	movs	r6, #1
10002148:	4698      	mov	r8, r3
1000214a:	464b      	mov	r3, r9
1000214c:	8818      	ldrh	r0, [r3, #0]
1000214e:	4643      	mov	r3, r8
10002150:	6821      	ldr	r1, [r4, #0]
10002152:	881b      	ldrh	r3, [r3, #0]
10002154:	4798      	blx	r3
10002156:	c401      	stmia	r4!, {r0}
10002158:	1e43      	subs	r3, r0, #1
1000215a:	4198      	sbcs	r0, r3
1000215c:	3501      	adds	r5, #1
1000215e:	4006      	ands	r6, r0
10002160:	42af      	cmp	r7, r5
10002162:	d1f2      	bne.n	1000214a <rom_funcs_lookup+0x1a>
10002164:	0030      	movs	r0, r6
10002166:	bcc0      	pop	{r6, r7}
10002168:	46b9      	mov	r9, r7
1000216a:	46b0      	mov	r8, r6
1000216c:	bdf8      	pop	{r3, r4, r5, r6, r7, pc}
1000216e:	2601      	movs	r6, #1
10002170:	e7f8      	b.n	10002164 <rom_funcs_lookup+0x34>
10002172:	46c0      	nop			@ (mov r8, r8)

10002174 <xosc_init>:
10002174:	23aa      	movs	r3, #170	@ 0xaa
10002176:	4a06      	ldr	r2, [pc, #24]	@ (10002190 <xosc_init+0x1c>)
10002178:	011b      	lsls	r3, r3, #4
1000217a:	6013      	str	r3, [r2, #0]
1000217c:	238d      	movs	r3, #141	@ 0x8d
1000217e:	005b      	lsls	r3, r3, #1
10002180:	60d3      	str	r3, [r2, #12]
10002182:	4904      	ldr	r1, [pc, #16]	@ (10002194 <xosc_init+0x20>)
10002184:	4b04      	ldr	r3, [pc, #16]	@ (10002198 <xosc_init+0x24>)
10002186:	6019      	str	r1, [r3, #0]
10002188:	6853      	ldr	r3, [r2, #4]
1000218a:	2b00      	cmp	r3, #0
1000218c:	dafc      	bge.n	10002188 <xosc_init+0x14>
1000218e:	4770      	bx	lr
10002190:	40024000 	.word	0x40024000
10002194:	00fab000 	.word	0x00fab000
10002198:	40026000 	.word	0x40026000

1000219c <first_per_core_initializer>:
1000219c:	4770      	bx	lr
1000219e:	46c0      	nop			@ (mov r8, r8)

100021a0 <hard_assertion_failure>:
100021a0:	b510      	push	{r4, lr}
100021a2:	4801      	ldr	r0, [pc, #4]	@ (100021a8 <hard_assertion_failure+0x8>)
100021a4:	f7ff f818 	bl	100011d8 <panic>
100021a8:	100053d4 	.word	0x100053d4

100021ac <runtime_run_initializers>:
100021ac:	b570      	push	{r4, r5, r6, lr}
100021ae:	4d07      	ldr	r5, [pc, #28]	@ (100021cc <runtime_run_initializers+0x20>)
100021b0:	4e07      	ldr	r6, [pc, #28]	@ (100021d0 <runtime_run_initializers+0x24>)
100021b2:	42b5      	cmp	r5, r6
100021b4:	d209      	bcs.n	100021ca <runtime_run_initializers+0x1e>
100021b6:	2400      	movs	r4, #0
100021b8:	3e01      	subs	r6, #1
100021ba:	1b76      	subs	r6, r6, r5
100021bc:	08b6      	lsrs	r6, r6, #2
100021be:	cd08      	ldmia	r5!, {r3}
100021c0:	4798      	blx	r3
100021c2:	0023      	movs	r3, r4
100021c4:	3401      	adds	r4, #1
100021c6:	42b3      	cmp	r3, r6
100021c8:	d1f9      	bne.n	100021be <runtime_run_initializers+0x12>
100021ca:	bd70      	pop	{r4, r5, r6, pc}
100021cc:	10004ef0 	.word	0x10004ef0
100021d0:	10004f2c 	.word	0x10004f2c

100021d4 <runtime_init_early_resets>:
100021d4:	4b05      	ldr	r3, [pc, #20]	@ (100021ec <runtime_init_early_resets+0x18>)
100021d6:	4a06      	ldr	r2, [pc, #24]	@ (100021f0 <runtime_init_early_resets+0x1c>)
100021d8:	4906      	ldr	r1, [pc, #24]	@ (100021f4 <runtime_init_early_resets+0x20>)
100021da:	601a      	str	r2, [r3, #0]
100021dc:	4a06      	ldr	r2, [pc, #24]	@ (100021f8 <runtime_init_early_resets+0x24>)
100021de:	4b07      	ldr	r3, [pc, #28]	@ (100021fc <runtime_init_early_resets+0x28>)
100021e0:	601a      	str	r2, [r3, #0]
100021e2:	0010      	movs	r0, r2
100021e4:	680b      	ldr	r3, [r1, #0]
100021e6:	4398      	bics	r0, r3
100021e8:	d1fb      	bne.n	100021e2 <runtime_init_early_resets+0xe>
100021ea:	4770      	bx	lr
100021ec:	4000e000 	.word	0x4000e000
100021f0:	fefbcdbf 	.word	0xfefbcdbf
100021f4:	4000c008 	.word	0x4000c008
100021f8:	003c7ffe 	.word	0x003c7ffe
100021fc:	4000f000 	.word	0x4000f000

10002200 <runtime_init_usb_power_down>:
10002200:	4b04      	ldr	r3, [pc, #16]	@ (10002214 <runtime_init_usb_power_down+0x14>)
10002202:	6cdb      	ldr	r3, [r3, #76]	@ 0x4c
10002204:	2b00      	cmp	r3, #0
10002206:	d103      	bne.n	10002210 <runtime_init_usb_power_down+0x10>
10002208:	2280      	movs	r2, #128	@ 0x80
1000220a:	4b03      	ldr	r3, [pc, #12]	@ (10002218 <runtime_init_usb_power_down+0x18>)
1000220c:	02d2      	lsls	r2, r2, #11
1000220e:	601a      	str	r2, [r3, #0]
10002210:	4770      	bx	lr
10002212:	46c0      	nop			@ (mov r8, r8)
10002214:	50110000 	.word	0x50110000
10002218:	5011204c 	.word	0x5011204c

1000221c <runtime_init_post_clock_resets>:
1000221c:	4a04      	ldr	r2, [pc, #16]	@ (10002230 <runtime_init_post_clock_resets+0x14>)
1000221e:	4b05      	ldr	r3, [pc, #20]	@ (10002234 <runtime_init_post_clock_resets+0x18>)
10002220:	601a      	str	r2, [r3, #0]
10002222:	4a05      	ldr	r2, [pc, #20]	@ (10002238 <runtime_init_post_clock_resets+0x1c>)
10002224:	6813      	ldr	r3, [r2, #0]
10002226:	01db      	lsls	r3, r3, #7
10002228:	3380      	adds	r3, #128	@ 0x80
1000222a:	d1fb      	bne.n	10002224 <runtime_init_post_clock_resets+0x8>
1000222c:	4770      	bx	lr
1000222e:	46c0      	nop			@ (mov r8, r8)
10002230:	01ffffff 	.word	0x01ffffff
10002234:	4000f000 	.word	0x4000f000
10002238:	4000c008 	.word	0x4000c008

1000223c <runtime_init_rp2040_gpio_ie_disable>:
1000223c:	2240      	movs	r2, #64	@ 0x40
1000223e:	4b03      	ldr	r3, [pc, #12]	@ (1000224c <runtime_init_rp2040_gpio_ie_disable+0x10>)
10002240:	679a      	str	r2, [r3, #120]	@ 0x78
10002242:	675a      	str	r2, [r3, #116]	@ 0x74
10002244:	671a      	str	r2, [r3, #112]	@ 0x70
10002246:	66da      	str	r2, [r3, #108]	@ 0x6c
10002248:	4770      	bx	lr
1000224a:	46c0      	nop			@ (mov r8, r8)
1000224c:	4001f000 	.word	0x4001f000

10002250 <runtime_init_spin_locks_reset>:
10002250:	b510      	push	{r4, lr}
10002252:	f7ff f81d 	bl	10001290 <spin_locks_reset>
10002256:	bd10      	pop	{r4, pc}

10002258 <runtime_init_install_ram_vector_table>:
10002258:	b570      	push	{r4, r5, r6, lr}
1000225a:	4d04      	ldr	r5, [pc, #16]	@ (1000226c <runtime_init_install_ram_vector_table+0x14>)
1000225c:	4c04      	ldr	r4, [pc, #16]	@ (10002270 <runtime_init_install_ram_vector_table+0x18>)
1000225e:	68a9      	ldr	r1, [r5, #8]
10002260:	22c0      	movs	r2, #192	@ 0xc0
10002262:	0020      	movs	r0, r4
10002264:	f000 ff18 	bl	10003098 <__wrap___aeabi_memcpy>
10002268:	60ac      	str	r4, [r5, #8]
1000226a:	bd70      	pop	{r4, r5, r6, pc}
1000226c:	e000ed00 	.word	0xe000ed00
10002270:	20000000 	.word	0x20000000

10002274 <runtime_init_clocks>:
10002274:	2300      	movs	r3, #0
10002276:	b510      	push	{r4, lr}
10002278:	4c29      	ldr	r4, [pc, #164]	@ (10002320 <runtime_init_clocks+0xac>)
1000227a:	b082      	sub	sp, #8
1000227c:	67a3      	str	r3, [r4, #120]	@ 0x78
1000227e:	f7ff ff79 	bl	10002174 <xosc_init>
10002282:	2201      	movs	r2, #1
10002284:	4b27      	ldr	r3, [pc, #156]	@ (10002324 <runtime_init_clocks+0xb0>)
10002286:	601a      	str	r2, [r3, #0]
10002288:	6c63      	ldr	r3, [r4, #68]	@ 0x44
1000228a:	2b01      	cmp	r3, #1
1000228c:	d1fc      	bne.n	10002288 <runtime_init_clocks+0x14>
1000228e:	2203      	movs	r2, #3
10002290:	4b25      	ldr	r3, [pc, #148]	@ (10002328 <runtime_init_clocks+0xb4>)
10002292:	601a      	str	r2, [r3, #0]
10002294:	4a22      	ldr	r2, [pc, #136]	@ (10002320 <runtime_init_clocks+0xac>)
10002296:	6b93      	ldr	r3, [r2, #56]	@ 0x38
10002298:	2b01      	cmp	r3, #1
1000229a:	d1fc      	bne.n	10002296 <runtime_init_clocks+0x22>
1000229c:	3301      	adds	r3, #1
1000229e:	9300      	str	r3, [sp, #0]
100022a0:	2101      	movs	r1, #1
100022a2:	4a22      	ldr	r2, [pc, #136]	@ (1000232c <runtime_init_clocks+0xb8>)
100022a4:	4822      	ldr	r0, [pc, #136]	@ (10002330 <runtime_init_clocks+0xbc>)
100022a6:	3304      	adds	r3, #4
100022a8:	f7ff fed8 	bl	1000205c <pll_init>
100022ac:	2305      	movs	r3, #5
100022ae:	2101      	movs	r1, #1
100022b0:	9300      	str	r3, [sp, #0]
100022b2:	4a20      	ldr	r2, [pc, #128]	@ (10002334 <runtime_init_clocks+0xc0>)
100022b4:	4820      	ldr	r0, [pc, #128]	@ (10002338 <runtime_init_clocks+0xc4>)
100022b6:	f7ff fed1 	bl	1000205c <pll_init>
100022ba:	2200      	movs	r2, #0
100022bc:	2102      	movs	r1, #2
100022be:	2004      	movs	r0, #4
100022c0:	4b1e      	ldr	r3, [pc, #120]	@ (1000233c <runtime_init_clocks+0xc8>)
100022c2:	f7ff febb 	bl	1000203c <clock_configure_undivided>
100022c6:	2200      	movs	r2, #0
100022c8:	2101      	movs	r1, #1
100022ca:	2005      	movs	r0, #5
100022cc:	4b1c      	ldr	r3, [pc, #112]	@ (10002340 <runtime_init_clocks+0xcc>)
100022ce:	f7ff feb5 	bl	1000203c <clock_configure_undivided>
100022d2:	2200      	movs	r2, #0
100022d4:	2100      	movs	r1, #0
100022d6:	2007      	movs	r0, #7
100022d8:	4b1a      	ldr	r3, [pc, #104]	@ (10002344 <runtime_init_clocks+0xd0>)
100022da:	f7ff feaf 	bl	1000203c <clock_configure_undivided>
100022de:	2200      	movs	r2, #0
100022e0:	2100      	movs	r1, #0
100022e2:	2008      	movs	r0, #8
100022e4:	4b17      	ldr	r3, [pc, #92]	@ (10002344 <runtime_init_clocks+0xd0>)
100022e6:	f7ff fea9 	bl	1000203c <clock_configure_undivided>
100022ea:	2380      	movs	r3, #128	@ 0x80
100022ec:	00db      	lsls	r3, r3, #3
100022ee:	9300      	str	r3, [sp, #0]
100022f0:	2200      	movs	r2, #0
100022f2:	2100      	movs	r1, #0
100022f4:	2009      	movs	r0, #9
100022f6:	4b13      	ldr	r3, [pc, #76]	@ (10002344 <runtime_init_clocks+0xd0>)
100022f8:	f7ff fe8c 	bl	10002014 <clock_configure_int_divider>
100022fc:	2200      	movs	r2, #0
100022fe:	4b10      	ldr	r3, [pc, #64]	@ (10002340 <runtime_init_clocks+0xcc>)
10002300:	2100      	movs	r1, #0
10002302:	2006      	movs	r0, #6
10002304:	f7ff fe9a 	bl	1000203c <clock_configure_undivided>
10002308:	2004      	movs	r0, #4
1000230a:	f7ff fea1 	bl	10002050 <clock_get_hz>
1000230e:	490e      	ldr	r1, [pc, #56]	@ (10002348 <runtime_init_clocks+0xd4>)
10002310:	f000 f84c 	bl	100023ac <__wrap___aeabi_uidiv>
10002314:	0001      	movs	r1, r0
10002316:	2000      	movs	r0, #0
10002318:	f7ff fef2 	bl	10002100 <tick_start>
1000231c:	b002      	add	sp, #8
1000231e:	bd10      	pop	{r4, pc}
10002320:	40008000 	.word	0x40008000
10002324:	4000b03c 	.word	0x4000b03c
10002328:	4000b030 	.word	0x4000b030
1000232c:	59682f00 	.word	0x59682f00
10002330:	40028000 	.word	0x40028000
10002334:	47868c00 	.word	0x47868c00
10002338:	4002c000 	.word	0x4002c000
1000233c:	00b71b00 	.word	0x00b71b00
10002340:	07735940 	.word	0x07735940
10002344:	02dc6c00 	.word	0x02dc6c00
10002348:	000f4240 	.word	0x000f4240

1000234c <__aeabi_bits_init>:
1000234c:	4801      	ldr	r0, [pc, #4]	@ (10002354 <__aeabi_bits_init+0x8>)
1000234e:	2104      	movs	r1, #4
10002350:	4b01      	ldr	r3, [pc, #4]	@ (10002358 <__aeabi_bits_init+0xc>)
10002352:	4718      	bx	r3
10002354:	20000280 	.word	0x20000280
10002358:	10002131 	.word	0x10002131

1000235c <__wrap___aeabi_idiv>:
1000235c:	4a12      	ldr	r2, [pc, #72]	@ (100023a8 <divmod_s32s32_savestate+0x18>)
1000235e:	6f93      	ldr	r3, [r2, #120]	@ 0x78
10002360:	089b      	lsrs	r3, r3, #2
10002362:	d215      	bcs.n	10002390 <divmod_s32s32_savestate>

10002364 <divmod_s32s32_unsafe>:
10002364:	6690      	str	r0, [r2, #104]	@ 0x68
10002366:	66d1      	str	r1, [r2, #108]	@ 0x6c
10002368:	2900      	cmp	r1, #0
1000236a:	d005      	beq.n	10002378 <divmod_s32s32_unsafe+0x14>
1000236c:	e7ff      	b.n	1000236e <divmod_s32s32_unsafe+0xa>
1000236e:	e7ff      	b.n	10002370 <divmod_s32s32_unsafe+0xc>
10002370:	e7ff      	b.n	10002372 <divmod_s32s32_unsafe+0xe>
10002372:	6f51      	ldr	r1, [r2, #116]	@ 0x74
10002374:	6f10      	ldr	r0, [r2, #112]	@ 0x70
10002376:	4770      	bx	lr
10002378:	b504      	push	{r2, lr}
1000237a:	2180      	movs	r1, #128	@ 0x80
1000237c:	0609      	lsls	r1, r1, #24
1000237e:	17c2      	asrs	r2, r0, #31
10002380:	4051      	eors	r1, r2
10002382:	2800      	cmp	r0, #0
10002384:	d000      	beq.n	10002388 <divmod_s32s32_unsafe+0x24>
10002386:	43c8      	mvns	r0, r1
10002388:	f002 fd9a 	bl	10004ec0 <____aeabi_idiv0_veneer>
1000238c:	2100      	movs	r1, #0
1000238e:	bd04      	pop	{r2, pc}

10002390 <divmod_s32s32_savestate>:
10002390:	b5f0      	push	{r4, r5, r6, r7, lr}
10002392:	6e14      	ldr	r4, [r2, #96]	@ 0x60
10002394:	6e55      	ldr	r5, [r2, #100]	@ 0x64
10002396:	6f57      	ldr	r7, [r2, #116]	@ 0x74
10002398:	6f16      	ldr	r6, [r2, #112]	@ 0x70
1000239a:	f7ff ffe3 	bl	10002364 <divmod_s32s32_unsafe>
1000239e:	6614      	str	r4, [r2, #96]	@ 0x60
100023a0:	6655      	str	r5, [r2, #100]	@ 0x64
100023a2:	6757      	str	r7, [r2, #116]	@ 0x74
100023a4:	6716      	str	r6, [r2, #112]	@ 0x70
100023a6:	bdf0      	pop	{r4, r5, r6, r7, pc}
100023a8:	d0000000 	.word	0xd0000000

100023ac <__wrap___aeabi_uidiv>:
100023ac:	4a11      	ldr	r2, [pc, #68]	@ (100023f4 <divmod_u32u32_savestate+0x18>)
100023ae:	6f93      	ldr	r3, [r2, #120]	@ 0x78
100023b0:	089b      	lsrs	r3, r3, #2
100023b2:	d213      	bcs.n	100023dc <divmod_u32u32_savestate>

100023b4 <divmod_u32u32_unsafe>:
100023b4:	6610      	str	r0, [r2, #96]	@ 0x60
100023b6:	6651      	str	r1, [r2, #100]	@ 0x64
100023b8:	2900      	cmp	r1, #0
100023ba:	d005      	beq.n	100023c8 <divmod_u32u32_unsafe+0x14>
100023bc:	e7ff      	b.n	100023be <divmod_u32u32_unsafe+0xa>
100023be:	e7ff      	b.n	100023c0 <divmod_u32u32_unsafe+0xc>
100023c0:	e7ff      	b.n	100023c2 <divmod_u32u32_unsafe+0xe>
100023c2:	6f51      	ldr	r1, [r2, #116]	@ 0x74
100023c4:	6f10      	ldr	r0, [r2, #112]	@ 0x70
100023c6:	4770      	bx	lr
100023c8:	b504      	push	{r2, lr}
100023ca:	2800      	cmp	r0, #0
100023cc:	d001      	beq.n	100023d2 <divmod_u32u32_unsafe+0x1e>
100023ce:	2000      	movs	r0, #0
100023d0:	43c0      	mvns	r0, r0
100023d2:	f002 fd75 	bl	10004ec0 <____aeabi_idiv0_veneer>
100023d6:	2100      	movs	r1, #0
100023d8:	bd04      	pop	{r2, pc}
100023da:	46c0      	nop			@ (mov r8, r8)

100023dc <divmod_u32u32_savestate>:
100023dc:	b5f0      	push	{r4, r5, r6, r7, lr}
100023de:	6e14      	ldr	r4, [r2, #96]	@ 0x60
100023e0:	6e55      	ldr	r5, [r2, #100]	@ 0x64
100023e2:	6f57      	ldr	r7, [r2, #116]	@ 0x74
100023e4:	6f16      	ldr	r6, [r2, #112]	@ 0x70
100023e6:	f7ff ffe5 	bl	100023b4 <divmod_u32u32_unsafe>
100023ea:	6614      	str	r4, [r2, #96]	@ 0x60
100023ec:	6655      	str	r5, [r2, #100]	@ 0x64
100023ee:	6757      	str	r7, [r2, #116]	@ 0x74
100023f0:	6716      	str	r6, [r2, #112]	@ 0x70
100023f2:	bdf0      	pop	{r4, r5, r6, r7, pc}
100023f4:	d0000000 	.word	0xd0000000

100023f8 <__wrap___aeabi_ldivmod>:
100023f8:	4694      	mov	ip, r2
100023fa:	4a4a      	ldr	r2, [pc, #296]	@ (10002524 <udiv0+0x1a>)
100023fc:	6f92      	ldr	r2, [r2, #120]	@ 0x78
100023fe:	0892      	lsrs	r2, r2, #2
10002400:	4662      	mov	r2, ip
10002402:	d201      	bcs.n	10002408 <divmod_s64s64_savestate>
10002404:	e028      	b.n	10002458 <divmod_s64s64_unsafe>
10002406:	46c0      	nop			@ (mov r8, r8)

10002408 <divmod_s64s64_savestate>:
10002408:	b5f0      	push	{r4, r5, r6, r7, lr}
1000240a:	4e46      	ldr	r6, [pc, #280]	@ (10002524 <udiv0+0x1a>)
1000240c:	6e34      	ldr	r4, [r6, #96]	@ 0x60
1000240e:	6e75      	ldr	r5, [r6, #100]	@ 0x64
10002410:	6f77      	ldr	r7, [r6, #116]	@ 0x74
10002412:	6f36      	ldr	r6, [r6, #112]	@ 0x70
10002414:	f000 f820 	bl	10002458 <divmod_s64s64_unsafe>
10002418:	4694      	mov	ip, r2
1000241a:	4a42      	ldr	r2, [pc, #264]	@ (10002524 <udiv0+0x1a>)
1000241c:	6614      	str	r4, [r2, #96]	@ 0x60
1000241e:	6655      	str	r5, [r2, #100]	@ 0x64
10002420:	6757      	str	r7, [r2, #116]	@ 0x74
10002422:	6716      	str	r6, [r2, #112]	@ 0x70
10002424:	4662      	mov	r2, ip
10002426:	bdf0      	pop	{r4, r5, r6, r7, pc}

10002428 <__wrap___aeabi_uldivmod>:
10002428:	4694      	mov	ip, r2
1000242a:	4a3e      	ldr	r2, [pc, #248]	@ (10002524 <udiv0+0x1a>)
1000242c:	6f92      	ldr	r2, [r2, #120]	@ 0x78
1000242e:	0892      	lsrs	r2, r2, #2
10002430:	4662      	mov	r2, ip
10002432:	d201      	bcs.n	10002438 <divmod_u64u64_savestate>
10002434:	e054      	b.n	100024e0 <divmod_u64u64_unsafe>
10002436:	46c0      	nop			@ (mov r8, r8)

10002438 <divmod_u64u64_savestate>:
10002438:	b5f0      	push	{r4, r5, r6, r7, lr}
1000243a:	4e3a      	ldr	r6, [pc, #232]	@ (10002524 <udiv0+0x1a>)
1000243c:	6e34      	ldr	r4, [r6, #96]	@ 0x60
1000243e:	6e75      	ldr	r5, [r6, #100]	@ 0x64
10002440:	6f77      	ldr	r7, [r6, #116]	@ 0x74
10002442:	6f36      	ldr	r6, [r6, #112]	@ 0x70
10002444:	f000 f84c 	bl	100024e0 <divmod_u64u64_unsafe>
10002448:	4694      	mov	ip, r2
1000244a:	4a36      	ldr	r2, [pc, #216]	@ (10002524 <udiv0+0x1a>)
1000244c:	6614      	str	r4, [r2, #96]	@ 0x60
1000244e:	6655      	str	r5, [r2, #100]	@ 0x64
10002450:	6757      	str	r7, [r2, #116]	@ 0x74
10002452:	6716      	str	r6, [r2, #112]	@ 0x70
10002454:	4662      	mov	r2, ip
10002456:	bdf0      	pop	{r4, r5, r6, r7, pc}

10002458 <divmod_s64s64_unsafe>:
10002458:	2b00      	cmp	r3, #0
1000245a:	db24      	blt.n	100024a6 <l42_1+0x26>
1000245c:	d011      	beq.n	10002482 <l42_1+0x2>
1000245e:	2900      	cmp	r1, #0
10002460:	da3e      	bge.n	100024e0 <divmod_u64u64_unsafe>
10002462:	b500      	push	{lr}
10002464:	43c9      	mvns	r1, r1
10002466:	4240      	negs	r0, r0
10002468:	d100      	bne.n	1000246c <l40_1>
1000246a:	3101      	adds	r1, #1

1000246c <l40_1>:
1000246c:	f000 f838 	bl	100024e0 <divmod_u64u64_unsafe>
10002470:	43c9      	mvns	r1, r1
10002472:	4240      	negs	r0, r0
10002474:	d100      	bne.n	10002478 <l41_1>
10002476:	3101      	adds	r1, #1

10002478 <l41_1>:
10002478:	43db      	mvns	r3, r3
1000247a:	4252      	negs	r2, r2
1000247c:	d100      	bne.n	10002480 <l42_1>
1000247e:	3301      	adds	r3, #1

10002480 <l42_1>:
10002480:	bd00      	pop	{pc}
10002482:	2a00      	cmp	r2, #0
10002484:	d1eb      	bne.n	1000245e <divmod_s64s64_unsafe+0x6>
10002486:	2800      	cmp	r0, #0
10002488:	d101      	bne.n	1000248e <l42_1+0xe>
1000248a:	2900      	cmp	r1, #0
1000248c:	d005      	beq.n	1000249a <l42_1+0x1a>
1000248e:	2000      	movs	r0, #0
10002490:	0fc9      	lsrs	r1, r1, #31
10002492:	07c9      	lsls	r1, r1, #31
10002494:	d101      	bne.n	1000249a <l42_1+0x1a>
10002496:	43c0      	mvns	r0, r0
10002498:	0841      	lsrs	r1, r0, #1
1000249a:	b500      	push	{lr}
1000249c:	f002 fd08 	bl	10004eb0 <____aeabi_ldiv0_veneer>
100024a0:	2200      	movs	r2, #0
100024a2:	2300      	movs	r3, #0
100024a4:	bd00      	pop	{pc}
100024a6:	b500      	push	{lr}
100024a8:	2900      	cmp	r1, #0
100024aa:	db0a      	blt.n	100024c2 <l44_1+0x2>
100024ac:	43db      	mvns	r3, r3
100024ae:	4252      	negs	r2, r2
100024b0:	d100      	bne.n	100024b4 <l43_1>
100024b2:	3301      	adds	r3, #1

100024b4 <l43_1>:
100024b4:	f000 f814 	bl	100024e0 <divmod_u64u64_unsafe>
100024b8:	43c9      	mvns	r1, r1
100024ba:	4240      	negs	r0, r0
100024bc:	d100      	bne.n	100024c0 <l44_1>
100024be:	3101      	adds	r1, #1

100024c0 <l44_1>:
100024c0:	bd00      	pop	{pc}
100024c2:	43c9      	mvns	r1, r1
100024c4:	4240      	negs	r0, r0
100024c6:	d100      	bne.n	100024ca <l45_1>
100024c8:	3101      	adds	r1, #1

100024ca <l45_1>:
100024ca:	43db      	mvns	r3, r3
100024cc:	4252      	negs	r2, r2
100024ce:	d100      	bne.n	100024d2 <l46_1>
100024d0:	3301      	adds	r3, #1

100024d2 <l46_1>:
100024d2:	f000 f805 	bl	100024e0 <divmod_u64u64_unsafe>
100024d6:	43db      	mvns	r3, r3
100024d8:	4252      	negs	r2, r2
100024da:	d100      	bne.n	100024de <l47_1>
100024dc:	3301      	adds	r3, #1

100024de <l47_1>:
100024de:	bd00      	pop	{pc}

100024e0 <divmod_u64u64_unsafe>:
100024e0:	2900      	cmp	r1, #0
100024e2:	d123      	bne.n	1000252c <y64>
100024e4:	2b00      	cmp	r3, #0
100024e6:	d118      	bne.n	1000251a <udiv0+0x10>
100024e8:	2a00      	cmp	r2, #0
100024ea:	d00c      	beq.n	10002506 <divmod_u64u64_unsafe+0x26>
100024ec:	46bc      	mov	ip, r7
100024ee:	4f0d      	ldr	r7, [pc, #52]	@ (10002524 <udiv0+0x1a>)
100024f0:	6638      	str	r0, [r7, #96]	@ 0x60
100024f2:	667a      	str	r2, [r7, #100]	@ 0x64
100024f4:	2100      	movs	r1, #0
100024f6:	2300      	movs	r3, #0
100024f8:	e7ff      	b.n	100024fa <divmod_u64u64_unsafe+0x1a>
100024fa:	e7ff      	b.n	100024fc <divmod_u64u64_unsafe+0x1c>
100024fc:	e7ff      	b.n	100024fe <divmod_u64u64_unsafe+0x1e>
100024fe:	6f7a      	ldr	r2, [r7, #116]	@ 0x74
10002500:	6f38      	ldr	r0, [r7, #112]	@ 0x70
10002502:	4667      	mov	r7, ip
10002504:	4770      	bx	lr
10002506:	2800      	cmp	r0, #0
10002508:	d001      	beq.n	1000250e <udiv0+0x4>

1000250a <udiv0>:
1000250a:	4807      	ldr	r0, [pc, #28]	@ (10002528 <udiv0+0x1e>)
1000250c:	0001      	movs	r1, r0
1000250e:	b500      	push	{lr}
10002510:	f002 fcce 	bl	10004eb0 <____aeabi_ldiv0_veneer>
10002514:	2200      	movs	r2, #0
10002516:	2300      	movs	r3, #0
10002518:	bd00      	pop	{pc}
1000251a:	0002      	movs	r2, r0
1000251c:	000b      	movs	r3, r1
1000251e:	2000      	movs	r0, #0
10002520:	2100      	movs	r1, #0
10002522:	4770      	bx	lr
10002524:	d0000000 	.word	0xd0000000
10002528:	ffffffff 	.word	0xffffffff

1000252c <y64>:
1000252c:	2b00      	cmp	r3, #0
1000252e:	d000      	beq.n	10002532 <y64+0x6>
10002530:	e0bf      	b.n	100026b2 <y64_x48>
10002532:	0c13      	lsrs	r3, r2, #16
10002534:	d128      	bne.n	10002588 <y64_x32>
10002536:	2a00      	cmp	r2, #0
10002538:	d0e7      	beq.n	1000250a <udiv0>
1000253a:	b480      	push	{r7}
1000253c:	4f11      	ldr	r7, [pc, #68]	@ (10002584 <y64+0x58>)
1000253e:	6639      	str	r1, [r7, #96]	@ 0x60
10002540:	667a      	str	r2, [r7, #100]	@ 0x64
10002542:	e7ff      	b.n	10002544 <y64+0x18>
10002544:	e7ff      	b.n	10002546 <y64+0x1a>
10002546:	b430      	push	{r4, r5}
10002548:	0c04      	lsrs	r4, r0, #16
1000254a:	6f7b      	ldr	r3, [r7, #116]	@ 0x74
1000254c:	6f39      	ldr	r1, [r7, #112]	@ 0x70
1000254e:	041b      	lsls	r3, r3, #16
10002550:	4323      	orrs	r3, r4
10002552:	663b      	str	r3, [r7, #96]	@ 0x60
10002554:	667a      	str	r2, [r7, #100]	@ 0x64
10002556:	e7ff      	b.n	10002558 <y64+0x2c>
10002558:	e7ff      	b.n	1000255a <y64+0x2e>
1000255a:	e7ff      	b.n	1000255c <y64+0x30>
1000255c:	46c0      	nop			@ (mov r8, r8)
1000255e:	b284      	uxth	r4, r0
10002560:	6f7b      	ldr	r3, [r7, #116]	@ 0x74
10002562:	6f3d      	ldr	r5, [r7, #112]	@ 0x70
10002564:	041b      	lsls	r3, r3, #16
10002566:	4323      	orrs	r3, r4
10002568:	663b      	str	r3, [r7, #96]	@ 0x60
1000256a:	667a      	str	r2, [r7, #100]	@ 0x64
1000256c:	e7ff      	b.n	1000256e <y64+0x42>
1000256e:	e7ff      	b.n	10002570 <y64+0x44>
10002570:	46c0      	nop			@ (mov r8, r8)
10002572:	2300      	movs	r3, #0
10002574:	042c      	lsls	r4, r5, #16
10002576:	0c2d      	lsrs	r5, r5, #16
10002578:	6f7a      	ldr	r2, [r7, #116]	@ 0x74
1000257a:	6f38      	ldr	r0, [r7, #112]	@ 0x70
1000257c:	1900      	adds	r0, r0, r4
1000257e:	4169      	adcs	r1, r5
10002580:	bcb0      	pop	{r4, r5, r7}
10002582:	4770      	bx	lr
10002584:	d0000000 	.word	0xd0000000

10002588 <y64_x32>:
10002588:	b5f0      	push	{r4, r5, r6, r7, lr}
1000258a:	4694      	mov	ip, r2
1000258c:	2500      	movs	r5, #0
1000258e:	0e14      	lsrs	r4, r2, #24
10002590:	d101      	bne.n	10002596 <y64_x32+0xe>
10002592:	0212      	lsls	r2, r2, #8
10002594:	3508      	adds	r5, #8
10002596:	0f14      	lsrs	r4, r2, #28
10002598:	d101      	bne.n	1000259e <y64_x32+0x16>
1000259a:	0112      	lsls	r2, r2, #4
1000259c:	3504      	adds	r5, #4
1000259e:	0f94      	lsrs	r4, r2, #30
100025a0:	d101      	bne.n	100025a6 <y64_x32+0x1e>
100025a2:	0092      	lsls	r2, r2, #2
100025a4:	3502      	adds	r5, #2
100025a6:	0fd4      	lsrs	r4, r2, #31
100025a8:	d101      	bne.n	100025ae <y64_x32+0x26>
100025aa:	0052      	lsls	r2, r2, #1
100025ac:	3501      	adds	r5, #1
100025ae:	0bd4      	lsrs	r4, r2, #15
100025b0:	3401      	adds	r4, #1
100025b2:	4f25      	ldr	r7, [pc, #148]	@ (10002648 <y64_x32+0xc0>)
100025b4:	667c      	str	r4, [r7, #100]	@ 0x64
100025b6:	4c25      	ldr	r4, [pc, #148]	@ (1000264c <y64_x32+0xc4>)
100025b8:	663c      	str	r4, [r7, #96]	@ 0x60
100025ba:	0c0e      	lsrs	r6, r1, #16
100025bc:	b293      	uxth	r3, r2
100025be:	e7ff      	b.n	100025c0 <y64_x32+0x38>
100025c0:	e7ff      	b.n	100025c2 <y64_x32+0x3a>
100025c2:	e7ff      	b.n	100025c4 <y64_x32+0x3c>
100025c4:	6f3c      	ldr	r4, [r7, #112]	@ 0x70
100025c6:	4366      	muls	r6, r4
100025c8:	0c36      	lsrs	r6, r6, #16
100025ca:	0377      	lsls	r7, r6, #13
100025cc:	46be      	mov	lr, r7
100025ce:	4373      	muls	r3, r6
100025d0:	0bdf      	lsrs	r7, r3, #15
100025d2:	045b      	lsls	r3, r3, #17
100025d4:	1ac0      	subs	r0, r0, r3
100025d6:	41b9      	sbcs	r1, r7
100025d8:	0c13      	lsrs	r3, r2, #16
100025da:	4373      	muls	r3, r6
100025dc:	18db      	adds	r3, r3, r3
100025de:	1ac9      	subs	r1, r1, r3
100025e0:	08ce      	lsrs	r6, r1, #3
100025e2:	4366      	muls	r6, r4
100025e4:	0c36      	lsrs	r6, r6, #16
100025e6:	44b6      	add	lr, r6
100025e8:	b293      	uxth	r3, r2
100025ea:	4373      	muls	r3, r6
100025ec:	0f1f      	lsrs	r7, r3, #28
100025ee:	011b      	lsls	r3, r3, #4
100025f0:	1ac0      	subs	r0, r0, r3
100025f2:	41b9      	sbcs	r1, r7
100025f4:	0c13      	lsrs	r3, r2, #16
100025f6:	4373      	muls	r3, r6
100025f8:	0b1f      	lsrs	r7, r3, #12
100025fa:	051b      	lsls	r3, r3, #20
100025fc:	1ac0      	subs	r0, r0, r3
100025fe:	41b9      	sbcs	r1, r7
10002600:	0d86      	lsrs	r6, r0, #22
10002602:	028f      	lsls	r7, r1, #10
10002604:	433e      	orrs	r6, r7
10002606:	4366      	muls	r6, r4
10002608:	0c36      	lsrs	r6, r6, #16
1000260a:	2d09      	cmp	r5, #9
1000260c:	db24      	blt.n	10002658 <last0>
1000260e:	0a52      	lsrs	r2, r2, #9
10002610:	4372      	muls	r2, r6
10002612:	1a80      	subs	r0, r0, r2
10002614:	0377      	lsls	r7, r6, #13
10002616:	0a46      	lsrs	r6, r0, #9
10002618:	4366      	muls	r6, r4
1000261a:	0c36      	lsrs	r6, r6, #16
1000261c:	2316      	movs	r3, #22
1000261e:	1b5b      	subs	r3, r3, r5
10002620:	40de      	lsrs	r6, r3
10002622:	40df      	lsrs	r7, r3
10002624:	19bf      	adds	r7, r7, r6
10002626:	4664      	mov	r4, ip
10002628:	4366      	muls	r6, r4
1000262a:	1b82      	subs	r2, r0, r6
1000262c:	4670      	mov	r0, lr
1000262e:	3504      	adds	r5, #4
10002630:	3306      	adds	r3, #6
10002632:	0001      	movs	r1, r0
10002634:	40d9      	lsrs	r1, r3
10002636:	40a8      	lsls	r0, r5
10002638:	19c0      	adds	r0, r0, r7
1000263a:	d300      	bcc.n	1000263e <y64_x32+0xb6>
1000263c:	3101      	adds	r1, #1
1000263e:	42a2      	cmp	r2, r4
10002640:	d206      	bcs.n	10002650 <y64_x32+0xc8>
10002642:	2300      	movs	r3, #0
10002644:	bdf0      	pop	{r4, r5, r6, r7, pc}
10002646:	0000      	.short	0x0000
10002648:	d0000000 	.word	0xd0000000
1000264c:	ffffffff 	.word	0xffffffff
10002650:	1b12      	subs	r2, r2, r4
10002652:	3001      	adds	r0, #1
10002654:	d3f3      	bcc.n	1000263e <y64_x32+0xb6>
10002656:	e7f1      	b.n	1000263c <y64_x32+0xb4>

10002658 <last0>:
10002658:	2709      	movs	r7, #9
1000265a:	1b7f      	subs	r7, r7, r5
1000265c:	40fe      	lsrs	r6, r7
1000265e:	4664      	mov	r4, ip
10002660:	b2a2      	uxth	r2, r4
10002662:	4372      	muls	r2, r6
10002664:	1a80      	subs	r0, r0, r2
10002666:	d200      	bcs.n	1000266a <last0+0x12>
10002668:	3901      	subs	r1, #1
1000266a:	0c22      	lsrs	r2, r4, #16
1000266c:	4372      	muls	r2, r6
1000266e:	0c13      	lsrs	r3, r2, #16
10002670:	0412      	lsls	r2, r2, #16
10002672:	1a82      	subs	r2, r0, r2
10002674:	4199      	sbcs	r1, r3
10002676:	000b      	movs	r3, r1
10002678:	4670      	mov	r0, lr
1000267a:	3504      	adds	r5, #4
1000267c:	3713      	adds	r7, #19
1000267e:	0001      	movs	r1, r0
10002680:	40f9      	lsrs	r1, r7
10002682:	40a8      	lsls	r0, r5
10002684:	1980      	adds	r0, r0, r6
10002686:	d300      	bcc.n	1000268a <last0+0x32>
10002688:	3101      	adds	r1, #1
1000268a:	2b00      	cmp	r3, #0
1000268c:	d102      	bne.n	10002694 <last0+0x3c>
1000268e:	42a2      	cmp	r2, r4
10002690:	d20a      	bcs.n	100026a8 <last0+0x50>
10002692:	bdf0      	pop	{r4, r5, r6, r7, pc}
10002694:	3001      	adds	r0, #1
10002696:	d300      	bcc.n	1000269a <last0+0x42>
10002698:	3101      	adds	r1, #1
1000269a:	1b12      	subs	r2, r2, r4
1000269c:	d2fa      	bcs.n	10002694 <last0+0x3c>
1000269e:	3b01      	subs	r3, #1
100026a0:	d1f8      	bne.n	10002694 <last0+0x3c>
100026a2:	42a2      	cmp	r2, r4
100026a4:	d200      	bcs.n	100026a8 <last0+0x50>
100026a6:	bdf0      	pop	{r4, r5, r6, r7, pc}
100026a8:	3001      	adds	r0, #1
100026aa:	d300      	bcc.n	100026ae <last0+0x56>
100026ac:	3101      	adds	r1, #1
100026ae:	1b12      	subs	r2, r2, r4
100026b0:	e7f7      	b.n	100026a2 <last0+0x4a>

100026b2 <y64_x48>:
100026b2:	b5f0      	push	{r4, r5, r6, r7, lr}
100026b4:	0c1c      	lsrs	r4, r3, #16
100026b6:	d000      	beq.n	100026ba <y64_x48+0x8>
100026b8:	e080      	b.n	100027bc <y64_x64>
100026ba:	b40c      	push	{r2, r3}
100026bc:	2500      	movs	r5, #0
100026be:	0a1c      	lsrs	r4, r3, #8
100026c0:	d104      	bne.n	100026cc <y64_x48+0x1a>
100026c2:	021b      	lsls	r3, r3, #8
100026c4:	0e16      	lsrs	r6, r2, #24
100026c6:	4333      	orrs	r3, r6
100026c8:	0212      	lsls	r2, r2, #8
100026ca:	3508      	adds	r5, #8
100026cc:	0b1c      	lsrs	r4, r3, #12
100026ce:	d104      	bne.n	100026da <y64_x48+0x28>
100026d0:	011b      	lsls	r3, r3, #4
100026d2:	0f16      	lsrs	r6, r2, #28
100026d4:	4333      	orrs	r3, r6
100026d6:	0112      	lsls	r2, r2, #4
100026d8:	3504      	adds	r5, #4
100026da:	0b9c      	lsrs	r4, r3, #14
100026dc:	d104      	bne.n	100026e8 <y64_x48+0x36>
100026de:	009b      	lsls	r3, r3, #2
100026e0:	0f96      	lsrs	r6, r2, #30
100026e2:	4333      	orrs	r3, r6
100026e4:	0092      	lsls	r2, r2, #2
100026e6:	3502      	adds	r5, #2
100026e8:	0bdc      	lsrs	r4, r3, #15
100026ea:	d102      	bne.n	100026f2 <y64_x48+0x40>
100026ec:	1892      	adds	r2, r2, r2
100026ee:	415b      	adcs	r3, r3
100026f0:	3501      	adds	r5, #1
100026f2:	001c      	movs	r4, r3
100026f4:	1897      	adds	r7, r2, r2
100026f6:	4164      	adcs	r4, r4
100026f8:	3401      	adds	r4, #1
100026fa:	4f46      	ldr	r7, [pc, #280]	@ (10002814 <y64_x64+0x58>)
100026fc:	667c      	str	r4, [r7, #100]	@ 0x64
100026fe:	4c46      	ldr	r4, [pc, #280]	@ (10002818 <y64_x64+0x5c>)
10002700:	663c      	str	r4, [r7, #96]	@ 0x60
10002702:	0c0e      	lsrs	r6, r1, #16
10002704:	e7ff      	b.n	10002706 <y64_x48+0x54>
10002706:	e7ff      	b.n	10002708 <y64_x48+0x56>
10002708:	e7ff      	b.n	1000270a <y64_x48+0x58>
1000270a:	46c0      	nop			@ (mov r8, r8)
1000270c:	6f3c      	ldr	r4, [r7, #112]	@ 0x70
1000270e:	4366      	muls	r6, r4
10002710:	0c36      	lsrs	r6, r6, #16
10002712:	0377      	lsls	r7, r6, #13
10002714:	46be      	mov	lr, r7
10002716:	b297      	uxth	r7, r2
10002718:	4377      	muls	r7, r6
1000271a:	1bc0      	subs	r0, r0, r7
1000271c:	d200      	bcs.n	10002720 <y64_x48+0x6e>
1000271e:	3901      	subs	r1, #1
10002720:	1bc0      	subs	r0, r0, r7
10002722:	d200      	bcs.n	10002726 <y64_x48+0x74>
10002724:	3901      	subs	r1, #1
10002726:	b29f      	uxth	r7, r3
10002728:	4377      	muls	r7, r6
1000272a:	1bc9      	subs	r1, r1, r7
1000272c:	1bc9      	subs	r1, r1, r7
1000272e:	0c17      	lsrs	r7, r2, #16
10002730:	4377      	muls	r7, r6
10002732:	047e      	lsls	r6, r7, #17
10002734:	0bff      	lsrs	r7, r7, #15
10002736:	1b80      	subs	r0, r0, r6
10002738:	41b9      	sbcs	r1, r7
1000273a:	08ce      	lsrs	r6, r1, #3
1000273c:	4366      	muls	r6, r4
1000273e:	0c36      	lsrs	r6, r6, #16
10002740:	2d0c      	cmp	r5, #12
10002742:	db33      	blt.n	100027ac <last1>
10002744:	44b6      	add	lr, r6
10002746:	0b12      	lsrs	r2, r2, #12
10002748:	051f      	lsls	r7, r3, #20
1000274a:	433a      	orrs	r2, r7
1000274c:	0b1b      	lsrs	r3, r3, #12
1000274e:	b297      	uxth	r7, r2
10002750:	4377      	muls	r7, r6
10002752:	1bc0      	subs	r0, r0, r7
10002754:	d200      	bcs.n	10002758 <y64_x48+0xa6>
10002756:	3901      	subs	r1, #1
10002758:	b29f      	uxth	r7, r3
1000275a:	4377      	muls	r7, r6
1000275c:	1bc9      	subs	r1, r1, r7
1000275e:	0c17      	lsrs	r7, r2, #16
10002760:	4377      	muls	r7, r6
10002762:	043e      	lsls	r6, r7, #16
10002764:	0c3f      	lsrs	r7, r7, #16
10002766:	1b80      	subs	r0, r0, r6
10002768:	41b9      	sbcs	r1, r7
1000276a:	0d86      	lsrs	r6, r0, #22
1000276c:	028f      	lsls	r7, r1, #10
1000276e:	433e      	orrs	r6, r7
10002770:	4366      	muls	r6, r4
10002772:	2729      	movs	r7, #41	@ 0x29
10002774:	1b7f      	subs	r7, r7, r5
10002776:	40fe      	lsrs	r6, r7
10002778:	3d0c      	subs	r5, #12
1000277a:	4677      	mov	r7, lr
1000277c:	40af      	lsls	r7, r5
1000277e:	19bf      	adds	r7, r7, r6
10002780:	bc30      	pop	{r4, r5}
10002782:	b2a2      	uxth	r2, r4
10002784:	b2ab      	uxth	r3, r5
10002786:	4372      	muls	r2, r6
10002788:	4373      	muls	r3, r6
1000278a:	1a80      	subs	r0, r0, r2
1000278c:	4199      	sbcs	r1, r3
1000278e:	0c22      	lsrs	r2, r4, #16
10002790:	4372      	muls	r2, r6
10002792:	0c13      	lsrs	r3, r2, #16
10002794:	0412      	lsls	r2, r2, #16
10002796:	1a80      	subs	r0, r0, r2
10002798:	4199      	sbcs	r1, r3
1000279a:	0002      	movs	r2, r0
1000279c:	000b      	movs	r3, r1
1000279e:	3701      	adds	r7, #1
100027a0:	1b00      	subs	r0, r0, r4
100027a2:	41a9      	sbcs	r1, r5
100027a4:	d2f9      	bcs.n	1000279a <y64_x48+0xe8>
100027a6:	1e78      	subs	r0, r7, #1
100027a8:	2100      	movs	r1, #0
100027aa:	bdf0      	pop	{r4, r5, r6, r7, pc}

100027ac <last1>:
100027ac:	270c      	movs	r7, #12
100027ae:	1b7f      	subs	r7, r7, r5
100027b0:	40fe      	lsrs	r6, r7
100027b2:	4677      	mov	r7, lr
100027b4:	0b7f      	lsrs	r7, r7, #13
100027b6:	40af      	lsls	r7, r5
100027b8:	19ff      	adds	r7, r7, r7
100027ba:	e7e0      	b.n	1000277e <y64_x48+0xcc>

100027bc <y64_x64>:
100027bc:	2400      	movs	r4, #0
100027be:	1c5d      	adds	r5, r3, #1
100027c0:	d007      	beq.n	100027d2 <y64_x64+0x16>
100027c2:	4f14      	ldr	r7, [pc, #80]	@ (10002814 <y64_x64+0x58>)
100027c4:	667d      	str	r5, [r7, #100]	@ 0x64
100027c6:	6639      	str	r1, [r7, #96]	@ 0x60
100027c8:	e7ff      	b.n	100027ca <y64_x64+0xe>
100027ca:	e7ff      	b.n	100027cc <y64_x64+0x10>
100027cc:	e7ff      	b.n	100027ce <y64_x64+0x12>
100027ce:	e7ff      	b.n	100027d0 <y64_x64+0x14>
100027d0:	6f3c      	ldr	r4, [r7, #112]	@ 0x70
100027d2:	b295      	uxth	r5, r2
100027d4:	b29e      	uxth	r6, r3
100027d6:	4365      	muls	r5, r4
100027d8:	4366      	muls	r6, r4
100027da:	1b40      	subs	r0, r0, r5
100027dc:	41b1      	sbcs	r1, r6
100027de:	0c15      	lsrs	r5, r2, #16
100027e0:	0c1e      	lsrs	r6, r3, #16
100027e2:	4365      	muls	r5, r4
100027e4:	4366      	muls	r6, r4
100027e6:	0436      	lsls	r6, r6, #16
100027e8:	0c2f      	lsrs	r7, r5, #16
100027ea:	433e      	orrs	r6, r7
100027ec:	042d      	lsls	r5, r5, #16
100027ee:	1b40      	subs	r0, r0, r5
100027f0:	41b1      	sbcs	r1, r6
100027f2:	4299      	cmp	r1, r3
100027f4:	d204      	bcs.n	10002800 <y64_x64+0x44>
100027f6:	0002      	movs	r2, r0
100027f8:	000b      	movs	r3, r1
100027fa:	0020      	movs	r0, r4
100027fc:	2100      	movs	r1, #0
100027fe:	bdf0      	pop	{r4, r5, r6, r7, pc}
10002800:	d101      	bne.n	10002806 <y64_x64+0x4a>
10002802:	4290      	cmp	r0, r2
10002804:	d3f7      	bcc.n	100027f6 <y64_x64+0x3a>
10002806:	1a80      	subs	r0, r0, r2
10002808:	4199      	sbcs	r1, r3
1000280a:	3401      	adds	r4, #1
1000280c:	4299      	cmp	r1, r3
1000280e:	d3f2      	bcc.n	100027f6 <y64_x64+0x3a>
10002810:	e7f6      	b.n	10002800 <y64_x64+0x44>
10002812:	0000      	.short	0x0000
10002814:	d0000000 	.word	0xd0000000
10002818:	ffffffff 	.word	0xffffffff

1000281c <__wrap___aeabi_drsub>:
1000281c:	4048      	eors	r0, r1
1000281e:	4041      	eors	r1, r0
10002820:	4048      	eors	r0, r1

10002822 <__wrap___aeabi_dsub>:
10002822:	b418      	push	{r3, r4}
10002824:	4b1b      	ldr	r3, [pc, #108]	@ (10002894 <__wrap___aeabi_dmul+0x12>)
10002826:	685b      	ldr	r3, [r3, #4]
10002828:	46fc      	mov	ip, pc
1000282a:	9301      	str	r3, [sp, #4]
1000282c:	bd08      	pop	{r3, pc}
1000282e:	df04      	.short	0xdf04
10002830:	10002a93 	.word	0x10002a93

10002834 <__wrap___aeabi_dadd>:
10002834:	b418      	push	{r3, r4}
10002836:	4b17      	ldr	r3, [pc, #92]	@ (10002894 <__wrap___aeabi_dmul+0x12>)
10002838:	681b      	ldr	r3, [r3, #0]
1000283a:	46fc      	mov	ip, pc
1000283c:	9301      	str	r3, [sp, #4]
1000283e:	bd08      	pop	{r3, pc}
10002840:	2a9ddf00 	.word	0x2a9ddf00
10002844:	1000      	.short	0x1000

10002846 <__wrap___aeabi_ddiv>:
10002846:	4694      	mov	ip, r2
10002848:	4a13      	ldr	r2, [pc, #76]	@ (10002898 <__wrap___aeabi_dmul+0x16>)
1000284a:	6f92      	ldr	r2, [r2, #120]	@ 0x78
1000284c:	0892      	lsrs	r2, r2, #2
1000284e:	d209      	bcs.n	10002864 <ddiv_save_state>
10002850:	4662      	mov	r2, ip

10002852 <ddiv_shim_call>:
10002852:	b418      	push	{r3, r4}
10002854:	4b0f      	ldr	r3, [pc, #60]	@ (10002894 <__wrap___aeabi_dmul+0x12>)
10002856:	68db      	ldr	r3, [r3, #12]
10002858:	46fc      	mov	ip, pc
1000285a:	9301      	str	r3, [sp, #4]
1000285c:	bd08      	pop	{r3, pc}
1000285e:	df0c      	.short	0xdf0c
10002860:	10002d55 	.word	0x10002d55

10002864 <ddiv_save_state>:
10002864:	4a0c      	ldr	r2, [pc, #48]	@ (10002898 <__wrap___aeabi_dmul+0x16>)
10002866:	b5f0      	push	{r4, r5, r6, r7, lr}
10002868:	6e14      	ldr	r4, [r2, #96]	@ 0x60
1000286a:	6e55      	ldr	r5, [r2, #100]	@ 0x64
1000286c:	6f57      	ldr	r7, [r2, #116]	@ 0x74
1000286e:	6f16      	ldr	r6, [r2, #112]	@ 0x70
10002870:	4662      	mov	r2, ip
10002872:	f7ff ffee 	bl	10002852 <ddiv_shim_call>
10002876:	4a08      	ldr	r2, [pc, #32]	@ (10002898 <__wrap___aeabi_dmul+0x16>)
10002878:	6614      	str	r4, [r2, #96]	@ 0x60
1000287a:	6655      	str	r5, [r2, #100]	@ 0x64
1000287c:	6757      	str	r7, [r2, #116]	@ 0x74
1000287e:	6716      	str	r6, [r2, #112]	@ 0x70
10002880:	bdf0      	pop	{r4, r5, r6, r7, pc}

10002882 <__wrap___aeabi_dmul>:
10002882:	b418      	push	{r3, r4}
10002884:	4b03      	ldr	r3, [pc, #12]	@ (10002894 <__wrap___aeabi_dmul+0x12>)
10002886:	689b      	ldr	r3, [r3, #8]
10002888:	46fc      	mov	ip, pc
1000288a:	9301      	str	r3, [sp, #4]
1000288c:	bd08      	pop	{r3, pc}
1000288e:	df08      	.short	0xdf08
10002890:	10002bf9 	.word	0x10002bf9
10002894:	20000440 	.word	0x20000440
10002898:	d0000000 	.word	0xd0000000

1000289c <__wrap___aeabi_cdrcmple>:
1000289c:	b5ff      	push	{r0, r1, r2, r3, r4, r5, r6, r7, lr}
1000289e:	4050      	eors	r0, r2
100028a0:	4042      	eors	r2, r0
100028a2:	4050      	eors	r0, r2
100028a4:	4059      	eors	r1, r3
100028a6:	404b      	eors	r3, r1
100028a8:	4059      	eors	r1, r3
100028aa:	e000      	b.n	100028ae <__aeabi_dfcmple_guts>

100028ac <__wrap___aeabi_cdcmpeq>:
100028ac:	b5ff      	push	{r0, r1, r2, r3, r4, r5, r6, r7, lr}

100028ae <__aeabi_dfcmple_guts>:
100028ae:	4f15      	ldr	r7, [pc, #84]	@ (10002904 <__aeabi_dfcmple_guts+0x56>)
100028b0:	004c      	lsls	r4, r1, #1
100028b2:	0d64      	lsrs	r4, r4, #21
100028b4:	d003      	beq.n	100028be <__aeabi_dfcmple_guts+0x10>
100028b6:	42bc      	cmp	r4, r7
100028b8:	d104      	bne.n	100028c4 <__aeabi_dfcmple_guts+0x16>
100028ba:	030c      	lsls	r4, r1, #12
100028bc:	d814      	bhi.n	100028e8 <__aeabi_dfcmple_guts+0x3a>
100028be:	2000      	movs	r0, #0
100028c0:	0d09      	lsrs	r1, r1, #20
100028c2:	0509      	lsls	r1, r1, #20
100028c4:	005c      	lsls	r4, r3, #1
100028c6:	0d64      	lsrs	r4, r4, #21
100028c8:	d003      	beq.n	100028d2 <__aeabi_dfcmple_guts+0x24>
100028ca:	42bc      	cmp	r4, r7
100028cc:	d104      	bne.n	100028d8 <__aeabi_dfcmple_guts+0x2a>
100028ce:	031c      	lsls	r4, r3, #12
100028d0:	d80a      	bhi.n	100028e8 <__aeabi_dfcmple_guts+0x3a>
100028d2:	2200      	movs	r2, #0
100028d4:	0d1b      	lsrs	r3, r3, #20
100028d6:	051b      	lsls	r3, r3, #20
100028d8:	2601      	movs	r6, #1
100028da:	404b      	eors	r3, r1
100028dc:	d409      	bmi.n	100028f2 <__aeabi_dfcmple_guts+0x44>
100028de:	404b      	eors	r3, r1
100028e0:	d503      	bpl.n	100028ea <__aeabi_dfcmple_guts+0x3c>
100028e2:	428b      	cmp	r3, r1
100028e4:	d100      	bne.n	100028e8 <__aeabi_dfcmple_guts+0x3a>
100028e6:	4282      	cmp	r2, r0
100028e8:	bdff      	pop	{r0, r1, r2, r3, r4, r5, r6, r7, pc}
100028ea:	4299      	cmp	r1, r3
100028ec:	d1fc      	bne.n	100028e8 <__aeabi_dfcmple_guts+0x3a>
100028ee:	4290      	cmp	r0, r2
100028f0:	bdff      	pop	{r0, r1, r2, r3, r4, r5, r6, r7, pc}
100028f2:	430b      	orrs	r3, r1
100028f4:	18db      	adds	r3, r3, r3
100028f6:	4303      	orrs	r3, r0
100028f8:	4313      	orrs	r3, r2
100028fa:	d0f5      	beq.n	100028e8 <__aeabi_dfcmple_guts+0x3a>
100028fc:	43c9      	mvns	r1, r1
100028fe:	1849      	adds	r1, r1, r1
10002900:	bdff      	pop	{r0, r1, r2, r3, r4, r5, r6, r7, pc}
10002902:	0000      	.short	0x0000
10002904:	000007ff 	.word	0x000007ff

10002908 <__wrap___aeabi_dcmplt>:
10002908:	b500      	push	{lr}
1000290a:	f7ff ffcf 	bl	100028ac <__wrap___aeabi_cdcmpeq>
1000290e:	4180      	sbcs	r0, r0
10002910:	bd00      	pop	{pc}
10002912:	46c0      	nop			@ (mov r8, r8)

10002914 <__wrap___aeabi_dcmple>:
10002914:	b500      	push	{lr}
10002916:	f7ff ffc9 	bl	100028ac <__wrap___aeabi_cdcmpeq>
1000291a:	d901      	bls.n	10002920 <__wrap___aeabi_dcmple+0xc>
1000291c:	2000      	movs	r0, #0
1000291e:	bd00      	pop	{pc}
10002920:	2001      	movs	r0, #1
10002922:	bd00      	pop	{pc}

10002924 <__wrap___aeabi_dcmpge>:
10002924:	b500      	push	{lr}
10002926:	f7ff ffb9 	bl	1000289c <__wrap___aeabi_cdrcmple>
1000292a:	d901      	bls.n	10002930 <__wrap___aeabi_dcmpge+0xc>
1000292c:	2000      	movs	r0, #0
1000292e:	bd00      	pop	{pc}
10002930:	2001      	movs	r0, #1
10002932:	bd00      	pop	{pc}

10002934 <__wrap___aeabi_dcmpgt>:
10002934:	b500      	push	{lr}
10002936:	f7ff ffb1 	bl	1000289c <__wrap___aeabi_cdrcmple>
1000293a:	4180      	sbcs	r0, r0
1000293c:	bd00      	pop	{pc}

1000293e <__wrap___aeabi_dcmpun>:
1000293e:	2001      	movs	r0, #1
10002940:	0540      	lsls	r0, r0, #21
10002942:	004a      	lsls	r2, r1, #1
10002944:	1812      	adds	r2, r2, r0
10002946:	d804      	bhi.n	10002952 <__wrap___aeabi_dcmpun+0x14>
10002948:	005a      	lsls	r2, r3, #1
1000294a:	1812      	adds	r2, r2, r0
1000294c:	d801      	bhi.n	10002952 <__wrap___aeabi_dcmpun+0x14>
1000294e:	2000      	movs	r0, #0
10002950:	4770      	bx	lr
10002952:	2001      	movs	r0, #1
10002954:	4770      	bx	lr
	...

10002958 <__wrap___aeabi_ui2d>:
10002958:	2100      	movs	r1, #0
1000295a:	2800      	cmp	r0, #0
1000295c:	d105      	bne.n	1000296a <__wrap___aeabi_i2d+0xa>
1000295e:	4770      	bx	lr

10002960 <__wrap___aeabi_i2d>:
10002960:	17c1      	asrs	r1, r0, #31
10002962:	4048      	eors	r0, r1
10002964:	1a40      	subs	r0, r0, r1
10002966:	d0fa      	beq.n	1000295e <__wrap___aeabi_ui2d+0x6>
10002968:	07c9      	lsls	r1, r1, #31
1000296a:	b513      	push	{r0, r1, r4, lr}
1000296c:	4b06      	ldr	r3, [pc, #24]	@ (10002988 <__wrap___aeabi_i2d+0x28>)
1000296e:	681b      	ldr	r3, [r3, #0]
10002970:	4798      	blx	r3
10002972:	bc0c      	pop	{r2, r3}
10002974:	1c44      	adds	r4, r0, #1
10002976:	40a2      	lsls	r2, r4
10002978:	0510      	lsls	r0, r2, #20
1000297a:	0b12      	lsrs	r2, r2, #12
1000297c:	4903      	ldr	r1, [pc, #12]	@ (1000298c <__wrap___aeabi_i2d+0x2c>)
1000297e:	1b09      	subs	r1, r1, r4
10002980:	0509      	lsls	r1, r1, #20
10002982:	4319      	orrs	r1, r3
10002984:	4311      	orrs	r1, r2
10002986:	bd10      	pop	{r4, pc}
10002988:	200089d8 	.word	0x200089d8
1000298c:	0000041f 	.word	0x0000041f

10002990 <__wrap___aeabi_d2iz>:
10002990:	b510      	push	{r4, lr}
10002992:	004c      	lsls	r4, r1, #1
10002994:	0d62      	lsrs	r2, r4, #21
10002996:	2380      	movs	r3, #128	@ 0x80
10002998:	18d2      	adds	r2, r2, r3
1000299a:	00db      	lsls	r3, r3, #3
1000299c:	1ad2      	subs	r2, r2, r3
1000299e:	055b      	lsls	r3, r3, #21
100029a0:	2a7e      	cmp	r2, #126	@ 0x7e
100029a2:	dd10      	ble.n	100029c6 <__wrap___aeabi_d2iz+0x36>
100029a4:	3a9e      	subs	r2, #158	@ 0x9e
100029a6:	da13      	bge.n	100029d0 <__wrap___aeabi_d2iz+0x40>
100029a8:	17cc      	asrs	r4, r1, #31
100029aa:	0309      	lsls	r1, r1, #12
100029ac:	0849      	lsrs	r1, r1, #1
100029ae:	4319      	orrs	r1, r3
100029b0:	4252      	negs	r2, r2
100029b2:	40d1      	lsrs	r1, r2
100029b4:	0064      	lsls	r4, r4, #1
100029b6:	3401      	adds	r4, #1
100029b8:	3215      	adds	r2, #21
100029ba:	2a20      	cmp	r2, #32
100029bc:	da05      	bge.n	100029ca <__wrap___aeabi_d2iz+0x3a>
100029be:	40d0      	lsrs	r0, r2
100029c0:	4308      	orrs	r0, r1
100029c2:	4360      	muls	r0, r4
100029c4:	bd10      	pop	{r4, pc}
100029c6:	2000      	movs	r0, #0
100029c8:	bd10      	pop	{r4, pc}
100029ca:	4608      	mov	r0, r1
100029cc:	4360      	muls	r0, r4
100029ce:	bd10      	pop	{r4, pc}
100029d0:	0fc8      	lsrs	r0, r1, #31
100029d2:	18c0      	adds	r0, r0, r3
100029d4:	3801      	subs	r0, #1
100029d6:	bd10      	pop	{r4, pc}

100029d8 <__wrap___aeabi_d2uiz>:
100029d8:	b418      	push	{r3, r4}
100029da:	4b04      	ldr	r3, [pc, #16]	@ (100029ec <__wrap___aeabi_d2uiz+0x14>)
100029dc:	6a5b      	ldr	r3, [r3, #36]	@ 0x24
100029de:	46fc      	mov	ip, pc
100029e0:	9301      	str	r3, [sp, #4]
100029e2:	bd08      	pop	{r3, pc}
100029e4:	2f05df24 	.word	0x2f05df24
100029e8:	00001000 	.word	0x00001000
100029ec:	20000440 	.word	0x20000440

100029f0 <__aeabi_double_init>:
100029f0:	2313      	movs	r3, #19
100029f2:	b570      	push	{r4, r5, r6, lr}
100029f4:	781c      	ldrb	r4, [r3, #0]
100029f6:	2c01      	cmp	r4, #1
100029f8:	d019      	beq.n	10002a2e <__aeabi_double_init+0x3e>
100029fa:	dd14      	ble.n	10002a26 <__aeabi_double_init+0x36>
100029fc:	4812      	ldr	r0, [pc, #72]	@ (10002a48 <__aeabi_double_init+0x58>)
100029fe:	f7ff fb8f 	bl	10002120 <rom_data_lookup>
10002a02:	0006      	movs	r6, r0
10002a04:	4811      	ldr	r0, [pc, #68]	@ (10002a4c <__aeabi_double_init+0x5c>)
10002a06:	f7ff fb8b 	bl	10002120 <rom_data_lookup>
10002a0a:	4d11      	ldr	r5, [pc, #68]	@ (10002a50 <__aeabi_double_init+0x60>)
10002a0c:	2280      	movs	r2, #128	@ 0x80
10002a0e:	0031      	movs	r1, r6
10002a10:	0028      	movs	r0, r5
10002a12:	f000 fb41 	bl	10003098 <__wrap___aeabi_memcpy>
10002a16:	2c02      	cmp	r4, #2
10002a18:	d013      	beq.n	10002a42 <__aeabi_double_init+0x52>
10002a1a:	480e      	ldr	r0, [pc, #56]	@ (10002a54 <__aeabi_double_init+0x64>)
10002a1c:	f7ff fb78 	bl	10002110 <rom_func_lookup>
10002a20:	4b0d      	ldr	r3, [pc, #52]	@ (10002a58 <__aeabi_double_init+0x68>)
10002a22:	6018      	str	r0, [r3, #0]
10002a24:	bd70      	pop	{r4, r5, r6, pc}
10002a26:	4a0d      	ldr	r2, [pc, #52]	@ (10002a5c <__aeabi_double_init+0x6c>)
10002a28:	4d09      	ldr	r5, [pc, #36]	@ (10002a50 <__aeabi_double_init+0x60>)
10002a2a:	64aa      	str	r2, [r5, #72]	@ 0x48
10002a2c:	e7f5      	b.n	10002a1a <__aeabi_double_init+0x2a>
10002a2e:	4d08      	ldr	r5, [pc, #32]	@ (10002a50 <__aeabi_double_init+0x60>)
10002a30:	4a0a      	ldr	r2, [pc, #40]	@ (10002a5c <__aeabi_double_init+0x6c>)
10002a32:	0029      	movs	r1, r5
10002a34:	002b      	movs	r3, r5
10002a36:	3180      	adds	r1, #128	@ 0x80
10002a38:	c304      	stmia	r3!, {r2}
10002a3a:	428b      	cmp	r3, r1
10002a3c:	d1fc      	bne.n	10002a38 <__aeabi_double_init+0x48>
10002a3e:	64aa      	str	r2, [r5, #72]	@ 0x48
10002a40:	e7eb      	b.n	10002a1a <__aeabi_double_init+0x2a>
10002a42:	4a06      	ldr	r2, [pc, #24]	@ (10002a5c <__aeabi_double_init+0x6c>)
10002a44:	64aa      	str	r2, [r5, #72]	@ 0x48
10002a46:	e7e8      	b.n	10002a1a <__aeabi_double_init+0x2a>
10002a48:	00004453 	.word	0x00004453
10002a4c:	00004653 	.word	0x00004653
10002a50:	20000440 	.word	0x20000440
10002a54:	0000334c 	.word	0x0000334c
10002a58:	200089d8 	.word	0x200089d8
10002a5c:	10002a61 	.word	0x10002a61

10002a60 <double_table_shim_on_use_helper>:
10002a60:	b507      	push	{r0, r1, r2, lr}
10002a62:	4660      	mov	r0, ip
10002a64:	8801      	ldrh	r1, [r0, #0]
10002a66:	0a0a      	lsrs	r2, r1, #8
10002a68:	3002      	adds	r0, #2
10002a6a:	2adf      	cmp	r2, #223	@ 0xdf
10002a6c:	d1fa      	bne.n	10002a64 <double_table_shim_on_use_helper+0x4>
10002a6e:	b2c9      	uxtb	r1, r1
10002a70:	0882      	lsrs	r2, r0, #2
10002a72:	d304      	bcc.n	10002a7e <double_table_shim_on_use_helper+0x1e>
10002a74:	8802      	ldrh	r2, [r0, #0]
10002a76:	8840      	ldrh	r0, [r0, #2]
10002a78:	0400      	lsls	r0, r0, #16
10002a7a:	4310      	orrs	r0, r2
10002a7c:	e000      	b.n	10002a80 <double_table_shim_on_use_helper+0x20>
10002a7e:	6800      	ldr	r0, [r0, #0]
10002a80:	4a01      	ldr	r2, [pc, #4]	@ (10002a88 <double_table_shim_on_use_helper+0x28>)
10002a82:	5050      	str	r0, [r2, r1]
10002a84:	9003      	str	r0, [sp, #12]
10002a86:	bd07      	pop	{r0, r1, r2, pc}
10002a88:	20000440 	.word	0x20000440

10002a8c <drsub_shim>:
10002a8c:	b40f      	push	{r0, r1, r2, r3}
10002a8e:	bc03      	pop	{r0, r1}
10002a90:	bc0c      	pop	{r2, r3}

10002a92 <dsub_shim>:
10002a92:	b5f0      	push	{r4, r5, r6, r7, lr}
10002a94:	2401      	movs	r4, #1
10002a96:	07e4      	lsls	r4, r4, #31
10002a98:	4063      	eors	r3, r4
10002a9a:	e000      	b.n	10002a9e <da_entry>

10002a9c <dadd_shim>:
10002a9c:	b5f0      	push	{r4, r5, r6, r7, lr}

10002a9e <da_entry>:
10002a9e:	0d0c      	lsrs	r4, r1, #20
10002aa0:	0fcf      	lsrs	r7, r1, #31
10002aa2:	1e66      	subs	r6, r4, #1
10002aa4:	0536      	lsls	r6, r6, #20
10002aa6:	1b89      	subs	r1, r1, r6
10002aa8:	0564      	lsls	r4, r4, #21
10002aaa:	d303      	bcc.n	10002ab4 <l8_1>
10002aac:	43c9      	mvns	r1, r1
10002aae:	4240      	negs	r0, r0
10002ab0:	d300      	bcc.n	10002ab4 <l8_1>
10002ab2:	3101      	adds	r1, #1

10002ab4 <l8_1>:
10002ab4:	0d64      	lsrs	r4, r4, #21
10002ab6:	d003      	beq.n	10002ac0 <l8_2>
10002ab8:	1c66      	adds	r6, r4, #1
10002aba:	0af6      	lsrs	r6, r6, #11
10002abc:	d007      	beq.n	10002ace <l8_3>
10002abe:	1be4      	subs	r4, r4, r7

10002ac0 <l8_2>:
10002ac0:	2000      	movs	r0, #0
10002ac2:	007f      	lsls	r7, r7, #1
10002ac4:	1c79      	adds	r1, r7, #1
10002ac6:	0789      	lsls	r1, r1, #30
10002ac8:	1289      	asrs	r1, r1, #10
10002aca:	3c80      	subs	r4, #128	@ 0x80
10002acc:	0324      	lsls	r4, r4, #12

10002ace <l8_3>:
10002ace:	0d1d      	lsrs	r5, r3, #20
10002ad0:	0fdf      	lsrs	r7, r3, #31
10002ad2:	1e6e      	subs	r6, r5, #1
10002ad4:	0536      	lsls	r6, r6, #20
10002ad6:	1b9b      	subs	r3, r3, r6
10002ad8:	056d      	lsls	r5, r5, #21
10002ada:	d303      	bcc.n	10002ae4 <l9_1>
10002adc:	43db      	mvns	r3, r3
10002ade:	4252      	negs	r2, r2
10002ae0:	d300      	bcc.n	10002ae4 <l9_1>
10002ae2:	3301      	adds	r3, #1

10002ae4 <l9_1>:
10002ae4:	0d6d      	lsrs	r5, r5, #21
10002ae6:	d003      	beq.n	10002af0 <l9_2>
10002ae8:	1c6e      	adds	r6, r5, #1
10002aea:	0af6      	lsrs	r6, r6, #11
10002aec:	d007      	beq.n	10002afe <l9_3>
10002aee:	1bed      	subs	r5, r5, r7

10002af0 <l9_2>:
10002af0:	2200      	movs	r2, #0
10002af2:	007f      	lsls	r7, r7, #1
10002af4:	1c7b      	adds	r3, r7, #1
10002af6:	079b      	lsls	r3, r3, #30
10002af8:	129b      	asrs	r3, r3, #10
10002afa:	3d80      	subs	r5, #128	@ 0x80
10002afc:	032d      	lsls	r5, r5, #12

10002afe <l9_3>:
10002afe:	1b2f      	subs	r7, r5, r4
10002b00:	1b66      	subs	r6, r4, r5
10002b02:	d458      	bmi.n	10002bb6 <da_ygtx>
10002b04:	46a4      	mov	ip, r4
10002b06:	2e20      	cmp	r6, #32
10002b08:	da46      	bge.n	10002b98 <da_xrgty>
10002b0a:	3720      	adds	r7, #32
10002b0c:	0014      	movs	r4, r2
10002b0e:	40bc      	lsls	r4, r7

10002b10 <da_xgty0>:
10002b10:	001d      	movs	r5, r3
10002b12:	40bd      	lsls	r5, r7
10002b14:	40f2      	lsrs	r2, r6
10002b16:	4133      	asrs	r3, r6
10002b18:	432a      	orrs	r2, r5

10002b1a <da_add>:
10002b1a:	1880      	adds	r0, r0, r2
10002b1c:	4159      	adcs	r1, r3

10002b1e <da_pack>:
10002b1e:	0fcb      	lsrs	r3, r1, #31
10002b20:	d005      	beq.n	10002b2e <da_pack+0x10>
10002b22:	43c9      	mvns	r1, r1
10002b24:	43c0      	mvns	r0, r0
10002b26:	2200      	movs	r2, #0
10002b28:	4264      	negs	r4, r4
10002b2a:	4150      	adcs	r0, r2
10002b2c:	4151      	adcs	r1, r2
10002b2e:	4662      	mov	r2, ip
10002b30:	0d4d      	lsrs	r5, r1, #21
10002b32:	d128      	bne.n	10002b86 <da_0>
10002b34:	0d0d      	lsrs	r5, r1, #20
10002b36:	d107      	bne.n	10002b48 <da_1>
10002b38:	2800      	cmp	r0, #0
10002b3a:	d01f      	beq.n	10002b7c <da_5>

10002b3c <da_2>:
10002b3c:	1924      	adds	r4, r4, r4
10002b3e:	4140      	adcs	r0, r0
10002b40:	4149      	adcs	r1, r1
10002b42:	3a01      	subs	r2, #1
10002b44:	0d0d      	lsrs	r5, r1, #20
10002b46:	d0f9      	beq.n	10002b3c <da_2>

10002b48 <da_1>:
10002b48:	0064      	lsls	r4, r4, #1
10002b4a:	d306      	bcc.n	10002b5a <da_3>

10002b4c <da_4>:
10002b4c:	3001      	adds	r0, #1
10002b4e:	d300      	bcc.n	10002b52 <da_4+0x6>
10002b50:	3101      	adds	r1, #1
10002b52:	2c00      	cmp	r4, #0
10002b54:	d101      	bne.n	10002b5a <da_3>
10002b56:	0840      	lsrs	r0, r0, #1
10002b58:	0040      	lsls	r0, r0, #1

10002b5a <da_3>:
10002b5a:	3a01      	subs	r2, #1
10002b5c:	d40b      	bmi.n	10002b76 <da_6>
10002b5e:	1c94      	adds	r4, r2, #2
10002b60:	0ae4      	lsrs	r4, r4, #11
10002b62:	d104      	bne.n	10002b6e <da_7>
10002b64:	0512      	lsls	r2, r2, #20
10002b66:	4411      	add	r1, r2
10002b68:	07db      	lsls	r3, r3, #31
10002b6a:	4419      	add	r1, r3
10002b6c:	bdf0      	pop	{r4, r5, r6, r7, pc}

10002b6e <da_7>:
10002b6e:	07d9      	lsls	r1, r3, #31
10002b70:	4b20      	ldr	r3, [pc, #128]	@ (10002bf4 <da_xmgty+0x4>)
10002b72:	4319      	orrs	r1, r3
10002b74:	e000      	b.n	10002b78 <da_6+0x2>

10002b76 <da_6>:
10002b76:	07d9      	lsls	r1, r3, #31
10002b78:	2000      	movs	r0, #0
10002b7a:	bdf0      	pop	{r4, r5, r6, r7, pc}

10002b7c <da_5>:
10002b7c:	2900      	cmp	r1, #0
10002b7e:	d1dd      	bne.n	10002b3c <da_2>
10002b80:	2c00      	cmp	r4, #0
10002b82:	d1db      	bne.n	10002b3c <da_2>
10002b84:	bdf0      	pop	{r4, r5, r6, r7, pc}

10002b86 <da_0>:
10002b86:	3201      	adds	r2, #1
10002b88:	07c6      	lsls	r6, r0, #31
10002b8a:	0840      	lsrs	r0, r0, #1
10002b8c:	07cd      	lsls	r5, r1, #31
10002b8e:	4328      	orrs	r0, r5
10002b90:	0849      	lsrs	r1, r1, #1
10002b92:	2e00      	cmp	r6, #0
10002b94:	d0e1      	beq.n	10002b5a <da_3>
10002b96:	e7d9      	b.n	10002b4c <da_4>

10002b98 <da_xrgty>:
10002b98:	2e3c      	cmp	r6, #60	@ 0x3c
10002b9a:	da29      	bge.n	10002bf0 <da_xmgty>
10002b9c:	3e20      	subs	r6, #32
10002b9e:	3740      	adds	r7, #64	@ 0x40
10002ba0:	0014      	movs	r4, r2
10002ba2:	40bc      	lsls	r4, r7
10002ba4:	d000      	beq.n	10002ba8 <da_xrgty+0x10>
10002ba6:	2401      	movs	r4, #1
10002ba8:	40f2      	lsrs	r2, r6
10002baa:	4314      	orrs	r4, r2
10002bac:	001a      	movs	r2, r3
10002bae:	40bb      	lsls	r3, r7
10002bb0:	431c      	orrs	r4, r3
10002bb2:	17d3      	asrs	r3, r2, #31
10002bb4:	e7ac      	b.n	10002b10 <da_xgty0>

10002bb6 <da_ygtx>:
10002bb6:	46ac      	mov	ip, r5
10002bb8:	2f20      	cmp	r7, #32
10002bba:	da08      	bge.n	10002bce <da_yrgtx>
10002bbc:	3620      	adds	r6, #32
10002bbe:	0004      	movs	r4, r0
10002bc0:	40b4      	lsls	r4, r6

10002bc2 <da_ygtx0>:
10002bc2:	000d      	movs	r5, r1
10002bc4:	40b5      	lsls	r5, r6
10002bc6:	40f8      	lsrs	r0, r7
10002bc8:	4139      	asrs	r1, r7
10002bca:	4328      	orrs	r0, r5
10002bcc:	e7a5      	b.n	10002b1a <da_add>

10002bce <da_yrgtx>:
10002bce:	2f3c      	cmp	r7, #60	@ 0x3c
10002bd0:	da0c      	bge.n	10002bec <da_ymgtx>
10002bd2:	3f20      	subs	r7, #32
10002bd4:	3640      	adds	r6, #64	@ 0x40
10002bd6:	0004      	movs	r4, r0
10002bd8:	40b4      	lsls	r4, r6
10002bda:	d000      	beq.n	10002bde <da_yrgtx+0x10>
10002bdc:	2401      	movs	r4, #1
10002bde:	40f8      	lsrs	r0, r7
10002be0:	4304      	orrs	r4, r0
10002be2:	0008      	movs	r0, r1
10002be4:	40b1      	lsls	r1, r6
10002be6:	430c      	orrs	r4, r1
10002be8:	17c1      	asrs	r1, r0, #31
10002bea:	e7ea      	b.n	10002bc2 <da_ygtx0>

10002bec <da_ymgtx>:
10002bec:	0010      	movs	r0, r2
10002bee:	0019      	movs	r1, r3

10002bf0 <da_xmgty>:
10002bf0:	2400      	movs	r4, #0
10002bf2:	e794      	b.n	10002b1e <da_pack>
10002bf4:	7ff00000 	.word	0x7ff00000

10002bf8 <dmul_shim>:
10002bf8:	b5f0      	push	{r4, r5, r6, r7, lr}
10002bfa:	0d0c      	lsrs	r4, r1, #20
10002bfc:	1e66      	subs	r6, r4, #1
10002bfe:	0536      	lsls	r6, r6, #20
10002c00:	1b89      	subs	r1, r1, r6
10002c02:	0ae6      	lsrs	r6, r4, #11
10002c04:	0564      	lsls	r4, r4, #21
10002c06:	0d64      	lsrs	r4, r4, #21
10002c08:	d002      	beq.n	10002c10 <l12_1>
10002c0a:	1c65      	adds	r5, r4, #1
10002c0c:	0aed      	lsrs	r5, r5, #11
10002c0e:	d004      	beq.n	10002c1a <l12_2>

10002c10 <l12_1>:
10002c10:	2000      	movs	r0, #0
10002c12:	2101      	movs	r1, #1
10002c14:	0509      	lsls	r1, r1, #20
10002c16:	3c80      	subs	r4, #128	@ 0x80
10002c18:	0324      	lsls	r4, r4, #12

10002c1a <l12_2>:
10002c1a:	46a4      	mov	ip, r4
10002c1c:	0d1c      	lsrs	r4, r3, #20
10002c1e:	1e67      	subs	r7, r4, #1
10002c20:	053f      	lsls	r7, r7, #20
10002c22:	1bdb      	subs	r3, r3, r7
10002c24:	0ae7      	lsrs	r7, r4, #11
10002c26:	0564      	lsls	r4, r4, #21
10002c28:	0d64      	lsrs	r4, r4, #21
10002c2a:	d002      	beq.n	10002c32 <l13_1>
10002c2c:	1c65      	adds	r5, r4, #1
10002c2e:	0aed      	lsrs	r5, r5, #11
10002c30:	d004      	beq.n	10002c3c <l13_2>

10002c32 <l13_1>:
10002c32:	2200      	movs	r2, #0
10002c34:	2301      	movs	r3, #1
10002c36:	051b      	lsls	r3, r3, #20
10002c38:	3c80      	subs	r4, #128	@ 0x80
10002c3a:	0324      	lsls	r4, r4, #12

10002c3c <l13_2>:
10002c3c:	4077      	eors	r7, r6
10002c3e:	4464      	add	r4, ip
10002c40:	b497      	push	{r0, r1, r2, r4, r7}
10002c42:	b284      	uxth	r4, r0
10002c44:	b296      	uxth	r6, r2
10002c46:	4374      	muls	r4, r6
10002c48:	0c07      	lsrs	r7, r0, #16
10002c4a:	437e      	muls	r6, r7
10002c4c:	0c15      	lsrs	r5, r2, #16
10002c4e:	436f      	muls	r7, r5
10002c50:	b280      	uxth	r0, r0
10002c52:	4368      	muls	r0, r5
10002c54:	1836      	adds	r6, r6, r0
10002c56:	d302      	bcc.n	10002c5e <l14_1>
10002c58:	2001      	movs	r0, #1
10002c5a:	0400      	lsls	r0, r0, #16
10002c5c:	183f      	adds	r7, r7, r0

10002c5e <l14_1>:
10002c5e:	0430      	lsls	r0, r6, #16
10002c60:	0c35      	lsrs	r5, r6, #16
10002c62:	1900      	adds	r0, r0, r4
10002c64:	417d      	adcs	r5, r7
10002c66:	4684      	mov	ip, r0
10002c68:	b288      	uxth	r0, r1
10002c6a:	b29a      	uxth	r2, r3
10002c6c:	4350      	muls	r0, r2
10002c6e:	0c0c      	lsrs	r4, r1, #16
10002c70:	4362      	muls	r2, r4
10002c72:	0c1f      	lsrs	r7, r3, #16
10002c74:	437c      	muls	r4, r7
10002c76:	b28e      	uxth	r6, r1
10002c78:	437e      	muls	r6, r7
10002c7a:	1992      	adds	r2, r2, r6
10002c7c:	d302      	bcc.n	10002c84 <l15_1>
10002c7e:	2601      	movs	r6, #1
10002c80:	0436      	lsls	r6, r6, #16
10002c82:	19a4      	adds	r4, r4, r6

10002c84 <l15_1>:
10002c84:	0416      	lsls	r6, r2, #16
10002c86:	0c17      	lsrs	r7, r2, #16
10002c88:	1836      	adds	r6, r6, r0
10002c8a:	4167      	adcs	r7, r4
10002c8c:	bc01      	pop	{r0}
10002c8e:	b281      	uxth	r1, r0
10002c90:	b29a      	uxth	r2, r3
10002c92:	4351      	muls	r1, r2
10002c94:	0c04      	lsrs	r4, r0, #16
10002c96:	4362      	muls	r2, r4
10002c98:	0c1b      	lsrs	r3, r3, #16
10002c9a:	435c      	muls	r4, r3
10002c9c:	b280      	uxth	r0, r0
10002c9e:	4358      	muls	r0, r3
10002ca0:	1812      	adds	r2, r2, r0
10002ca2:	d302      	bcc.n	10002caa <l16_1>
10002ca4:	2001      	movs	r0, #1
10002ca6:	0400      	lsls	r0, r0, #16
10002ca8:	1824      	adds	r4, r4, r0

10002caa <l16_1>:
10002caa:	0410      	lsls	r0, r2, #16
10002cac:	0c13      	lsrs	r3, r2, #16
10002cae:	1840      	adds	r0, r0, r1
10002cb0:	4163      	adcs	r3, r4
10002cb2:	182d      	adds	r5, r5, r0
10002cb4:	415e      	adcs	r6, r3
10002cb6:	2000      	movs	r0, #0
10002cb8:	4147      	adcs	r7, r0
10002cba:	bc06      	pop	{r1, r2}
10002cbc:	b288      	uxth	r0, r1
10002cbe:	b293      	uxth	r3, r2
10002cc0:	4358      	muls	r0, r3
10002cc2:	0c0c      	lsrs	r4, r1, #16
10002cc4:	4363      	muls	r3, r4
10002cc6:	0c12      	lsrs	r2, r2, #16
10002cc8:	4354      	muls	r4, r2
10002cca:	b289      	uxth	r1, r1
10002ccc:	4351      	muls	r1, r2
10002cce:	185b      	adds	r3, r3, r1
10002cd0:	d302      	bcc.n	10002cd8 <l17_1>
10002cd2:	2101      	movs	r1, #1
10002cd4:	0409      	lsls	r1, r1, #16
10002cd6:	1864      	adds	r4, r4, r1

10002cd8 <l17_1>:
10002cd8:	0419      	lsls	r1, r3, #16
10002cda:	0c1a      	lsrs	r2, r3, #16
10002cdc:	1809      	adds	r1, r1, r0
10002cde:	4162      	adcs	r2, r4
10002ce0:	186d      	adds	r5, r5, r1
10002ce2:	4156      	adcs	r6, r2
10002ce4:	2000      	movs	r0, #0
10002ce6:	4147      	adcs	r7, r0
10002ce8:	bc18      	pop	{r3, r4}
10002cea:	02f9      	lsls	r1, r7, #11
10002cec:	0d72      	lsrs	r2, r6, #21
10002cee:	4311      	orrs	r1, r2
10002cf0:	02f0      	lsls	r0, r6, #11
10002cf2:	0d6a      	lsrs	r2, r5, #21
10002cf4:	4310      	orrs	r0, r2
10002cf6:	02ed      	lsls	r5, r5, #11
10002cf8:	0d0a      	lsrs	r2, r1, #20
10002cfa:	d103      	bne.n	10002d04 <l17_1+0x2c>
10002cfc:	196d      	adds	r5, r5, r5
10002cfe:	4140      	adcs	r0, r0
10002d00:	4149      	adcs	r1, r1
10002d02:	3b01      	subs	r3, #1
10002d04:	4e12      	ldr	r6, [pc, #72]	@ (10002d50 <dm_1+0xa>)
10002d06:	1b9b      	subs	r3, r3, r6
10002d08:	0076      	lsls	r6, r6, #1
10002d0a:	42b3      	cmp	r3, r6
10002d0c:	d20e      	bcs.n	10002d2c <dm_0>
10002d0e:	006d      	lsls	r5, r5, #1
10002d10:	d307      	bcc.n	10002d22 <l17_1+0x4a>
10002d12:	3001      	adds	r0, #1
10002d14:	2600      	movs	r6, #0
10002d16:	4171      	adcs	r1, r6
10002d18:	4666      	mov	r6, ip
10002d1a:	4335      	orrs	r5, r6
10002d1c:	d101      	bne.n	10002d22 <l17_1+0x4a>
10002d1e:	0840      	lsrs	r0, r0, #1
10002d20:	0040      	lsls	r0, r0, #1
10002d22:	051b      	lsls	r3, r3, #20
10002d24:	18c9      	adds	r1, r1, r3

10002d26 <dm_2>:
10002d26:	07e4      	lsls	r4, r4, #31
10002d28:	4421      	add	r1, r4
10002d2a:	bdf0      	pop	{r4, r5, r6, r7, pc}

10002d2c <dm_0>:
10002d2c:	da0b      	bge.n	10002d46 <dm_1>
10002d2e:	3301      	adds	r3, #1
10002d30:	d106      	bne.n	10002d40 <dm_0+0x14>
10002d32:	3001      	adds	r0, #1
10002d34:	d104      	bne.n	10002d40 <dm_0+0x14>
10002d36:	3101      	adds	r1, #1
10002d38:	0d4f      	lsrs	r7, r1, #21
10002d3a:	d001      	beq.n	10002d40 <dm_0+0x14>
10002d3c:	0849      	lsrs	r1, r1, #1
10002d3e:	e7f2      	b.n	10002d26 <dm_2>
10002d40:	07e1      	lsls	r1, r4, #31
10002d42:	2000      	movs	r0, #0
10002d44:	bdf0      	pop	{r4, r5, r6, r7, pc}

10002d46 <dm_1>:
10002d46:	3601      	adds	r6, #1
10002d48:	0531      	lsls	r1, r6, #20
10002d4a:	2000      	movs	r0, #0
10002d4c:	e7eb      	b.n	10002d26 <dm_2>
10002d4e:	0000      	.short	0x0000
10002d50:	000003ff 	.word	0x000003ff

10002d54 <ddiv_shim>:
10002d54:	b5f0      	push	{r4, r5, r6, r7, lr}

10002d56 <ddiv0>:
10002d56:	0d1c      	lsrs	r4, r3, #20
10002d58:	1e67      	subs	r7, r4, #1
10002d5a:	053f      	lsls	r7, r7, #20
10002d5c:	1bdb      	subs	r3, r3, r7
10002d5e:	0ae7      	lsrs	r7, r4, #11
10002d60:	0564      	lsls	r4, r4, #21
10002d62:	0d64      	lsrs	r4, r4, #21
10002d64:	d002      	beq.n	10002d6c <l20_1>
10002d66:	1c66      	adds	r6, r4, #1
10002d68:	0af6      	lsrs	r6, r6, #11
10002d6a:	d004      	beq.n	10002d76 <l20_2>

10002d6c <l20_1>:
10002d6c:	2200      	movs	r2, #0
10002d6e:	2301      	movs	r3, #1
10002d70:	051b      	lsls	r3, r3, #20
10002d72:	3c80      	subs	r4, #128	@ 0x80
10002d74:	0324      	lsls	r4, r4, #12

10002d76 <l20_2>:
10002d76:	25d0      	movs	r5, #208	@ 0xd0
10002d78:	062d      	lsls	r5, r5, #24
10002d7a:	2600      	movs	r6, #0
10002d7c:	43f6      	mvns	r6, r6
10002d7e:	662e      	str	r6, [r5, #96]	@ 0x60
10002d80:	091e      	lsrs	r6, r3, #4
10002d82:	666e      	str	r6, [r5, #100]	@ 0x64
10002d84:	0fce      	lsrs	r6, r1, #31
10002d86:	19f6      	adds	r6, r6, r7
10002d88:	46b4      	mov	ip, r6
10002d8a:	0049      	lsls	r1, r1, #1
10002d8c:	0d4f      	lsrs	r7, r1, #21
10002d8e:	d002      	beq.n	10002d96 <l20_2+0x20>
10002d90:	1c7e      	adds	r6, r7, #1
10002d92:	0af6      	lsrs	r6, r6, #11
10002d94:	d003      	beq.n	10002d9e <l20_2+0x28>
10002d96:	2000      	movs	r0, #0
10002d98:	2100      	movs	r1, #0
10002d9a:	3f40      	subs	r7, #64	@ 0x40
10002d9c:	033f      	lsls	r7, r7, #12
10002d9e:	1b3e      	subs	r6, r7, r4
10002da0:	00b6      	lsls	r6, r6, #2
10002da2:	44b4      	add	ip, r6
10002da4:	3f01      	subs	r7, #1
10002da6:	057f      	lsls	r7, r7, #21
10002da8:	1bc9      	subs	r1, r1, r7
10002daa:	0849      	lsrs	r1, r1, #1
10002dac:	6f2e      	ldr	r6, [r5, #112]	@ 0x70
10002dae:	3601      	adds	r6, #1
10002db0:	0876      	lsrs	r6, r6, #1
10002db2:	029c      	lsls	r4, r3, #10
10002db4:	0d95      	lsrs	r5, r2, #22
10002db6:	4325      	orrs	r5, r4
10002db8:	4375      	muls	r5, r6
10002dba:	13ed      	asrs	r5, r5, #15
10002dbc:	4375      	muls	r5, r6
10002dbe:	13ad      	asrs	r5, r5, #14
10002dc0:	3501      	adds	r5, #1
10002dc2:	106d      	asrs	r5, r5, #1
10002dc4:	03f6      	lsls	r6, r6, #15
10002dc6:	1b76      	subs	r6, r6, r5
10002dc8:	b40c      	push	{r2, r3}
10002dca:	02cc      	lsls	r4, r1, #11
10002dcc:	0d45      	lsrs	r5, r0, #21
10002dce:	432c      	orrs	r4, r5
10002dd0:	b2a2      	uxth	r2, r4
10002dd2:	b2b3      	uxth	r3, r6
10002dd4:	435a      	muls	r2, r3
10002dd6:	0c27      	lsrs	r7, r4, #16
10002dd8:	437b      	muls	r3, r7
10002dda:	0c35      	lsrs	r5, r6, #16
10002ddc:	436f      	muls	r7, r5
10002dde:	b2a4      	uxth	r4, r4
10002de0:	436c      	muls	r4, r5
10002de2:	191b      	adds	r3, r3, r4
10002de4:	d302      	bcc.n	10002dec <l21_1>
10002de6:	2401      	movs	r4, #1
10002de8:	0424      	lsls	r4, r4, #16
10002dea:	193f      	adds	r7, r7, r4

10002dec <l21_1>:
10002dec:	041c      	lsls	r4, r3, #16
10002dee:	0c1d      	lsrs	r5, r3, #16
10002df0:	18a4      	adds	r4, r4, r2
10002df2:	417d      	adcs	r5, r7
10002df4:	1924      	adds	r4, r4, r4
10002df6:	416d      	adcs	r5, r5
10002df8:	9a00      	ldr	r2, [sp, #0]
10002dfa:	b291      	uxth	r1, r2
10002dfc:	b2ac      	uxth	r4, r5
10002dfe:	4361      	muls	r1, r4
10002e00:	0c17      	lsrs	r7, r2, #16
10002e02:	437c      	muls	r4, r7
10002e04:	0c2b      	lsrs	r3, r5, #16
10002e06:	435f      	muls	r7, r3
10002e08:	b292      	uxth	r2, r2
10002e0a:	435a      	muls	r2, r3
10002e0c:	18a4      	adds	r4, r4, r2
10002e0e:	d302      	bcc.n	10002e16 <l22_1>
10002e10:	2201      	movs	r2, #1
10002e12:	0412      	lsls	r2, r2, #16
10002e14:	18bf      	adds	r7, r7, r2

10002e16 <l22_1>:
10002e16:	0422      	lsls	r2, r4, #16
10002e18:	0c23      	lsrs	r3, r4, #16
10002e1a:	1852      	adds	r2, r2, r1
10002e1c:	417b      	adcs	r3, r7
10002e1e:	9c01      	ldr	r4, [sp, #4]
10002e20:	436c      	muls	r4, r5
10002e22:	191b      	adds	r3, r3, r4
10002e24:	0e52      	lsrs	r2, r2, #25
10002e26:	01d9      	lsls	r1, r3, #7
10002e28:	430a      	orrs	r2, r1
10002e2a:	0144      	lsls	r4, r0, #5
10002e2c:	1aa0      	subs	r0, r4, r2
10002e2e:	b281      	uxth	r1, r0
10002e30:	b2b2      	uxth	r2, r6
10002e32:	4351      	muls	r1, r2
10002e34:	1403      	asrs	r3, r0, #16
10002e36:	435a      	muls	r2, r3
10002e38:	0c36      	lsrs	r6, r6, #16
10002e3a:	4373      	muls	r3, r6
10002e3c:	b287      	uxth	r7, r0
10002e3e:	4377      	muls	r7, r6
10002e40:	17d6      	asrs	r6, r2, #31
10002e42:	19d2      	adds	r2, r2, r7
10002e44:	2700      	movs	r7, #0
10002e46:	417e      	adcs	r6, r7
10002e48:	0436      	lsls	r6, r6, #16
10002e4a:	199b      	adds	r3, r3, r6
10002e4c:	0417      	lsls	r7, r2, #16
10002e4e:	0c16      	lsrs	r6, r2, #16
10002e50:	187f      	adds	r7, r7, r1
10002e52:	415e      	adcs	r6, r3
10002e54:	1673      	asrs	r3, r6, #25
10002e56:	18ed      	adds	r5, r5, r3
10002e58:	01f3      	lsls	r3, r6, #7
10002e5a:	2600      	movs	r6, #0
10002e5c:	3380      	adds	r3, #128	@ 0x80
10002e5e:	4175      	adcs	r5, r6
10002e60:	0fa9      	lsrs	r1, r5, #30
10002e62:	d106      	bne.n	10002e72 <dd_0>
10002e64:	0064      	lsls	r4, r4, #1
10002e66:	0a69      	lsrs	r1, r5, #9
10002e68:	05e8      	lsls	r0, r5, #23
10002e6a:	0a5b      	lsrs	r3, r3, #9
10002e6c:	4318      	orrs	r0, r3
10002e6e:	d209      	bcs.n	10002e84 <dd_1>
10002e70:	e02f      	b.n	10002ed2 <dd_2>

10002e72 <dd_0>:
10002e72:	2204      	movs	r2, #4
10002e74:	4494      	add	ip, r2
10002e76:	3380      	adds	r3, #128	@ 0x80
10002e78:	4175      	adcs	r5, r6
10002e7a:	0aa9      	lsrs	r1, r5, #10
10002e7c:	05a8      	lsls	r0, r5, #22
10002e7e:	0a9b      	lsrs	r3, r3, #10
10002e80:	4318      	orrs	r0, r3
10002e82:	d326      	bcc.n	10002ed2 <dd_2>

10002e84 <dd_1>:
10002e84:	4140      	adcs	r0, r0
10002e86:	4149      	adcs	r1, r1
10002e88:	0424      	lsls	r4, r4, #16
10002e8a:	9a00      	ldr	r2, [sp, #0]
10002e8c:	9b01      	ldr	r3, [sp, #4]
10002e8e:	000d      	movs	r5, r1
10002e90:	4355      	muls	r5, r2
10002e92:	1b64      	subs	r4, r4, r5
10002e94:	4343      	muls	r3, r0
10002e96:	1ae4      	subs	r4, r4, r3
10002e98:	b295      	uxth	r5, r2
10002e9a:	b286      	uxth	r6, r0
10002e9c:	4375      	muls	r5, r6
10002e9e:	0c17      	lsrs	r7, r2, #16
10002ea0:	437e      	muls	r6, r7
10002ea2:	0c03      	lsrs	r3, r0, #16
10002ea4:	435f      	muls	r7, r3
10002ea6:	b292      	uxth	r2, r2
10002ea8:	435a      	muls	r2, r3
10002eaa:	18b6      	adds	r6, r6, r2
10002eac:	d302      	bcc.n	10002eb4 <l24_1>
10002eae:	2201      	movs	r2, #1
10002eb0:	0412      	lsls	r2, r2, #16
10002eb2:	18bf      	adds	r7, r7, r2

10002eb4 <l24_1>:
10002eb4:	0432      	lsls	r2, r6, #16
10002eb6:	0c33      	lsrs	r3, r6, #16
10002eb8:	1952      	adds	r2, r2, r5
10002eba:	417b      	adcs	r3, r7
10002ebc:	4252      	negs	r2, r2
10002ebe:	419c      	sbcs	r4, r3
10002ec0:	2c00      	cmp	r4, #0
10002ec2:	d402      	bmi.n	10002eca <l24_1+0x16>
10002ec4:	2200      	movs	r2, #0
10002ec6:	3001      	adds	r0, #1
10002ec8:	4151      	adcs	r1, r2
10002eca:	0840      	lsrs	r0, r0, #1
10002ecc:	07ca      	lsls	r2, r1, #31
10002ece:	4310      	orrs	r0, r2
10002ed0:	0849      	lsrs	r1, r1, #1

10002ed2 <dd_2>:
10002ed2:	b002      	add	sp, #8
10002ed4:	4662      	mov	r2, ip
10002ed6:	07d7      	lsls	r7, r2, #31
10002ed8:	1092      	asrs	r2, r2, #2
10002eda:	4b08      	ldr	r3, [pc, #32]	@ (10002efc <dd_4+0x6>)
10002edc:	18d2      	adds	r2, r2, r3
10002ede:	4b08      	ldr	r3, [pc, #32]	@ (10002f00 <dd_4+0xa>)
10002ee0:	429a      	cmp	r2, r3
10002ee2:	d203      	bcs.n	10002eec <dd_3>
10002ee4:	0512      	lsls	r2, r2, #20
10002ee6:	1889      	adds	r1, r1, r2

10002ee8 <dd_5>:
10002ee8:	19c9      	adds	r1, r1, r7
10002eea:	bdf0      	pop	{r4, r5, r6, r7, pc}

10002eec <dd_3>:
10002eec:	2000      	movs	r0, #0
10002eee:	2a00      	cmp	r2, #0
10002ef0:	dc01      	bgt.n	10002ef6 <dd_4>
10002ef2:	0039      	movs	r1, r7
10002ef4:	bdf0      	pop	{r4, r5, r6, r7, pc}

10002ef6 <dd_4>:
10002ef6:	3301      	adds	r3, #1
10002ef8:	0519      	lsls	r1, r3, #20
10002efa:	e7f5      	b.n	10002ee8 <dd_5>
10002efc:	000003fd 	.word	0x000003fd
10002f00:	000007fe 	.word	0x000007fe

10002f04 <double2uint_shim>:
10002f04:	2200      	movs	r2, #0

10002f06 <double2ufix_shim>:
10002f06:	b500      	push	{lr}
10002f08:	3220      	adds	r2, #32
10002f0a:	f000 f804 	bl	10002f16 <double2ufix64_shim>
10002f0e:	0008      	movs	r0, r1
10002f10:	bd00      	pop	{pc}
	...

10002f14 <double2uint64_shim>:
10002f14:	2200      	movs	r2, #0

10002f16 <double2ufix64_shim>:
10002f16:	150b      	asrs	r3, r1, #20
10002f18:	d40a      	bmi.n	10002f30 <ret_dzero>

10002f1a <d2fix>:
10002f1a:	b510      	push	{r4, lr}
10002f1c:	4694      	mov	ip, r2
10002f1e:	f000 f831 	bl	10002f84 <dunpacks>
10002f22:	1414      	asrs	r4, r2, #16
10002f24:	3401      	adds	r4, #1
10002f26:	da00      	bge.n	10002f2a <d2fix+0x10>
10002f28:	2100      	movs	r1, #0
10002f2a:	17cb      	asrs	r3, r1, #31
10002f2c:	4c14      	ldr	r4, [pc, #80]	@ (10002f80 <d2fix_a+0x4a>)
10002f2e:	4720      	bx	r4

10002f30 <ret_dzero>:
10002f30:	2000      	movs	r0, #0
10002f32:	2100      	movs	r1, #0
10002f34:	4770      	bx	lr

10002f36 <d2fix_a>:
10002f36:	4462      	add	r2, ip
10002f38:	3a34      	subs	r2, #52	@ 0x34
10002f3a:	d40c      	bmi.n	10002f56 <d2fix_a+0x20>
10002f3c:	2a0c      	cmp	r2, #12
10002f3e:	da07      	bge.n	10002f50 <d2fix_a+0x1a>
10002f40:	0004      	movs	r4, r0
10002f42:	4091      	lsls	r1, r2
10002f44:	4090      	lsls	r0, r2
10002f46:	4252      	negs	r2, r2
10002f48:	3220      	adds	r2, #32
10002f4a:	40d4      	lsrs	r4, r2
10002f4c:	4321      	orrs	r1, r4
10002f4e:	bd10      	pop	{r4, pc}
10002f50:	43d8      	mvns	r0, r3
10002f52:	43d9      	mvns	r1, r3
10002f54:	bd10      	pop	{r4, pc}
10002f56:	3220      	adds	r2, #32
10002f58:	d407      	bmi.n	10002f6a <d2fix_a+0x34>
10002f5a:	460c      	mov	r4, r1
10002f5c:	4094      	lsls	r4, r2
10002f5e:	4252      	negs	r2, r2
10002f60:	3220      	adds	r2, #32
10002f62:	4111      	asrs	r1, r2
10002f64:	40d0      	lsrs	r0, r2
10002f66:	4320      	orrs	r0, r4
10002f68:	bd10      	pop	{r4, pc}
10002f6a:	0008      	movs	r0, r1
10002f6c:	17c9      	asrs	r1, r1, #31
10002f6e:	3220      	adds	r2, #32
10002f70:	d403      	bmi.n	10002f7a <d2fix_a+0x44>
10002f72:	4252      	negs	r2, r2
10002f74:	3220      	adds	r2, #32
10002f76:	4110      	asrs	r0, r2
10002f78:	bd10      	pop	{r4, pc}
10002f7a:	0018      	movs	r0, r3
10002f7c:	0019      	movs	r1, r3
10002f7e:	bd10      	pop	{r4, pc}
10002f80:	10002f37 	.word	0x10002f37

10002f84 <dunpacks>:
10002f84:	0d0a      	lsrs	r2, r1, #20
10002f86:	0fcc      	lsrs	r4, r1, #31
10002f88:	1e53      	subs	r3, r2, #1
10002f8a:	051b      	lsls	r3, r3, #20
10002f8c:	1ac9      	subs	r1, r1, r3
10002f8e:	0552      	lsls	r2, r2, #21
10002f90:	d303      	bcc.n	10002f9a <l60_1>
10002f92:	43c9      	mvns	r1, r1
10002f94:	4240      	negs	r0, r0
10002f96:	d300      	bcc.n	10002f9a <l60_1>
10002f98:	3101      	adds	r1, #1

10002f9a <l60_1>:
10002f9a:	0d52      	lsrs	r2, r2, #21
10002f9c:	d003      	beq.n	10002fa6 <l60_2>
10002f9e:	1c53      	adds	r3, r2, #1
10002fa0:	0adb      	lsrs	r3, r3, #11
10002fa2:	d007      	beq.n	10002fb4 <l60_3>
10002fa4:	1b12      	subs	r2, r2, r4

10002fa6 <l60_2>:
10002fa6:	2000      	movs	r0, #0
10002fa8:	0064      	lsls	r4, r4, #1
10002faa:	1c61      	adds	r1, r4, #1
10002fac:	0789      	lsls	r1, r1, #30
10002fae:	1289      	asrs	r1, r1, #10
10002fb0:	3a80      	subs	r2, #128	@ 0x80
10002fb2:	0312      	lsls	r2, r2, #12

10002fb4 <l60_3>:
10002fb4:	4b01      	ldr	r3, [pc, #4]	@ (10002fbc <l60_3+0x8>)
10002fb6:	1ad2      	subs	r2, r2, r3
10002fb8:	4770      	bx	lr
10002fba:	0000      	.short	0x0000
10002fbc:	000003ff 	.word	0x000003ff

10002fc0 <__wrap___aeabi_lmul>:
10002fc0:	4351      	muls	r1, r2
10002fc2:	4343      	muls	r3, r0
10002fc4:	18c9      	adds	r1, r1, r3
10002fc6:	468c      	mov	ip, r1
10002fc8:	0c11      	lsrs	r1, r2, #16
10002fca:	b283      	uxth	r3, r0
10002fcc:	434b      	muls	r3, r1
10002fce:	b410      	push	{r4}
10002fd0:	0c04      	lsrs	r4, r0, #16
10002fd2:	4361      	muls	r1, r4
10002fd4:	b292      	uxth	r2, r2
10002fd6:	b280      	uxth	r0, r0
10002fd8:	4350      	muls	r0, r2
10002fda:	4362      	muls	r2, r4
10002fdc:	041c      	lsls	r4, r3, #16
10002fde:	0c1b      	lsrs	r3, r3, #16
10002fe0:	1900      	adds	r0, r0, r4
10002fe2:	bc10      	pop	{r4}
10002fe4:	4159      	adcs	r1, r3
10002fe6:	0413      	lsls	r3, r2, #16
10002fe8:	0c12      	lsrs	r2, r2, #16
10002fea:	18c0      	adds	r0, r0, r3
10002fec:	4151      	adcs	r1, r2
10002fee:	4461      	add	r1, ip
10002ff0:	4770      	bx	lr
	...

10002ff4 <__aeabi_float_init>:
10002ff4:	2313      	movs	r3, #19
10002ff6:	b510      	push	{r4, lr}
10002ff8:	4810      	ldr	r0, [pc, #64]	@ (1000303c <__aeabi_float_init+0x48>)
10002ffa:	781c      	ldrb	r4, [r3, #0]
10002ffc:	f7ff f890 	bl	10002120 <rom_data_lookup>
10003000:	0001      	movs	r1, r0
10003002:	2c01      	cmp	r4, #1
10003004:	d00a      	beq.n	1000301c <__aeabi_float_init+0x28>
10003006:	dd03      	ble.n	10003010 <__aeabi_float_init+0x1c>
10003008:	2280      	movs	r2, #128	@ 0x80
1000300a:	480d      	ldr	r0, [pc, #52]	@ (10003040 <__aeabi_float_init+0x4c>)
1000300c:	f000 f844 	bl	10003098 <__wrap___aeabi_memcpy>
10003010:	480c      	ldr	r0, [pc, #48]	@ (10003044 <__aeabi_float_init+0x50>)
10003012:	f7ff f87d 	bl	10002110 <rom_func_lookup>
10003016:	4b0c      	ldr	r3, [pc, #48]	@ (10003048 <__aeabi_float_init+0x54>)
10003018:	6018      	str	r0, [r3, #0]
1000301a:	bd10      	pop	{r4, pc}
1000301c:	4c08      	ldr	r4, [pc, #32]	@ (10003040 <__aeabi_float_init+0x4c>)
1000301e:	2254      	movs	r2, #84	@ 0x54
10003020:	0020      	movs	r0, r4
10003022:	f000 f839 	bl	10003098 <__wrap___aeabi_memcpy>
10003026:	0023      	movs	r3, r4
10003028:	0021      	movs	r1, r4
1000302a:	4a08      	ldr	r2, [pc, #32]	@ (1000304c <__aeabi_float_init+0x58>)
1000302c:	3354      	adds	r3, #84	@ 0x54
1000302e:	3180      	adds	r1, #128	@ 0x80
10003030:	c304      	stmia	r3!, {r2}
10003032:	428b      	cmp	r3, r1
10003034:	d1fc      	bne.n	10003030 <__aeabi_float_init+0x3c>
10003036:	6222      	str	r2, [r4, #32]
10003038:	61e2      	str	r2, [r4, #28]
1000303a:	e7e9      	b.n	10003010 <__aeabi_float_init+0x1c>
1000303c:	00004653 	.word	0x00004653
10003040:	200089dc 	.word	0x200089dc
10003044:	0000334c 	.word	0x0000334c
10003048:	200089d8 	.word	0x200089d8
1000304c:	10003051 	.word	0x10003051

10003050 <float_table_shim_on_use_helper>:
10003050:	b507      	push	{r0, r1, r2, lr}
10003052:	4660      	mov	r0, ip
10003054:	8801      	ldrh	r1, [r0, #0]
10003056:	0a0a      	lsrs	r2, r1, #8
10003058:	3002      	adds	r0, #2
1000305a:	2adf      	cmp	r2, #223	@ 0xdf
1000305c:	d1fa      	bne.n	10003054 <float_table_shim_on_use_helper+0x4>
1000305e:	b2c9      	uxtb	r1, r1
10003060:	0882      	lsrs	r2, r0, #2
10003062:	d304      	bcc.n	1000306e <float_table_shim_on_use_helper+0x1e>
10003064:	8802      	ldrh	r2, [r0, #0]
10003066:	8840      	ldrh	r0, [r0, #2]
10003068:	0400      	lsls	r0, r0, #16
1000306a:	4310      	orrs	r0, r2
1000306c:	e000      	b.n	10003070 <float_table_shim_on_use_helper+0x20>
1000306e:	6800      	ldr	r0, [r0, #0]
10003070:	4a01      	ldr	r2, [pc, #4]	@ (10003078 <float_table_shim_on_use_helper+0x28>)
10003072:	5050      	str	r0, [r2, r1]
10003074:	9003      	str	r0, [sp, #12]
10003076:	bd07      	pop	{r0, r1, r2, pc}
10003078:	200089dc 	.word	0x200089dc

1000307c <__aeabi_mem_init>:
1000307c:	4801      	ldr	r0, [pc, #4]	@ (10003084 <__aeabi_mem_init+0x8>)
1000307e:	2104      	movs	r1, #4
10003080:	4b01      	ldr	r3, [pc, #4]	@ (10003088 <__aeabi_mem_init+0xc>)
10003082:	4718      	bx	r3
10003084:	20000290 	.word	0x20000290
10003088:	10002131 	.word	0x10002131

1000308c <__wrap_memset>:
1000308c:	4b01      	ldr	r3, [pc, #4]	@ (10003094 <__wrap_memset+0x8>)
1000308e:	681b      	ldr	r3, [r3, #0]
10003090:	4718      	bx	r3
10003092:	0000      	.short	0x0000
10003094:	20000290 	.word	0x20000290

10003098 <__wrap___aeabi_memcpy>:
10003098:	4b01      	ldr	r3, [pc, #4]	@ (100030a0 <__wrap___aeabi_memcpy+0x8>)
1000309a:	685b      	ldr	r3, [r3, #4]
1000309c:	4718      	bx	r3
1000309e:	0000      	.short	0x0000
100030a0:	20000290 	.word	0x20000290

100030a4 <_out_null>:
100030a4:	4770      	bx	lr
100030a6:	46c0      	nop			@ (mov r8, r8)

100030a8 <_out_rev>:
100030a8:	b5f8      	push	{r3, r4, r5, r6, r7, lr}
100030aa:	4657      	mov	r7, sl
100030ac:	46de      	mov	lr, fp
100030ae:	464e      	mov	r6, r9
100030b0:	4645      	mov	r5, r8
100030b2:	b5e0      	push	{r5, r6, r7, lr}
100030b4:	4699      	mov	r9, r3
100030b6:	9b0a      	ldr	r3, [sp, #40]	@ 0x28
100030b8:	0007      	movs	r7, r0
100030ba:	469a      	mov	sl, r3
100030bc:	9b0d      	ldr	r3, [sp, #52]	@ 0x34
100030be:	4688      	mov	r8, r1
100030c0:	4693      	mov	fp, r2
100030c2:	9c0b      	ldr	r4, [sp, #44]	@ 0x2c
100030c4:	079b      	lsls	r3, r3, #30
100030c6:	d13c      	bne.n	10003142 <_out_rev+0x9a>
100030c8:	9b0c      	ldr	r3, [sp, #48]	@ 0x30
100030ca:	429c      	cmp	r4, r3
100030cc:	d23e      	bcs.n	1000314c <_out_rev+0xa4>
100030ce:	9b0c      	ldr	r3, [sp, #48]	@ 0x30
100030d0:	940b      	str	r4, [sp, #44]	@ 0x2c
100030d2:	1b1e      	subs	r6, r3, r4
100030d4:	0015      	movs	r5, r2
100030d6:	000c      	movs	r4, r1
100030d8:	445e      	add	r6, fp
100030da:	002a      	movs	r2, r5
100030dc:	464b      	mov	r3, r9
100030de:	3501      	adds	r5, #1
100030e0:	0021      	movs	r1, r4
100030e2:	2020      	movs	r0, #32
100030e4:	47b8      	blx	r7
100030e6:	42b5      	cmp	r5, r6
100030e8:	d1f7      	bne.n	100030da <_out_rev+0x32>
100030ea:	46a0      	mov	r8, r4
100030ec:	9c0b      	ldr	r4, [sp, #44]	@ 0x2c
100030ee:	2c00      	cmp	r4, #0
100030f0:	d020      	beq.n	10003134 <_out_rev+0x8c>
100030f2:	4645      	mov	r5, r8
100030f4:	1936      	adds	r6, r6, r4
100030f6:	4653      	mov	r3, sl
100030f8:	1b32      	subs	r2, r6, r4
100030fa:	3c01      	subs	r4, #1
100030fc:	5d18      	ldrb	r0, [r3, r4]
100030fe:	0029      	movs	r1, r5
10003100:	464b      	mov	r3, r9
10003102:	47b8      	blx	r7
10003104:	2c00      	cmp	r4, #0
10003106:	d1f6      	bne.n	100030f6 <_out_rev+0x4e>
10003108:	002b      	movs	r3, r5
1000310a:	0035      	movs	r5, r6
1000310c:	4698      	mov	r8, r3
1000310e:	9b0d      	ldr	r3, [sp, #52]	@ 0x34
10003110:	079b      	lsls	r3, r3, #30
10003112:	d50f      	bpl.n	10003134 <_out_rev+0x8c>
10003114:	465b      	mov	r3, fp
10003116:	1aec      	subs	r4, r5, r3
10003118:	9b0c      	ldr	r3, [sp, #48]	@ 0x30
1000311a:	42a3      	cmp	r3, r4
1000311c:	d90a      	bls.n	10003134 <_out_rev+0x8c>
1000311e:	4646      	mov	r6, r8
10003120:	4698      	mov	r8, r3
10003122:	002a      	movs	r2, r5
10003124:	464b      	mov	r3, r9
10003126:	0031      	movs	r1, r6
10003128:	2020      	movs	r0, #32
1000312a:	3401      	adds	r4, #1
1000312c:	47b8      	blx	r7
1000312e:	3501      	adds	r5, #1
10003130:	4544      	cmp	r4, r8
10003132:	d3f6      	bcc.n	10003122 <_out_rev+0x7a>
10003134:	0028      	movs	r0, r5
10003136:	bcf0      	pop	{r4, r5, r6, r7}
10003138:	46bb      	mov	fp, r7
1000313a:	46b2      	mov	sl, r6
1000313c:	46a9      	mov	r9, r5
1000313e:	46a0      	mov	r8, r4
10003140:	bdf8      	pop	{r3, r4, r5, r6, r7, pc}
10003142:	0016      	movs	r6, r2
10003144:	0015      	movs	r5, r2
10003146:	2c00      	cmp	r4, #0
10003148:	d1d3      	bne.n	100030f2 <_out_rev+0x4a>
1000314a:	e7e0      	b.n	1000310e <_out_rev+0x66>
1000314c:	0016      	movs	r6, r2
1000314e:	0015      	movs	r5, r2
10003150:	2c00      	cmp	r4, #0
10003152:	d1ce      	bne.n	100030f2 <_out_rev+0x4a>
10003154:	e7ee      	b.n	10003134 <_out_rev+0x8c>
10003156:	46c0      	nop			@ (mov r8, r8)

10003158 <_ntoa_format>:
10003158:	b5f0      	push	{r4, r5, r6, r7, lr}
1000315a:	4645      	mov	r5, r8
1000315c:	46de      	mov	lr, fp
1000315e:	4657      	mov	r7, sl
10003160:	464e      	mov	r6, r9
10003162:	b5e0      	push	{r5, r6, r7, lr}
10003164:	b085      	sub	sp, #20
10003166:	469c      	mov	ip, r3
10003168:	ab10      	add	r3, sp, #64	@ 0x40
1000316a:	781b      	ldrb	r3, [r3, #0]
1000316c:	9f14      	ldr	r7, [sp, #80]	@ 0x50
1000316e:	4693      	mov	fp, r2
10003170:	4698      	mov	r8, r3
10003172:	9c0f      	ldr	r4, [sp, #60]	@ 0x3c
10003174:	9e12      	ldr	r6, [sp, #72]	@ 0x48
10003176:	9d13      	ldr	r5, [sp, #76]	@ 0x4c
10003178:	07bb      	lsls	r3, r7, #30
1000317a:	d44d      	bmi.n	10003218 <_ntoa_format+0xc0>
1000317c:	2d00      	cmp	r5, #0
1000317e:	d143      	bne.n	10003208 <_ntoa_format+0xb0>
10003180:	42b4      	cmp	r4, r6
10003182:	d249      	bcs.n	10003218 <_ntoa_format+0xc0>
10003184:	2301      	movs	r3, #1
10003186:	403b      	ands	r3, r7
10003188:	4699      	mov	r9, r3
1000318a:	9b0e      	ldr	r3, [sp, #56]	@ 0x38
1000318c:	3b01      	subs	r3, #1
1000318e:	469a      	mov	sl, r3
10003190:	2330      	movs	r3, #48	@ 0x30
10003192:	e004      	b.n	1000319e <_ntoa_format+0x46>
10003194:	4652      	mov	r2, sl
10003196:	3401      	adds	r4, #1
10003198:	5513      	strb	r3, [r2, r4]
1000319a:	42a6      	cmp	r6, r4
1000319c:	d901      	bls.n	100031a2 <_ntoa_format+0x4a>
1000319e:	2c20      	cmp	r4, #32
100031a0:	d1f8      	bne.n	10003194 <_ntoa_format+0x3c>
100031a2:	464b      	mov	r3, r9
100031a4:	2b00      	cmp	r3, #0
100031a6:	d100      	bne.n	100031aa <_ntoa_format+0x52>
100031a8:	e085      	b.n	100032b6 <_ntoa_format+0x15e>
100031aa:	9b0e      	ldr	r3, [sp, #56]	@ 0x38
100031ac:	3b01      	subs	r3, #1
100031ae:	4699      	mov	r9, r3
100031b0:	2330      	movs	r3, #48	@ 0x30
100031b2:	42a5      	cmp	r5, r4
100031b4:	d805      	bhi.n	100031c2 <_ntoa_format+0x6a>
100031b6:	e02f      	b.n	10003218 <_ntoa_format+0xc0>
100031b8:	464a      	mov	r2, r9
100031ba:	3401      	adds	r4, #1
100031bc:	5513      	strb	r3, [r2, r4]
100031be:	42ac      	cmp	r4, r5
100031c0:	d02a      	beq.n	10003218 <_ntoa_format+0xc0>
100031c2:	2c20      	cmp	r4, #32
100031c4:	d1f8      	bne.n	100031b8 <_ntoa_format+0x60>
100031c6:	06fb      	lsls	r3, r7, #27
100031c8:	d50d      	bpl.n	100031e6 <_ntoa_format+0x8e>
100031ca:	057b      	lsls	r3, r7, #21
100031cc:	d455      	bmi.n	1000327a <_ntoa_format+0x122>
100031ce:	42a6      	cmp	r6, r4
100031d0:	d064      	beq.n	1000329c <_ntoa_format+0x144>
100031d2:	42a5      	cmp	r5, r4
100031d4:	d062      	beq.n	1000329c <_ntoa_format+0x144>
100031d6:	9b11      	ldr	r3, [sp, #68]	@ 0x44
100031d8:	2b10      	cmp	r3, #16
100031da:	d051      	beq.n	10003280 <_ntoa_format+0x128>
100031dc:	9b11      	ldr	r3, [sp, #68]	@ 0x44
100031de:	2b02      	cmp	r3, #2
100031e0:	d057      	beq.n	10003292 <_ntoa_format+0x13a>
100031e2:	2c20      	cmp	r4, #32
100031e4:	d132      	bne.n	1000324c <_ntoa_format+0xf4>
100031e6:	2320      	movs	r3, #32
100031e8:	9301      	str	r3, [sp, #4]
100031ea:	9b0e      	ldr	r3, [sp, #56]	@ 0x38
100031ec:	465a      	mov	r2, fp
100031ee:	9300      	str	r3, [sp, #0]
100031f0:	9703      	str	r7, [sp, #12]
100031f2:	4663      	mov	r3, ip
100031f4:	9502      	str	r5, [sp, #8]
100031f6:	f7ff ff57 	bl	100030a8 <_out_rev>
100031fa:	b005      	add	sp, #20
100031fc:	bcf0      	pop	{r4, r5, r6, r7}
100031fe:	46bb      	mov	fp, r7
10003200:	46b2      	mov	sl, r6
10003202:	46a9      	mov	r9, r5
10003204:	46a0      	mov	r8, r4
10003206:	bdf0      	pop	{r4, r5, r6, r7, pc}
10003208:	2301      	movs	r3, #1
1000320a:	403b      	ands	r3, r7
1000320c:	4699      	mov	r9, r3
1000320e:	2301      	movs	r3, #1
10003210:	423b      	tst	r3, r7
10003212:	d12a      	bne.n	1000326a <_ntoa_format+0x112>
10003214:	42b4      	cmp	r4, r6
10003216:	d3b8      	bcc.n	1000318a <_ntoa_format+0x32>
10003218:	06fb      	lsls	r3, r7, #27
1000321a:	d51c      	bpl.n	10003256 <_ntoa_format+0xfe>
1000321c:	057b      	lsls	r3, r7, #21
1000321e:	d4da      	bmi.n	100031d6 <_ntoa_format+0x7e>
10003220:	2c00      	cmp	r4, #0
10003222:	d1d4      	bne.n	100031ce <_ntoa_format+0x76>
10003224:	9b11      	ldr	r3, [sp, #68]	@ 0x44
10003226:	2b10      	cmp	r3, #16
10003228:	d05d      	beq.n	100032e6 <_ntoa_format+0x18e>
1000322a:	9b11      	ldr	r3, [sp, #68]	@ 0x44
1000322c:	2b02      	cmp	r3, #2
1000322e:	d06d      	beq.n	1000330c <_ntoa_format+0x1b4>
10003230:	2330      	movs	r3, #48	@ 0x30
10003232:	2401      	movs	r4, #1
10003234:	9a0e      	ldr	r2, [sp, #56]	@ 0x38
10003236:	7013      	strb	r3, [r2, #0]
10003238:	4643      	mov	r3, r8
1000323a:	2b00      	cmp	r3, #0
1000323c:	d110      	bne.n	10003260 <_ntoa_format+0x108>
1000323e:	077b      	lsls	r3, r7, #29
10003240:	d53f      	bpl.n	100032c2 <_ntoa_format+0x16a>
10003242:	262b      	movs	r6, #43	@ 0x2b
10003244:	9a0e      	ldr	r2, [sp, #56]	@ 0x38
10003246:	1c63      	adds	r3, r4, #1
10003248:	5516      	strb	r6, [r2, r4]
1000324a:	e7cd      	b.n	100031e8 <_ntoa_format+0x90>
1000324c:	0023      	movs	r3, r4
1000324e:	3401      	adds	r4, #1
10003250:	2630      	movs	r6, #48	@ 0x30
10003252:	9a0e      	ldr	r2, [sp, #56]	@ 0x38
10003254:	54d6      	strb	r6, [r2, r3]
10003256:	2c20      	cmp	r4, #32
10003258:	d0c5      	beq.n	100031e6 <_ntoa_format+0x8e>
1000325a:	4643      	mov	r3, r8
1000325c:	2b00      	cmp	r3, #0
1000325e:	d0ee      	beq.n	1000323e <_ntoa_format+0xe6>
10003260:	262d      	movs	r6, #45	@ 0x2d
10003262:	9a0e      	ldr	r2, [sp, #56]	@ 0x38
10003264:	1c63      	adds	r3, r4, #1
10003266:	5516      	strb	r6, [r2, r4]
10003268:	e7be      	b.n	100031e8 <_ntoa_format+0x90>
1000326a:	4643      	mov	r3, r8
1000326c:	2b00      	cmp	r3, #0
1000326e:	d031      	beq.n	100032d4 <_ntoa_format+0x17c>
10003270:	3d01      	subs	r5, #1
10003272:	42b4      	cmp	r4, r6
10003274:	d200      	bcs.n	10003278 <_ntoa_format+0x120>
10003276:	e788      	b.n	1000318a <_ntoa_format+0x32>
10003278:	e797      	b.n	100031aa <_ntoa_format+0x52>
1000327a:	9b11      	ldr	r3, [sp, #68]	@ 0x44
1000327c:	2b10      	cmp	r3, #16
1000327e:	d1b2      	bne.n	100031e6 <_ntoa_format+0x8e>
10003280:	06bb      	lsls	r3, r7, #26
10003282:	d539      	bpl.n	100032f8 <_ntoa_format+0x1a0>
10003284:	2c20      	cmp	r4, #32
10003286:	d0ae      	beq.n	100031e6 <_ntoa_format+0x8e>
10003288:	2358      	movs	r3, #88	@ 0x58
1000328a:	9a0e      	ldr	r2, [sp, #56]	@ 0x38
1000328c:	5513      	strb	r3, [r2, r4]
1000328e:	3401      	adds	r4, #1
10003290:	e7a7      	b.n	100031e2 <_ntoa_format+0x8a>
10003292:	2c20      	cmp	r4, #32
10003294:	d0a7      	beq.n	100031e6 <_ntoa_format+0x8e>
10003296:	0023      	movs	r3, r4
10003298:	3401      	adds	r4, #1
1000329a:	e008      	b.n	100032ae <_ntoa_format+0x156>
1000329c:	1e63      	subs	r3, r4, #1
1000329e:	2c01      	cmp	r4, #1
100032a0:	d0c0      	beq.n	10003224 <_ntoa_format+0xcc>
100032a2:	9a11      	ldr	r2, [sp, #68]	@ 0x44
100032a4:	2a10      	cmp	r2, #16
100032a6:	d033      	beq.n	10003310 <_ntoa_format+0x1b8>
100032a8:	9a11      	ldr	r2, [sp, #68]	@ 0x44
100032aa:	2a02      	cmp	r2, #2
100032ac:	d1d0      	bne.n	10003250 <_ntoa_format+0xf8>
100032ae:	2662      	movs	r6, #98	@ 0x62
100032b0:	9a0e      	ldr	r2, [sp, #56]	@ 0x38
100032b2:	54d6      	strb	r6, [r2, r3]
100032b4:	e795      	b.n	100031e2 <_ntoa_format+0x8a>
100032b6:	06fb      	lsls	r3, r7, #27
100032b8:	d5cd      	bpl.n	10003256 <_ntoa_format+0xfe>
100032ba:	057b      	lsls	r3, r7, #21
100032bc:	d400      	bmi.n	100032c0 <_ntoa_format+0x168>
100032be:	e786      	b.n	100031ce <_ntoa_format+0x76>
100032c0:	e789      	b.n	100031d6 <_ntoa_format+0x7e>
100032c2:	0023      	movs	r3, r4
100032c4:	073e      	lsls	r6, r7, #28
100032c6:	d400      	bmi.n	100032ca <_ntoa_format+0x172>
100032c8:	e78e      	b.n	100031e8 <_ntoa_format+0x90>
100032ca:	2620      	movs	r6, #32
100032cc:	9a0e      	ldr	r2, [sp, #56]	@ 0x38
100032ce:	3301      	adds	r3, #1
100032d0:	5516      	strb	r6, [r2, r4]
100032d2:	e789      	b.n	100031e8 <_ntoa_format+0x90>
100032d4:	230c      	movs	r3, #12
100032d6:	403b      	ands	r3, r7
100032d8:	1e5a      	subs	r2, r3, #1
100032da:	4193      	sbcs	r3, r2
100032dc:	1aed      	subs	r5, r5, r3
100032de:	42b4      	cmp	r4, r6
100032e0:	d200      	bcs.n	100032e4 <_ntoa_format+0x18c>
100032e2:	e752      	b.n	1000318a <_ntoa_format+0x32>
100032e4:	e761      	b.n	100031aa <_ntoa_format+0x52>
100032e6:	06bb      	lsls	r3, r7, #26
100032e8:	d40e      	bmi.n	10003308 <_ntoa_format+0x1b0>
100032ea:	2378      	movs	r3, #120	@ 0x78
100032ec:	9a0e      	ldr	r2, [sp, #56]	@ 0x38
100032ee:	2402      	movs	r4, #2
100032f0:	7013      	strb	r3, [r2, #0]
100032f2:	2330      	movs	r3, #48	@ 0x30
100032f4:	7053      	strb	r3, [r2, #1]
100032f6:	e79f      	b.n	10003238 <_ntoa_format+0xe0>
100032f8:	2c20      	cmp	r4, #32
100032fa:	d100      	bne.n	100032fe <_ntoa_format+0x1a6>
100032fc:	e773      	b.n	100031e6 <_ntoa_format+0x8e>
100032fe:	2378      	movs	r3, #120	@ 0x78
10003300:	9a0e      	ldr	r2, [sp, #56]	@ 0x38
10003302:	5513      	strb	r3, [r2, r4]
10003304:	3401      	adds	r4, #1
10003306:	e76c      	b.n	100031e2 <_ntoa_format+0x8a>
10003308:	2358      	movs	r3, #88	@ 0x58
1000330a:	e7ef      	b.n	100032ec <_ntoa_format+0x194>
1000330c:	3360      	adds	r3, #96	@ 0x60
1000330e:	e7ed      	b.n	100032ec <_ntoa_format+0x194>
10003310:	9a0e      	ldr	r2, [sp, #56]	@ 0x38
10003312:	1ea6      	subs	r6, r4, #2
10003314:	4691      	mov	r9, r2
10003316:	444e      	add	r6, r9
10003318:	06ba      	lsls	r2, r7, #26
1000331a:	d502      	bpl.n	10003322 <_ntoa_format+0x1ca>
1000331c:	2258      	movs	r2, #88	@ 0x58
1000331e:	7032      	strb	r2, [r6, #0]
10003320:	e796      	b.n	10003250 <_ntoa_format+0xf8>
10003322:	2278      	movs	r2, #120	@ 0x78
10003324:	7032      	strb	r2, [r6, #0]
10003326:	e793      	b.n	10003250 <_ntoa_format+0xf8>

10003328 <_ntoa_long>:
10003328:	b5f0      	push	{r4, r5, r6, r7, lr}
1000332a:	4657      	mov	r7, sl
1000332c:	4645      	mov	r5, r8
1000332e:	46de      	mov	lr, fp
10003330:	464e      	mov	r6, r9
10003332:	b5e0      	push	{r5, r6, r7, lr}
10003334:	b093      	sub	sp, #76	@ 0x4c
10003336:	469b      	mov	fp, r3
10003338:	ab1c      	add	r3, sp, #112	@ 0x70
1000333a:	cb80      	ldmia	r3!, {r7}
1000333c:	4680      	mov	r8, r0
1000333e:	781b      	ldrb	r3, [r3, #0]
10003340:	4689      	mov	r9, r1
10003342:	4692      	mov	sl, r2
10003344:	9d1e      	ldr	r5, [sp, #120]	@ 0x78
10003346:	9309      	str	r3, [sp, #36]	@ 0x24
10003348:	2f00      	cmp	r7, #0
1000334a:	d107      	bne.n	1000335c <_ntoa_long+0x34>
1000334c:	2210      	movs	r2, #16
1000334e:	9b21      	ldr	r3, [sp, #132]	@ 0x84
10003350:	2400      	movs	r4, #0
10003352:	4393      	bics	r3, r2
10003354:	9a21      	ldr	r2, [sp, #132]	@ 0x84
10003356:	9321      	str	r3, [sp, #132]	@ 0x84
10003358:	0552      	lsls	r2, r2, #21
1000335a:	d424      	bmi.n	100033a6 <_ntoa_long+0x7e>
1000335c:	9b21      	ldr	r3, [sp, #132]	@ 0x84
1000335e:	2261      	movs	r2, #97	@ 0x61
10003360:	069b      	lsls	r3, r3, #26
10003362:	d439      	bmi.n	100033d8 <_ntoa_long+0xb0>
10003364:	b2d3      	uxtb	r3, r2
10003366:	aa02      	add	r2, sp, #8
10003368:	261f      	movs	r6, #31
1000336a:	4694      	mov	ip, r2
1000336c:	3b0a      	subs	r3, #10
1000336e:	2400      	movs	r4, #0
10003370:	4466      	add	r6, ip
10003372:	9308      	str	r3, [sp, #32]
10003374:	e008      	b.n	10003388 <_ntoa_long+0x60>
10003376:	3330      	adds	r3, #48	@ 0x30
10003378:	b2db      	uxtb	r3, r3
1000337a:	3401      	adds	r4, #1
1000337c:	5533      	strb	r3, [r6, r4]
1000337e:	42af      	cmp	r7, r5
10003380:	d311      	bcc.n	100033a6 <_ntoa_long+0x7e>
10003382:	2c20      	cmp	r4, #32
10003384:	d00f      	beq.n	100033a6 <_ntoa_long+0x7e>
10003386:	0007      	movs	r7, r0
10003388:	0029      	movs	r1, r5
1000338a:	0038      	movs	r0, r7
1000338c:	f7ff f80e 	bl	100023ac <__wrap___aeabi_uidiv>
10003390:	b2cb      	uxtb	r3, r1
10003392:	2909      	cmp	r1, #9
10003394:	d9ef      	bls.n	10003376 <_ntoa_long+0x4e>
10003396:	9a08      	ldr	r2, [sp, #32]
10003398:	3401      	adds	r4, #1
1000339a:	4694      	mov	ip, r2
1000339c:	4463      	add	r3, ip
1000339e:	b2db      	uxtb	r3, r3
100033a0:	5533      	strb	r3, [r6, r4]
100033a2:	42af      	cmp	r7, r5
100033a4:	d2ed      	bcs.n	10003382 <_ntoa_long+0x5a>
100033a6:	9b21      	ldr	r3, [sp, #132]	@ 0x84
100033a8:	4652      	mov	r2, sl
100033aa:	9306      	str	r3, [sp, #24]
100033ac:	9b20      	ldr	r3, [sp, #128]	@ 0x80
100033ae:	4649      	mov	r1, r9
100033b0:	9305      	str	r3, [sp, #20]
100033b2:	9b1f      	ldr	r3, [sp, #124]	@ 0x7c
100033b4:	4640      	mov	r0, r8
100033b6:	9304      	str	r3, [sp, #16]
100033b8:	9b09      	ldr	r3, [sp, #36]	@ 0x24
100033ba:	9503      	str	r5, [sp, #12]
100033bc:	9302      	str	r3, [sp, #8]
100033be:	ab0a      	add	r3, sp, #40	@ 0x28
100033c0:	9300      	str	r3, [sp, #0]
100033c2:	9401      	str	r4, [sp, #4]
100033c4:	465b      	mov	r3, fp
100033c6:	f7ff fec7 	bl	10003158 <_ntoa_format>
100033ca:	b013      	add	sp, #76	@ 0x4c
100033cc:	bcf0      	pop	{r4, r5, r6, r7}
100033ce:	46bb      	mov	fp, r7
100033d0:	46b2      	mov	sl, r6
100033d2:	46a9      	mov	r9, r5
100033d4:	46a0      	mov	r8, r4
100033d6:	bdf0      	pop	{r4, r5, r6, r7, pc}
100033d8:	2241      	movs	r2, #65	@ 0x41
100033da:	e7c3      	b.n	10003364 <_ntoa_long+0x3c>

100033dc <_ntoa_long_long>:
100033dc:	b5f0      	push	{r4, r5, r6, r7, lr}
100033de:	4657      	mov	r7, sl
100033e0:	46de      	mov	lr, fp
100033e2:	464e      	mov	r6, r9
100033e4:	4645      	mov	r5, r8
100033e6:	b5e0      	push	{r5, r6, r7, lr}
100033e8:	b095      	sub	sp, #84	@ 0x54
100033ea:	469b      	mov	fp, r3
100033ec:	9b1e      	ldr	r3, [sp, #120]	@ 0x78
100033ee:	9d1f      	ldr	r5, [sp, #124]	@ 0x7c
100033f0:	469a      	mov	sl, r3
100033f2:	ab20      	add	r3, sp, #128	@ 0x80
100033f4:	781b      	ldrb	r3, [r3, #0]
100033f6:	9f22      	ldr	r7, [sp, #136]	@ 0x88
100033f8:	930b      	str	r3, [sp, #44]	@ 0x2c
100033fa:	4653      	mov	r3, sl
100033fc:	9e23      	ldr	r6, [sp, #140]	@ 0x8c
100033fe:	9008      	str	r0, [sp, #32]
10003400:	9109      	str	r1, [sp, #36]	@ 0x24
10003402:	920a      	str	r2, [sp, #40]	@ 0x28
10003404:	432b      	orrs	r3, r5
10003406:	d107      	bne.n	10003418 <_ntoa_long_long+0x3c>
10003408:	2210      	movs	r2, #16
1000340a:	9b26      	ldr	r3, [sp, #152]	@ 0x98
1000340c:	2400      	movs	r4, #0
1000340e:	4393      	bics	r3, r2
10003410:	9a26      	ldr	r2, [sp, #152]	@ 0x98
10003412:	9326      	str	r3, [sp, #152]	@ 0x98
10003414:	0552      	lsls	r2, r2, #21
10003416:	d430      	bmi.n	1000347a <_ntoa_long_long+0x9e>
10003418:	9a26      	ldr	r2, [sp, #152]	@ 0x98
1000341a:	2361      	movs	r3, #97	@ 0x61
1000341c:	0692      	lsls	r2, r2, #26
1000341e:	d445      	bmi.n	100034ac <_ntoa_long_long+0xd0>
10003420:	a904      	add	r1, sp, #16
10003422:	221f      	movs	r2, #31
10003424:	468c      	mov	ip, r1
10003426:	4462      	add	r2, ip
10003428:	4690      	mov	r8, r2
1000342a:	220a      	movs	r2, #10
1000342c:	4252      	negs	r2, r2
1000342e:	4691      	mov	r9, r2
10003430:	b2db      	uxtb	r3, r3
10003432:	4499      	add	r9, r3
10003434:	003b      	movs	r3, r7
10003436:	2400      	movs	r4, #0
10003438:	4657      	mov	r7, sl
1000343a:	469a      	mov	sl, r3
1000343c:	e00c      	b.n	10003458 <_ntoa_long_long+0x7c>
1000343e:	4643      	mov	r3, r8
10003440:	3230      	adds	r2, #48	@ 0x30
10003442:	b2d2      	uxtb	r2, r2
10003444:	3401      	adds	r4, #1
10003446:	551a      	strb	r2, [r3, r4]
10003448:	42ae      	cmp	r6, r5
1000344a:	d815      	bhi.n	10003478 <_ntoa_long_long+0x9c>
1000344c:	42ae      	cmp	r6, r5
1000344e:	d02f      	beq.n	100034b0 <_ntoa_long_long+0xd4>
10003450:	2c20      	cmp	r4, #32
10003452:	d011      	beq.n	10003478 <_ntoa_long_long+0x9c>
10003454:	0007      	movs	r7, r0
10003456:	000d      	movs	r5, r1
10003458:	4652      	mov	r2, sl
1000345a:	0033      	movs	r3, r6
1000345c:	0038      	movs	r0, r7
1000345e:	0029      	movs	r1, r5
10003460:	f7fe ffe2 	bl	10002428 <__wrap___aeabi_uldivmod>
10003464:	b2d2      	uxtb	r2, r2
10003466:	2a09      	cmp	r2, #9
10003468:	d9e9      	bls.n	1000343e <_ntoa_long_long+0x62>
1000346a:	4643      	mov	r3, r8
1000346c:	444a      	add	r2, r9
1000346e:	b2d2      	uxtb	r2, r2
10003470:	3401      	adds	r4, #1
10003472:	551a      	strb	r2, [r3, r4]
10003474:	42ae      	cmp	r6, r5
10003476:	d9e9      	bls.n	1000344c <_ntoa_long_long+0x70>
10003478:	4657      	mov	r7, sl
1000347a:	9b26      	ldr	r3, [sp, #152]	@ 0x98
1000347c:	9a0a      	ldr	r2, [sp, #40]	@ 0x28
1000347e:	9306      	str	r3, [sp, #24]
10003480:	9b25      	ldr	r3, [sp, #148]	@ 0x94
10003482:	9909      	ldr	r1, [sp, #36]	@ 0x24
10003484:	9305      	str	r3, [sp, #20]
10003486:	9b24      	ldr	r3, [sp, #144]	@ 0x90
10003488:	9808      	ldr	r0, [sp, #32]
1000348a:	9304      	str	r3, [sp, #16]
1000348c:	9b0b      	ldr	r3, [sp, #44]	@ 0x2c
1000348e:	9703      	str	r7, [sp, #12]
10003490:	9302      	str	r3, [sp, #8]
10003492:	ab0c      	add	r3, sp, #48	@ 0x30
10003494:	9300      	str	r3, [sp, #0]
10003496:	9401      	str	r4, [sp, #4]
10003498:	465b      	mov	r3, fp
1000349a:	f7ff fe5d 	bl	10003158 <_ntoa_format>
1000349e:	b015      	add	sp, #84	@ 0x54
100034a0:	bcf0      	pop	{r4, r5, r6, r7}
100034a2:	46bb      	mov	fp, r7
100034a4:	46b2      	mov	sl, r6
100034a6:	46a9      	mov	r9, r5
100034a8:	46a0      	mov	r8, r4
100034aa:	bdf0      	pop	{r4, r5, r6, r7, pc}
100034ac:	2341      	movs	r3, #65	@ 0x41
100034ae:	e7b7      	b.n	10003420 <_ntoa_long_long+0x44>
100034b0:	45ba      	cmp	sl, r7
100034b2:	d9cd      	bls.n	10003450 <_ntoa_long_long+0x74>
100034b4:	4657      	mov	r7, sl
100034b6:	e7e0      	b.n	1000347a <_ntoa_long_long+0x9e>

100034b8 <_etoa>:
100034b8:	b5f0      	push	{r4, r5, r6, r7, lr}
100034ba:	4657      	mov	r7, sl
100034bc:	464e      	mov	r6, r9
100034be:	46de      	mov	lr, fp
100034c0:	4645      	mov	r5, r8
100034c2:	b5e0      	push	{r5, r6, r7, lr}
100034c4:	b093      	sub	sp, #76	@ 0x4c
100034c6:	9e1c      	ldr	r6, [sp, #112]	@ 0x70
100034c8:	9f1d      	ldr	r7, [sp, #116]	@ 0x74
100034ca:	4682      	mov	sl, r0
100034cc:	4688      	mov	r8, r1
100034ce:	4693      	mov	fp, r2
100034d0:	4699      	mov	r9, r3
100034d2:	0032      	movs	r2, r6
100034d4:	003b      	movs	r3, r7
100034d6:	0030      	movs	r0, r6
100034d8:	0039      	movs	r1, r7
100034da:	f7ff fa30 	bl	1000293e <__wrap___aeabi_dcmpun>
100034de:	2800      	cmp	r0, #0
100034e0:	d148      	bne.n	10003574 <_etoa+0xbc>
100034e2:	2201      	movs	r2, #1
100034e4:	0030      	movs	r0, r6
100034e6:	0039      	movs	r1, r7
100034e8:	4bcc      	ldr	r3, [pc, #816]	@ (1000381c <_etoa+0x364>)
100034ea:	4252      	negs	r2, r2
100034ec:	f7ff fa22 	bl	10002934 <__wrap___aeabi_dcmpgt>
100034f0:	2800      	cmp	r0, #0
100034f2:	d13f      	bne.n	10003574 <_etoa+0xbc>
100034f4:	2201      	movs	r2, #1
100034f6:	0030      	movs	r0, r6
100034f8:	0039      	movs	r1, r7
100034fa:	4bc9      	ldr	r3, [pc, #804]	@ (10003820 <_etoa+0x368>)
100034fc:	4252      	negs	r2, r2
100034fe:	f7ff fa03 	bl	10002908 <__wrap___aeabi_dcmplt>
10003502:	2800      	cmp	r0, #0
10003504:	d136      	bne.n	10003574 <_etoa+0xbc>
10003506:	2200      	movs	r2, #0
10003508:	2300      	movs	r3, #0
1000350a:	0030      	movs	r0, r6
1000350c:	0039      	movs	r1, r7
1000350e:	f7ff f9fb 	bl	10002908 <__wrap___aeabi_dcmplt>
10003512:	2800      	cmp	r0, #0
10003514:	d000      	beq.n	10003518 <_etoa+0x60>
10003516:	e1d3      	b.n	100038c0 <_etoa+0x408>
10003518:	9606      	str	r6, [sp, #24]
1000351a:	9707      	str	r7, [sp, #28]
1000351c:	9806      	ldr	r0, [sp, #24]
1000351e:	9907      	ldr	r1, [sp, #28]
10003520:	2380      	movs	r3, #128	@ 0x80
10003522:	9a20      	ldr	r2, [sp, #128]	@ 0x80
10003524:	00db      	lsls	r3, r3, #3
10003526:	401a      	ands	r2, r3
10003528:	920f      	str	r2, [sp, #60]	@ 0x3c
1000352a:	2280      	movs	r2, #128	@ 0x80
1000352c:	9d20      	ldr	r5, [sp, #128]	@ 0x80
1000352e:	0112      	lsls	r2, r2, #4
10003530:	4015      	ands	r5, r2
10003532:	002a      	movs	r2, r5
10003534:	950d      	str	r5, [sp, #52]	@ 0x34
10003536:	9d20      	ldr	r5, [sp, #128]	@ 0x80
10003538:	000c      	movs	r4, r1
1000353a:	9008      	str	r0, [sp, #32]
1000353c:	421d      	tst	r5, r3
1000353e:	d130      	bne.n	100035a2 <_etoa+0xea>
10003540:	000b      	movs	r3, r1
10003542:	4303      	orrs	r3, r0
10003544:	d155      	bne.n	100035f2 <_etoa+0x13a>
10003546:	2a00      	cmp	r2, #0
10003548:	d000      	beq.n	1000354c <_etoa+0x94>
1000354a:	e20d      	b.n	10003968 <_etoa+0x4b0>
1000354c:	3306      	adds	r3, #6
1000354e:	931e      	str	r3, [sp, #120]	@ 0x78
10003550:	2502      	movs	r5, #2
10003552:	9b20      	ldr	r3, [sp, #128]	@ 0x80
10003554:	9a20      	ldr	r2, [sp, #128]	@ 0x80
10003556:	401d      	ands	r5, r3
10003558:	2302      	movs	r3, #2
1000355a:	4213      	tst	r3, r2
1000355c:	d000      	beq.n	10003560 <_etoa+0xa8>
1000355e:	e205      	b.n	1000396c <_etoa+0x4b4>
10003560:	9b1f      	ldr	r3, [sp, #124]	@ 0x7c
10003562:	2b04      	cmp	r3, #4
10003564:	d200      	bcs.n	10003568 <_etoa+0xb0>
10003566:	e207      	b.n	10003978 <_etoa+0x4c0>
10003568:	3b04      	subs	r3, #4
1000356a:	930d      	str	r3, [sp, #52]	@ 0x34
1000356c:	2300      	movs	r3, #0
1000356e:	2404      	movs	r4, #4
10003570:	930a      	str	r3, [sp, #40]	@ 0x28
10003572:	e0fd      	b.n	10003770 <_etoa+0x2b8>
10003574:	9b20      	ldr	r3, [sp, #128]	@ 0x80
10003576:	9600      	str	r6, [sp, #0]
10003578:	9701      	str	r7, [sp, #4]
1000357a:	9304      	str	r3, [sp, #16]
1000357c:	9b1f      	ldr	r3, [sp, #124]	@ 0x7c
1000357e:	9303      	str	r3, [sp, #12]
10003580:	9b1e      	ldr	r3, [sp, #120]	@ 0x78
10003582:	9302      	str	r3, [sp, #8]
10003584:	464b      	mov	r3, r9
10003586:	465a      	mov	r2, fp
10003588:	4641      	mov	r1, r8
1000358a:	4650      	mov	r0, sl
1000358c:	f000 fa20 	bl	100039d0 <_ftoa>
10003590:	0004      	movs	r4, r0
10003592:	0020      	movs	r0, r4
10003594:	b013      	add	sp, #76	@ 0x4c
10003596:	bcf0      	pop	{r4, r5, r6, r7}
10003598:	46bb      	mov	fp, r7
1000359a:	46b2      	mov	sl, r6
1000359c:	46a9      	mov	r9, r5
1000359e:	46a0      	mov	r8, r4
100035a0:	bdf0      	pop	{r4, r5, r6, r7, pc}
100035a2:	9a06      	ldr	r2, [sp, #24]
100035a4:	9b07      	ldr	r3, [sp, #28]
100035a6:	0019      	movs	r1, r3
100035a8:	4311      	orrs	r1, r2
100035aa:	d124      	bne.n	100035f6 <_etoa+0x13e>
100035ac:	9b0d      	ldr	r3, [sp, #52]	@ 0x34
100035ae:	2b00      	cmp	r3, #0
100035b0:	d0ce      	beq.n	10003550 <_etoa+0x98>
100035b2:	2300      	movs	r3, #0
100035b4:	930a      	str	r3, [sp, #40]	@ 0x28
100035b6:	9b1e      	ldr	r3, [sp, #120]	@ 0x78
100035b8:	9a0a      	ldr	r2, [sp, #40]	@ 0x28
100035ba:	2400      	movs	r4, #0
100035bc:	4293      	cmp	r3, r2
100035be:	dd00      	ble.n	100035c2 <_etoa+0x10a>
100035c0:	e1f3      	b.n	100039aa <_etoa+0x4f2>
100035c2:	2200      	movs	r2, #0
100035c4:	2300      	movs	r3, #0
100035c6:	0030      	movs	r0, r6
100035c8:	0039      	movs	r1, r7
100035ca:	f7ff f99d 	bl	10002908 <__wrap___aeabi_dcmplt>
100035ce:	2800      	cmp	r0, #0
100035d0:	d000      	beq.n	100035d4 <_etoa+0x11c>
100035d2:	e1b3      	b.n	1000393c <_etoa+0x484>
100035d4:	9b20      	ldr	r3, [sp, #128]	@ 0x80
100035d6:	4a93      	ldr	r2, [pc, #588]	@ (10003824 <_etoa+0x36c>)
100035d8:	9402      	str	r4, [sp, #8]
100035da:	401a      	ands	r2, r3
100035dc:	2380      	movs	r3, #128	@ 0x80
100035de:	00db      	lsls	r3, r3, #3
100035e0:	4313      	orrs	r3, r2
100035e2:	9304      	str	r3, [sp, #16]
100035e4:	9b1f      	ldr	r3, [sp, #124]	@ 0x7c
100035e6:	9303      	str	r3, [sp, #12]
100035e8:	9b06      	ldr	r3, [sp, #24]
100035ea:	9c07      	ldr	r4, [sp, #28]
100035ec:	9300      	str	r3, [sp, #0]
100035ee:	9401      	str	r4, [sp, #4]
100035f0:	e7c8      	b.n	10003584 <_etoa+0xcc>
100035f2:	2306      	movs	r3, #6
100035f4:	931e      	str	r3, [sp, #120]	@ 0x78
100035f6:	4b8c      	ldr	r3, [pc, #560]	@ (10003828 <_etoa+0x370>)
100035f8:	0060      	lsls	r0, r4, #1
100035fa:	469c      	mov	ip, r3
100035fc:	0d40      	lsrs	r0, r0, #21
100035fe:	4460      	add	r0, ip
10003600:	f7ff f9ae 	bl	10002960 <__wrap___aeabi_i2d>
10003604:	4a89      	ldr	r2, [pc, #548]	@ (1000382c <_etoa+0x374>)
10003606:	4b8a      	ldr	r3, [pc, #552]	@ (10003830 <_etoa+0x378>)
10003608:	f7ff f93b 	bl	10002882 <__wrap___aeabi_dmul>
1000360c:	4a89      	ldr	r2, [pc, #548]	@ (10003834 <_etoa+0x37c>)
1000360e:	4b8a      	ldr	r3, [pc, #552]	@ (10003838 <_etoa+0x380>)
10003610:	f7ff f910 	bl	10002834 <__wrap___aeabi_dadd>
10003614:	0324      	lsls	r4, r4, #12
10003616:	4b89      	ldr	r3, [pc, #548]	@ (1000383c <_etoa+0x384>)
10003618:	0b24      	lsrs	r4, r4, #12
1000361a:	4323      	orrs	r3, r4
1000361c:	900a      	str	r0, [sp, #40]	@ 0x28
1000361e:	910b      	str	r1, [sp, #44]	@ 0x2c
10003620:	2200      	movs	r2, #0
10003622:	9808      	ldr	r0, [sp, #32]
10003624:	0019      	movs	r1, r3
10003626:	4b86      	ldr	r3, [pc, #536]	@ (10003840 <_etoa+0x388>)
10003628:	f7ff f8fb 	bl	10002822 <__wrap___aeabi_dsub>
1000362c:	4a85      	ldr	r2, [pc, #532]	@ (10003844 <_etoa+0x38c>)
1000362e:	4b86      	ldr	r3, [pc, #536]	@ (10003848 <_etoa+0x390>)
10003630:	f7ff f927 	bl	10002882 <__wrap___aeabi_dmul>
10003634:	0002      	movs	r2, r0
10003636:	000b      	movs	r3, r1
10003638:	980a      	ldr	r0, [sp, #40]	@ 0x28
1000363a:	990b      	ldr	r1, [sp, #44]	@ 0x2c
1000363c:	f7ff f8fa 	bl	10002834 <__wrap___aeabi_dadd>
10003640:	f7ff f9a6 	bl	10002990 <__wrap___aeabi_d2iz>
10003644:	900a      	str	r0, [sp, #40]	@ 0x28
10003646:	f7ff f98b 	bl	10002960 <__wrap___aeabi_i2d>
1000364a:	4a80      	ldr	r2, [pc, #512]	@ (1000384c <_etoa+0x394>)
1000364c:	4b80      	ldr	r3, [pc, #512]	@ (10003850 <_etoa+0x398>)
1000364e:	0004      	movs	r4, r0
10003650:	000d      	movs	r5, r1
10003652:	f7ff f916 	bl	10002882 <__wrap___aeabi_dmul>
10003656:	2200      	movs	r2, #0
10003658:	4b7e      	ldr	r3, [pc, #504]	@ (10003854 <_etoa+0x39c>)
1000365a:	f7ff f8eb 	bl	10002834 <__wrap___aeabi_dadd>
1000365e:	f7ff f997 	bl	10002990 <__wrap___aeabi_d2iz>
10003662:	4a7d      	ldr	r2, [pc, #500]	@ (10003858 <_etoa+0x3a0>)
10003664:	4b7d      	ldr	r3, [pc, #500]	@ (1000385c <_etoa+0x3a4>)
10003666:	0029      	movs	r1, r5
10003668:	900e      	str	r0, [sp, #56]	@ 0x38
1000366a:	0020      	movs	r0, r4
1000366c:	f7ff f909 	bl	10002882 <__wrap___aeabi_dmul>
10003670:	0004      	movs	r4, r0
10003672:	980e      	ldr	r0, [sp, #56]	@ 0x38
10003674:	000d      	movs	r5, r1
10003676:	f7ff f973 	bl	10002960 <__wrap___aeabi_i2d>
1000367a:	4a79      	ldr	r2, [pc, #484]	@ (10003860 <_etoa+0x3a8>)
1000367c:	4b79      	ldr	r3, [pc, #484]	@ (10003864 <_etoa+0x3ac>)
1000367e:	f7ff f900 	bl	10002882 <__wrap___aeabi_dmul>
10003682:	0002      	movs	r2, r0
10003684:	000b      	movs	r3, r1
10003686:	0020      	movs	r0, r4
10003688:	0029      	movs	r1, r5
1000368a:	f7ff f8ca 	bl	10002822 <__wrap___aeabi_dsub>
1000368e:	0004      	movs	r4, r0
10003690:	000d      	movs	r5, r1
10003692:	0002      	movs	r2, r0
10003694:	000b      	movs	r3, r1
10003696:	9408      	str	r4, [sp, #32]
10003698:	9509      	str	r5, [sp, #36]	@ 0x24
1000369a:	f7ff f8f2 	bl	10002882 <__wrap___aeabi_dmul>
1000369e:	0004      	movs	r4, r0
100036a0:	000d      	movs	r5, r1
100036a2:	9808      	ldr	r0, [sp, #32]
100036a4:	9909      	ldr	r1, [sp, #36]	@ 0x24
100036a6:	0002      	movs	r2, r0
100036a8:	000b      	movs	r3, r1
100036aa:	f7ff f8c3 	bl	10002834 <__wrap___aeabi_dadd>
100036ae:	2200      	movs	r2, #0
100036b0:	9010      	str	r0, [sp, #64]	@ 0x40
100036b2:	9111      	str	r1, [sp, #68]	@ 0x44
100036b4:	4b6c      	ldr	r3, [pc, #432]	@ (10003868 <_etoa+0x3b0>)
100036b6:	0020      	movs	r0, r4
100036b8:	0029      	movs	r1, r5
100036ba:	f7ff f8c4 	bl	10002846 <__wrap___aeabi_ddiv>
100036be:	2200      	movs	r2, #0
100036c0:	4b6a      	ldr	r3, [pc, #424]	@ (1000386c <_etoa+0x3b4>)
100036c2:	f7ff f8b7 	bl	10002834 <__wrap___aeabi_dadd>
100036c6:	0002      	movs	r2, r0
100036c8:	000b      	movs	r3, r1
100036ca:	0020      	movs	r0, r4
100036cc:	0029      	movs	r1, r5
100036ce:	f7ff f8ba 	bl	10002846 <__wrap___aeabi_ddiv>
100036d2:	2200      	movs	r2, #0
100036d4:	4b66      	ldr	r3, [pc, #408]	@ (10003870 <_etoa+0x3b8>)
100036d6:	f7ff f8ad 	bl	10002834 <__wrap___aeabi_dadd>
100036da:	0002      	movs	r2, r0
100036dc:	000b      	movs	r3, r1
100036de:	0020      	movs	r0, r4
100036e0:	0029      	movs	r1, r5
100036e2:	f7ff f8b0 	bl	10002846 <__wrap___aeabi_ddiv>
100036e6:	9a08      	ldr	r2, [sp, #32]
100036e8:	9b09      	ldr	r3, [sp, #36]	@ 0x24
100036ea:	000d      	movs	r5, r1
100036ec:	2180      	movs	r1, #128	@ 0x80
100036ee:	0004      	movs	r4, r0
100036f0:	05c9      	lsls	r1, r1, #23
100036f2:	2000      	movs	r0, #0
100036f4:	f7ff f895 	bl	10002822 <__wrap___aeabi_dsub>
100036f8:	0002      	movs	r2, r0
100036fa:	000b      	movs	r3, r1
100036fc:	0020      	movs	r0, r4
100036fe:	0029      	movs	r1, r5
10003700:	f7ff f898 	bl	10002834 <__wrap___aeabi_dadd>
10003704:	0002      	movs	r2, r0
10003706:	000b      	movs	r3, r1
10003708:	9810      	ldr	r0, [sp, #64]	@ 0x40
1000370a:	9911      	ldr	r1, [sp, #68]	@ 0x44
1000370c:	f7ff f89b 	bl	10002846 <__wrap___aeabi_ddiv>
10003710:	2200      	movs	r2, #0
10003712:	4b4a      	ldr	r3, [pc, #296]	@ (1000383c <_etoa+0x384>)
10003714:	f7ff f88e 	bl	10002834 <__wrap___aeabi_dadd>
10003718:	4b56      	ldr	r3, [pc, #344]	@ (10003874 <_etoa+0x3bc>)
1000371a:	9c0e      	ldr	r4, [sp, #56]	@ 0x38
1000371c:	469c      	mov	ip, r3
1000371e:	4464      	add	r4, ip
10003720:	0523      	lsls	r3, r4, #20
10003722:	2200      	movs	r2, #0
10003724:	f7ff f8ad 	bl	10002882 <__wrap___aeabi_dmul>
10003728:	9a06      	ldr	r2, [sp, #24]
1000372a:	9b07      	ldr	r3, [sp, #28]
1000372c:	0004      	movs	r4, r0
1000372e:	000d      	movs	r5, r1
10003730:	f7ff f900 	bl	10002934 <__wrap___aeabi_dcmpgt>
10003734:	2800      	cmp	r0, #0
10003736:	d000      	beq.n	1000373a <_etoa+0x282>
10003738:	e09e      	b.n	10003878 <_etoa+0x3c0>
1000373a:	9b0a      	ldr	r3, [sp, #40]	@ 0x28
1000373c:	9408      	str	r4, [sp, #32]
1000373e:	9509      	str	r5, [sp, #36]	@ 0x24
10003740:	3363      	adds	r3, #99	@ 0x63
10003742:	2bc6      	cmp	r3, #198	@ 0xc6
10003744:	d800      	bhi.n	10003748 <_etoa+0x290>
10003746:	e0a7      	b.n	10003898 <_etoa+0x3e0>
10003748:	2302      	movs	r3, #2
1000374a:	9d20      	ldr	r5, [sp, #128]	@ 0x80
1000374c:	2405      	movs	r4, #5
1000374e:	401d      	ands	r5, r3
10003750:	9b0d      	ldr	r3, [sp, #52]	@ 0x34
10003752:	2b00      	cmp	r3, #0
10003754:	d000      	beq.n	10003758 <_etoa+0x2a0>
10003756:	e0bb      	b.n	100038d0 <_etoa+0x418>
10003758:	9b1f      	ldr	r3, [sp, #124]	@ 0x7c
1000375a:	2b05      	cmp	r3, #5
1000375c:	d900      	bls.n	10003760 <_etoa+0x2a8>
1000375e:	e10d      	b.n	1000397c <_etoa+0x4c4>
10003760:	9806      	ldr	r0, [sp, #24]
10003762:	9907      	ldr	r1, [sp, #28]
10003764:	9a08      	ldr	r2, [sp, #32]
10003766:	9b09      	ldr	r3, [sp, #36]	@ 0x24
10003768:	f7ff f86d 	bl	10002846 <__wrap___aeabi_ddiv>
1000376c:	9006      	str	r0, [sp, #24]
1000376e:	9107      	str	r1, [sp, #28]
10003770:	2200      	movs	r2, #0
10003772:	2300      	movs	r3, #0
10003774:	0030      	movs	r0, r6
10003776:	0039      	movs	r1, r7
10003778:	f7ff f8c6 	bl	10002908 <__wrap___aeabi_dcmplt>
1000377c:	4b29      	ldr	r3, [pc, #164]	@ (10003824 <_etoa+0x36c>)
1000377e:	9a20      	ldr	r2, [sp, #128]	@ 0x80
10003780:	4013      	ands	r3, r2
10003782:	9304      	str	r3, [sp, #16]
10003784:	9b0d      	ldr	r3, [sp, #52]	@ 0x34
10003786:	9303      	str	r3, [sp, #12]
10003788:	9b1e      	ldr	r3, [sp, #120]	@ 0x78
1000378a:	9302      	str	r3, [sp, #8]
1000378c:	2800      	cmp	r0, #0
1000378e:	d000      	beq.n	10003792 <_etoa+0x2da>
10003790:	e0f9      	b.n	10003986 <_etoa+0x4ce>
10003792:	9a06      	ldr	r2, [sp, #24]
10003794:	9b07      	ldr	r3, [sp, #28]
10003796:	4641      	mov	r1, r8
10003798:	9200      	str	r2, [sp, #0]
1000379a:	9301      	str	r3, [sp, #4]
1000379c:	4650      	mov	r0, sl
1000379e:	464b      	mov	r3, r9
100037a0:	465a      	mov	r2, fp
100037a2:	f000 f915 	bl	100039d0 <_ftoa>
100037a6:	0002      	movs	r2, r0
100037a8:	2020      	movs	r0, #32
100037aa:	9b20      	ldr	r3, [sp, #128]	@ 0x80
100037ac:	1c56      	adds	r6, r2, #1
100037ae:	4003      	ands	r3, r0
100037b0:	4259      	negs	r1, r3
100037b2:	414b      	adcs	r3, r1
100037b4:	425b      	negs	r3, r3
100037b6:	4018      	ands	r0, r3
100037b8:	4641      	mov	r1, r8
100037ba:	464b      	mov	r3, r9
100037bc:	3045      	adds	r0, #69	@ 0x45
100037be:	47d0      	blx	sl
100037c0:	2305      	movs	r3, #5
100037c2:	9305      	str	r3, [sp, #20]
100037c4:	2300      	movs	r3, #0
100037c6:	9a0a      	ldr	r2, [sp, #40]	@ 0x28
100037c8:	9303      	str	r3, [sp, #12]
100037ca:	330a      	adds	r3, #10
100037cc:	9302      	str	r3, [sp, #8]
100037ce:	0fd3      	lsrs	r3, r2, #31
100037d0:	9301      	str	r3, [sp, #4]
100037d2:	0013      	movs	r3, r2
100037d4:	17d2      	asrs	r2, r2, #31
100037d6:	189b      	adds	r3, r3, r2
100037d8:	4053      	eors	r3, r2
100037da:	3c01      	subs	r4, #1
100037dc:	9404      	str	r4, [sp, #16]
100037de:	9300      	str	r3, [sp, #0]
100037e0:	0032      	movs	r2, r6
100037e2:	464b      	mov	r3, r9
100037e4:	4641      	mov	r1, r8
100037e6:	4650      	mov	r0, sl
100037e8:	f7ff fd9e 	bl	10003328 <_ntoa_long>
100037ec:	0004      	movs	r4, r0
100037ee:	2d00      	cmp	r5, #0
100037f0:	d100      	bne.n	100037f4 <_etoa+0x33c>
100037f2:	e6ce      	b.n	10003592 <_etoa+0xda>
100037f4:	465b      	mov	r3, fp
100037f6:	1ac5      	subs	r5, r0, r3
100037f8:	9b1f      	ldr	r3, [sp, #124]	@ 0x7c
100037fa:	42ab      	cmp	r3, r5
100037fc:	d800      	bhi.n	10003800 <_etoa+0x348>
100037fe:	e6c8      	b.n	10003592 <_etoa+0xda>
10003800:	4656      	mov	r6, sl
10003802:	4647      	mov	r7, r8
10003804:	0022      	movs	r2, r4
10003806:	464b      	mov	r3, r9
10003808:	0039      	movs	r1, r7
1000380a:	2020      	movs	r0, #32
1000380c:	47b0      	blx	r6
1000380e:	9b1f      	ldr	r3, [sp, #124]	@ 0x7c
10003810:	3501      	adds	r5, #1
10003812:	3401      	adds	r4, #1
10003814:	42ab      	cmp	r3, r5
10003816:	d8f5      	bhi.n	10003804 <_etoa+0x34c>
10003818:	e6bb      	b.n	10003592 <_etoa+0xda>
1000381a:	46c0      	nop			@ (mov r8, r8)
1000381c:	7fefffff 	.word	0x7fefffff
10003820:	ffefffff 	.word	0xffefffff
10003824:	fffff7ff 	.word	0xfffff7ff
10003828:	fffffc01 	.word	0xfffffc01
1000382c:	509f79fb 	.word	0x509f79fb
10003830:	3fd34413 	.word	0x3fd34413
10003834:	8b60c8b3 	.word	0x8b60c8b3
10003838:	3fc68a28 	.word	0x3fc68a28
1000383c:	3ff00000 	.word	0x3ff00000
10003840:	3ff80000 	.word	0x3ff80000
10003844:	636f4361 	.word	0x636f4361
10003848:	3fd287a7 	.word	0x3fd287a7
1000384c:	0979a371 	.word	0x0979a371
10003850:	400a934f 	.word	0x400a934f
10003854:	3fe00000 	.word	0x3fe00000
10003858:	bbb55516 	.word	0xbbb55516
1000385c:	40026bb1 	.word	0x40026bb1
10003860:	fefa39ef 	.word	0xfefa39ef
10003864:	3fe62e42 	.word	0x3fe62e42
10003868:	402c0000 	.word	0x402c0000
1000386c:	40240000 	.word	0x40240000
10003870:	40180000 	.word	0x40180000
10003874:	000003ff 	.word	0x000003ff
10003878:	9b0a      	ldr	r3, [sp, #40]	@ 0x28
1000387a:	2200      	movs	r2, #0
1000387c:	3b01      	subs	r3, #1
1000387e:	930a      	str	r3, [sp, #40]	@ 0x28
10003880:	0020      	movs	r0, r4
10003882:	4b4e      	ldr	r3, [pc, #312]	@ (100039bc <_etoa+0x504>)
10003884:	0029      	movs	r1, r5
10003886:	f7fe ffde 	bl	10002846 <__wrap___aeabi_ddiv>
1000388a:	9b0a      	ldr	r3, [sp, #40]	@ 0x28
1000388c:	9008      	str	r0, [sp, #32]
1000388e:	9109      	str	r1, [sp, #36]	@ 0x24
10003890:	3363      	adds	r3, #99	@ 0x63
10003892:	2bc6      	cmp	r3, #198	@ 0xc6
10003894:	d900      	bls.n	10003898 <_etoa+0x3e0>
10003896:	e757      	b.n	10003748 <_etoa+0x290>
10003898:	2302      	movs	r3, #2
1000389a:	9d20      	ldr	r5, [sp, #128]	@ 0x80
1000389c:	2404      	movs	r4, #4
1000389e:	401d      	ands	r5, r3
100038a0:	9b0d      	ldr	r3, [sp, #52]	@ 0x34
100038a2:	2b00      	cmp	r3, #0
100038a4:	d114      	bne.n	100038d0 <_etoa+0x418>
100038a6:	9b1f      	ldr	r3, [sp, #124]	@ 0x7c
100038a8:	2b04      	cmp	r3, #4
100038aa:	d904      	bls.n	100038b6 <_etoa+0x3fe>
100038ac:	2d00      	cmp	r5, #0
100038ae:	d100      	bne.n	100038b2 <_etoa+0x3fa>
100038b0:	e07e      	b.n	100039b0 <_etoa+0x4f8>
100038b2:	2404      	movs	r4, #4
100038b4:	2502      	movs	r5, #2
100038b6:	9b0a      	ldr	r3, [sp, #40]	@ 0x28
100038b8:	2b00      	cmp	r3, #0
100038ba:	d000      	beq.n	100038be <_etoa+0x406>
100038bc:	e750      	b.n	10003760 <_etoa+0x2a8>
100038be:	e757      	b.n	10003770 <_etoa+0x2b8>
100038c0:	2380      	movs	r3, #128	@ 0x80
100038c2:	061b      	lsls	r3, r3, #24
100038c4:	469c      	mov	ip, r3
100038c6:	44bc      	add	ip, r7
100038c8:	4663      	mov	r3, ip
100038ca:	9606      	str	r6, [sp, #24]
100038cc:	9307      	str	r3, [sp, #28]
100038ce:	e625      	b.n	1000351c <_etoa+0x64>
100038d0:	9a08      	ldr	r2, [sp, #32]
100038d2:	9b09      	ldr	r3, [sp, #36]	@ 0x24
100038d4:	0011      	movs	r1, r2
100038d6:	4319      	orrs	r1, r3
100038d8:	d100      	bne.n	100038dc <_etoa+0x424>
100038da:	e66c      	b.n	100035b6 <_etoa+0xfe>
100038dc:	9806      	ldr	r0, [sp, #24]
100038de:	9907      	ldr	r1, [sp, #28]
100038e0:	4a37      	ldr	r2, [pc, #220]	@ (100039c0 <_etoa+0x508>)
100038e2:	4b38      	ldr	r3, [pc, #224]	@ (100039c4 <_etoa+0x50c>)
100038e4:	f7ff f81e 	bl	10002924 <__wrap___aeabi_dcmpge>
100038e8:	2800      	cmp	r0, #0
100038ea:	d008      	beq.n	100038fe <_etoa+0x446>
100038ec:	9806      	ldr	r0, [sp, #24]
100038ee:	9907      	ldr	r1, [sp, #28]
100038f0:	2200      	movs	r2, #0
100038f2:	4b35      	ldr	r3, [pc, #212]	@ (100039c8 <_etoa+0x510>)
100038f4:	f7ff f808 	bl	10002908 <__wrap___aeabi_dcmplt>
100038f8:	2800      	cmp	r0, #0
100038fa:	d000      	beq.n	100038fe <_etoa+0x446>
100038fc:	e65b      	b.n	100035b6 <_etoa+0xfe>
100038fe:	9b1e      	ldr	r3, [sp, #120]	@ 0x78
10003900:	2b00      	cmp	r3, #0
10003902:	d010      	beq.n	10003926 <_etoa+0x46e>
10003904:	9b0f      	ldr	r3, [sp, #60]	@ 0x3c
10003906:	2b00      	cmp	r3, #0
10003908:	d00d      	beq.n	10003926 <_etoa+0x46e>
1000390a:	9b1e      	ldr	r3, [sp, #120]	@ 0x78
1000390c:	3b01      	subs	r3, #1
1000390e:	931e      	str	r3, [sp, #120]	@ 0x78
10003910:	2300      	movs	r3, #0
10003912:	930d      	str	r3, [sp, #52]	@ 0x34
10003914:	9b1f      	ldr	r3, [sp, #124]	@ 0x7c
10003916:	42a3      	cmp	r3, r4
10003918:	d9cd      	bls.n	100038b6 <_etoa+0x3fe>
1000391a:	2d00      	cmp	r5, #0
1000391c:	d03d      	beq.n	1000399a <_etoa+0x4e2>
1000391e:	2300      	movs	r3, #0
10003920:	2502      	movs	r5, #2
10003922:	930d      	str	r3, [sp, #52]	@ 0x34
10003924:	e7c7      	b.n	100038b6 <_etoa+0x3fe>
10003926:	2300      	movs	r3, #0
10003928:	930d      	str	r3, [sp, #52]	@ 0x34
1000392a:	9b1f      	ldr	r3, [sp, #124]	@ 0x7c
1000392c:	42a3      	cmp	r3, r4
1000392e:	d9c2      	bls.n	100038b6 <_etoa+0x3fe>
10003930:	2d00      	cmp	r5, #0
10003932:	d032      	beq.n	1000399a <_etoa+0x4e2>
10003934:	2300      	movs	r3, #0
10003936:	2502      	movs	r5, #2
10003938:	930d      	str	r3, [sp, #52]	@ 0x34
1000393a:	e7bc      	b.n	100038b6 <_etoa+0x3fe>
1000393c:	2080      	movs	r0, #128	@ 0x80
1000393e:	9b20      	ldr	r3, [sp, #128]	@ 0x80
10003940:	4a22      	ldr	r2, [pc, #136]	@ (100039cc <_etoa+0x514>)
10003942:	0600      	lsls	r0, r0, #24
10003944:	401a      	ands	r2, r3
10003946:	2380      	movs	r3, #128	@ 0x80
10003948:	4684      	mov	ip, r0
1000394a:	9402      	str	r4, [sp, #8]
1000394c:	9c06      	ldr	r4, [sp, #24]
1000394e:	9d07      	ldr	r5, [sp, #28]
10003950:	0029      	movs	r1, r5
10003952:	00db      	lsls	r3, r3, #3
10003954:	4313      	orrs	r3, r2
10003956:	9304      	str	r3, [sp, #16]
10003958:	9b1f      	ldr	r3, [sp, #124]	@ 0x7c
1000395a:	4461      	add	r1, ip
1000395c:	0022      	movs	r2, r4
1000395e:	9303      	str	r3, [sp, #12]
10003960:	000b      	movs	r3, r1
10003962:	9200      	str	r2, [sp, #0]
10003964:	9301      	str	r3, [sp, #4]
10003966:	e60d      	b.n	10003584 <_etoa+0xcc>
10003968:	2405      	movs	r4, #5
1000396a:	e62a      	b.n	100035c2 <_etoa+0x10a>
1000396c:	2300      	movs	r3, #0
1000396e:	2404      	movs	r4, #4
10003970:	2502      	movs	r5, #2
10003972:	930d      	str	r3, [sp, #52]	@ 0x34
10003974:	930a      	str	r3, [sp, #40]	@ 0x28
10003976:	e6fb      	b.n	10003770 <_etoa+0x2b8>
10003978:	2304      	movs	r3, #4
1000397a:	e5f5      	b.n	10003568 <_etoa+0xb0>
1000397c:	2d00      	cmp	r5, #0
1000397e:	d00f      	beq.n	100039a0 <_etoa+0x4e8>
10003980:	2502      	movs	r5, #2
10003982:	2405      	movs	r4, #5
10003984:	e6ec      	b.n	10003760 <_etoa+0x2a8>
10003986:	2080      	movs	r0, #128	@ 0x80
10003988:	9e06      	ldr	r6, [sp, #24]
1000398a:	9f07      	ldr	r7, [sp, #28]
1000398c:	0600      	lsls	r0, r0, #24
1000398e:	0039      	movs	r1, r7
10003990:	4684      	mov	ip, r0
10003992:	4461      	add	r1, ip
10003994:	0032      	movs	r2, r6
10003996:	000b      	movs	r3, r1
10003998:	e6fd      	b.n	10003796 <_etoa+0x2de>
1000399a:	1b1b      	subs	r3, r3, r4
1000399c:	930d      	str	r3, [sp, #52]	@ 0x34
1000399e:	e78a      	b.n	100038b6 <_etoa+0x3fe>
100039a0:	9b1f      	ldr	r3, [sp, #124]	@ 0x7c
100039a2:	2405      	movs	r4, #5
100039a4:	3b05      	subs	r3, #5
100039a6:	930d      	str	r3, [sp, #52]	@ 0x34
100039a8:	e6da      	b.n	10003760 <_etoa+0x2a8>
100039aa:	1a9c      	subs	r4, r3, r2
100039ac:	3c01      	subs	r4, #1
100039ae:	e608      	b.n	100035c2 <_etoa+0x10a>
100039b0:	9b1f      	ldr	r3, [sp, #124]	@ 0x7c
100039b2:	2404      	movs	r4, #4
100039b4:	3b04      	subs	r3, #4
100039b6:	930d      	str	r3, [sp, #52]	@ 0x34
100039b8:	e77d      	b.n	100038b6 <_etoa+0x3fe>
100039ba:	46c0      	nop			@ (mov r8, r8)
100039bc:	40240000 	.word	0x40240000
100039c0:	eb1c432d 	.word	0xeb1c432d
100039c4:	3f1a36e2 	.word	0x3f1a36e2
100039c8:	412e8480 	.word	0x412e8480
100039cc:	fffff7ff 	.word	0xfffff7ff

100039d0 <_ftoa>:
100039d0:	b5f0      	push	{r4, r5, r6, r7, lr}
100039d2:	464e      	mov	r6, r9
100039d4:	46de      	mov	lr, fp
100039d6:	4645      	mov	r5, r8
100039d8:	4657      	mov	r7, sl
100039da:	b5e0      	push	{r5, r6, r7, lr}
100039dc:	b095      	sub	sp, #84	@ 0x54
100039de:	468b      	mov	fp, r1
100039e0:	4690      	mov	r8, r2
100039e2:	4699      	mov	r9, r3
100039e4:	9a1e      	ldr	r2, [sp, #120]	@ 0x78
100039e6:	9b1f      	ldr	r3, [sp, #124]	@ 0x7c
100039e8:	900a      	str	r0, [sp, #40]	@ 0x28
100039ea:	0019      	movs	r1, r3
100039ec:	0010      	movs	r0, r2
100039ee:	9e20      	ldr	r6, [sp, #128]	@ 0x80
100039f0:	f7fe ffa5 	bl	1000293e <__wrap___aeabi_dcmpun>
100039f4:	2800      	cmp	r0, #0
100039f6:	d000      	beq.n	100039fa <_ftoa+0x2a>
100039f8:	e1a2      	b.n	10003d40 <_ftoa+0x370>
100039fa:	981e      	ldr	r0, [sp, #120]	@ 0x78
100039fc:	991f      	ldr	r1, [sp, #124]	@ 0x7c
100039fe:	2201      	movs	r2, #1
10003a00:	4bc6      	ldr	r3, [pc, #792]	@ (10003d1c <_ftoa+0x34c>)
10003a02:	4252      	negs	r2, r2
10003a04:	f7fe ff80 	bl	10002908 <__wrap___aeabi_dcmplt>
10003a08:	2800      	cmp	r0, #0
10003a0a:	d000      	beq.n	10003a0e <_ftoa+0x3e>
10003a0c:	e106      	b.n	10003c1c <_ftoa+0x24c>
10003a0e:	981e      	ldr	r0, [sp, #120]	@ 0x78
10003a10:	991f      	ldr	r1, [sp, #124]	@ 0x7c
10003a12:	2201      	movs	r2, #1
10003a14:	4bc2      	ldr	r3, [pc, #776]	@ (10003d20 <_ftoa+0x350>)
10003a16:	4252      	negs	r2, r2
10003a18:	f7fe ff8c 	bl	10002934 <__wrap___aeabi_dcmpgt>
10003a1c:	2800      	cmp	r0, #0
10003a1e:	d000      	beq.n	10003a22 <_ftoa+0x52>
10003a20:	e0dc      	b.n	10003bdc <_ftoa+0x20c>
10003a22:	981e      	ldr	r0, [sp, #120]	@ 0x78
10003a24:	991f      	ldr	r1, [sp, #124]	@ 0x7c
10003a26:	2200      	movs	r2, #0
10003a28:	4bbe      	ldr	r3, [pc, #760]	@ (10003d24 <_ftoa+0x354>)
10003a2a:	f7fe ff83 	bl	10002934 <__wrap___aeabi_dcmpgt>
10003a2e:	2800      	cmp	r0, #0
10003a30:	d000      	beq.n	10003a34 <_ftoa+0x64>
10003a32:	e0bd      	b.n	10003bb0 <_ftoa+0x1e0>
10003a34:	981e      	ldr	r0, [sp, #120]	@ 0x78
10003a36:	991f      	ldr	r1, [sp, #124]	@ 0x7c
10003a38:	2200      	movs	r2, #0
10003a3a:	4bbb      	ldr	r3, [pc, #748]	@ (10003d28 <_ftoa+0x358>)
10003a3c:	f7fe ff64 	bl	10002908 <__wrap___aeabi_dcmplt>
10003a40:	2800      	cmp	r0, #0
10003a42:	d000      	beq.n	10003a46 <_ftoa+0x76>
10003a44:	e0b4      	b.n	10003bb0 <_ftoa+0x1e0>
10003a46:	981e      	ldr	r0, [sp, #120]	@ 0x78
10003a48:	991f      	ldr	r1, [sp, #124]	@ 0x7c
10003a4a:	2200      	movs	r2, #0
10003a4c:	2300      	movs	r3, #0
10003a4e:	f7fe ff5b 	bl	10002908 <__wrap___aeabi_dcmplt>
10003a52:	2800      	cmp	r0, #0
10003a54:	d000      	beq.n	10003a58 <_ftoa+0x88>
10003a56:	e0d6      	b.n	10003c06 <_ftoa+0x236>
10003a58:	2300      	movs	r3, #0
10003a5a:	930b      	str	r3, [sp, #44]	@ 0x2c
10003a5c:	9b22      	ldr	r3, [sp, #136]	@ 0x88
10003a5e:	055b      	lsls	r3, r3, #21
10003a60:	d400      	bmi.n	10003a64 <_ftoa+0x94>
10003a62:	2606      	movs	r6, #6
10003a64:	2400      	movs	r4, #0
10003a66:	2330      	movs	r3, #48	@ 0x30
10003a68:	e007      	b.n	10003a7a <_ftoa+0xaa>
10003a6a:	2117      	movs	r1, #23
10003a6c:	aa06      	add	r2, sp, #24
10003a6e:	3401      	adds	r4, #1
10003a70:	1852      	adds	r2, r2, r1
10003a72:	5513      	strb	r3, [r2, r4]
10003a74:	3e01      	subs	r6, #1
10003a76:	2c20      	cmp	r4, #32
10003a78:	d001      	beq.n	10003a7e <_ftoa+0xae>
10003a7a:	2e09      	cmp	r6, #9
10003a7c:	d8f5      	bhi.n	10003a6a <_ftoa+0x9a>
10003a7e:	981e      	ldr	r0, [sp, #120]	@ 0x78
10003a80:	991f      	ldr	r1, [sp, #124]	@ 0x7c
10003a82:	f7fe ff85 	bl	10002990 <__wrap___aeabi_d2iz>
10003a86:	4ba9      	ldr	r3, [pc, #676]	@ (10003d2c <_ftoa+0x35c>)
10003a88:	00f2      	lsls	r2, r6, #3
10003a8a:	189b      	adds	r3, r3, r2
10003a8c:	681a      	ldr	r2, [r3, #0]
10003a8e:	685b      	ldr	r3, [r3, #4]
10003a90:	0005      	movs	r5, r0
10003a92:	9208      	str	r2, [sp, #32]
10003a94:	9309      	str	r3, [sp, #36]	@ 0x24
10003a96:	f7fe ff63 	bl	10002960 <__wrap___aeabi_i2d>
10003a9a:	0002      	movs	r2, r0
10003a9c:	000b      	movs	r3, r1
10003a9e:	981e      	ldr	r0, [sp, #120]	@ 0x78
10003aa0:	991f      	ldr	r1, [sp, #124]	@ 0x7c
10003aa2:	f7fe febe 	bl	10002822 <__wrap___aeabi_dsub>
10003aa6:	9a08      	ldr	r2, [sp, #32]
10003aa8:	9b09      	ldr	r3, [sp, #36]	@ 0x24
10003aaa:	f7fe feea 	bl	10002882 <__wrap___aeabi_dmul>
10003aae:	9006      	str	r0, [sp, #24]
10003ab0:	9107      	str	r1, [sp, #28]
10003ab2:	f7fe ff91 	bl	100029d8 <__wrap___aeabi_d2uiz>
10003ab6:	0007      	movs	r7, r0
10003ab8:	f7fe ff4e 	bl	10002958 <__wrap___aeabi_ui2d>
10003abc:	0002      	movs	r2, r0
10003abe:	000b      	movs	r3, r1
10003ac0:	9806      	ldr	r0, [sp, #24]
10003ac2:	9907      	ldr	r1, [sp, #28]
10003ac4:	f7fe fead 	bl	10002822 <__wrap___aeabi_dsub>
10003ac8:	2200      	movs	r2, #0
10003aca:	4b99      	ldr	r3, [pc, #612]	@ (10003d30 <_ftoa+0x360>)
10003acc:	9006      	str	r0, [sp, #24]
10003ace:	9107      	str	r1, [sp, #28]
10003ad0:	f7fe ff30 	bl	10002934 <__wrap___aeabi_dcmpgt>
10003ad4:	2800      	cmp	r0, #0
10003ad6:	d100      	bne.n	10003ada <_ftoa+0x10a>
10003ad8:	e0c9      	b.n	10003c6e <_ftoa+0x29e>
10003ada:	3701      	adds	r7, #1
10003adc:	0038      	movs	r0, r7
10003ade:	f7fe ff3b 	bl	10002958 <__wrap___aeabi_ui2d>
10003ae2:	0002      	movs	r2, r0
10003ae4:	000b      	movs	r3, r1
10003ae6:	9808      	ldr	r0, [sp, #32]
10003ae8:	9909      	ldr	r1, [sp, #36]	@ 0x24
10003aea:	f7fe ff13 	bl	10002914 <__wrap___aeabi_dcmple>
10003aee:	2800      	cmp	r0, #0
10003af0:	d001      	beq.n	10003af6 <_ftoa+0x126>
10003af2:	2700      	movs	r7, #0
10003af4:	3501      	adds	r5, #1
10003af6:	2e00      	cmp	r6, #0
10003af8:	d100      	bne.n	10003afc <_ftoa+0x12c>
10003afa:	e097      	b.n	10003c2c <_ftoa+0x25c>
10003afc:	aa06      	add	r2, sp, #24
10003afe:	2317      	movs	r3, #23
10003b00:	4694      	mov	ip, r2
10003b02:	4463      	add	r3, ip
10003b04:	469a      	mov	sl, r3
10003b06:	9506      	str	r5, [sp, #24]
10003b08:	e011      	b.n	10003b2e <_ftoa+0x15e>
10003b0a:	4653      	mov	r3, sl
10003b0c:	210a      	movs	r1, #10
10003b0e:	0038      	movs	r0, r7
10003b10:	3401      	adds	r4, #1
10003b12:	191d      	adds	r5, r3, r4
10003b14:	f7fe fc4a 	bl	100023ac <__wrap___aeabi_uidiv>
10003b18:	3130      	adds	r1, #48	@ 0x30
10003b1a:	7029      	strb	r1, [r5, #0]
10003b1c:	0038      	movs	r0, r7
10003b1e:	210a      	movs	r1, #10
10003b20:	3e01      	subs	r6, #1
10003b22:	f7fe fc43 	bl	100023ac <__wrap___aeabi_uidiv>
10003b26:	2f09      	cmp	r7, #9
10003b28:	d800      	bhi.n	10003b2c <_ftoa+0x15c>
10003b2a:	e0bd      	b.n	10003ca8 <_ftoa+0x2d8>
10003b2c:	0007      	movs	r7, r0
10003b2e:	2c20      	cmp	r4, #32
10003b30:	d1eb      	bne.n	10003b0a <_ftoa+0x13a>
10003b32:	9d06      	ldr	r5, [sp, #24]
10003b34:	ab0c      	add	r3, sp, #48	@ 0x30
10003b36:	2420      	movs	r4, #32
10003b38:	469a      	mov	sl, r3
10003b3a:	ab06      	add	r3, sp, #24
10003b3c:	2717      	movs	r7, #23
10003b3e:	469c      	mov	ip, r3
10003b40:	4467      	add	r7, ip
10003b42:	e00e      	b.n	10003b62 <_ftoa+0x192>
10003b44:	0028      	movs	r0, r5
10003b46:	210a      	movs	r1, #10
10003b48:	f7fe fc08 	bl	1000235c <__wrap___aeabi_idiv>
10003b4c:	3401      	adds	r4, #1
10003b4e:	3130      	adds	r1, #48	@ 0x30
10003b50:	19e6      	adds	r6, r4, r7
10003b52:	0028      	movs	r0, r5
10003b54:	7031      	strb	r1, [r6, #0]
10003b56:	210a      	movs	r1, #10
10003b58:	f7fe fc00 	bl	1000235c <__wrap___aeabi_idiv>
10003b5c:	1e05      	subs	r5, r0, #0
10003b5e:	d100      	bne.n	10003b62 <_ftoa+0x192>
10003b60:	e092      	b.n	10003c88 <_ftoa+0x2b8>
10003b62:	2c20      	cmp	r4, #32
10003b64:	d1ee      	bne.n	10003b44 <_ftoa+0x174>
10003b66:	2303      	movs	r3, #3
10003b68:	9a22      	ldr	r2, [sp, #136]	@ 0x88
10003b6a:	4013      	ands	r3, r2
10003b6c:	2b01      	cmp	r3, #1
10003b6e:	d118      	bne.n	10003ba2 <_ftoa+0x1d2>
10003b70:	9b21      	ldr	r3, [sp, #132]	@ 0x84
10003b72:	2b00      	cmp	r3, #0
10003b74:	d015      	beq.n	10003ba2 <_ftoa+0x1d2>
10003b76:	9b0b      	ldr	r3, [sp, #44]	@ 0x2c
10003b78:	2b00      	cmp	r3, #0
10003b7a:	d100      	bne.n	10003b7e <_ftoa+0x1ae>
10003b7c:	e0aa      	b.n	10003cd4 <_ftoa+0x304>
10003b7e:	9b21      	ldr	r3, [sp, #132]	@ 0x84
10003b80:	3b01      	subs	r3, #1
10003b82:	9321      	str	r3, [sp, #132]	@ 0x84
10003b84:	2b20      	cmp	r3, #32
10003b86:	d90c      	bls.n	10003ba2 <_ftoa+0x1d2>
10003b88:	2330      	movs	r3, #48	@ 0x30
10003b8a:	e008      	b.n	10003b9e <_ftoa+0x1ce>
10003b8c:	2117      	movs	r1, #23
10003b8e:	aa06      	add	r2, sp, #24
10003b90:	1852      	adds	r2, r2, r1
10003b92:	3401      	adds	r4, #1
10003b94:	5513      	strb	r3, [r2, r4]
10003b96:	9a21      	ldr	r2, [sp, #132]	@ 0x84
10003b98:	4294      	cmp	r4, r2
10003b9a:	d300      	bcc.n	10003b9e <_ftoa+0x1ce>
10003b9c:	e079      	b.n	10003c92 <_ftoa+0x2c2>
10003b9e:	2c20      	cmp	r4, #32
10003ba0:	d1f4      	bne.n	10003b8c <_ftoa+0x1bc>
10003ba2:	9b22      	ldr	r3, [sp, #136]	@ 0x88
10003ba4:	9401      	str	r4, [sp, #4]
10003ba6:	9303      	str	r3, [sp, #12]
10003ba8:	9b21      	ldr	r3, [sp, #132]	@ 0x84
10003baa:	9302      	str	r3, [sp, #8]
10003bac:	4653      	mov	r3, sl
10003bae:	e01f      	b.n	10003bf0 <_ftoa+0x220>
10003bb0:	9b22      	ldr	r3, [sp, #136]	@ 0x88
10003bb2:	4642      	mov	r2, r8
10003bb4:	9304      	str	r3, [sp, #16]
10003bb6:	9b21      	ldr	r3, [sp, #132]	@ 0x84
10003bb8:	4659      	mov	r1, fp
10003bba:	9303      	str	r3, [sp, #12]
10003bbc:	980a      	ldr	r0, [sp, #40]	@ 0x28
10003bbe:	9b1e      	ldr	r3, [sp, #120]	@ 0x78
10003bc0:	9c1f      	ldr	r4, [sp, #124]	@ 0x7c
10003bc2:	9602      	str	r6, [sp, #8]
10003bc4:	9300      	str	r3, [sp, #0]
10003bc6:	9401      	str	r4, [sp, #4]
10003bc8:	464b      	mov	r3, r9
10003bca:	f7ff fc75 	bl	100034b8 <_etoa>
10003bce:	b015      	add	sp, #84	@ 0x54
10003bd0:	bcf0      	pop	{r4, r5, r6, r7}
10003bd2:	46bb      	mov	fp, r7
10003bd4:	46b2      	mov	sl, r6
10003bd6:	46a9      	mov	r9, r5
10003bd8:	46a0      	mov	r8, r4
10003bda:	bdf0      	pop	{r4, r5, r6, r7, pc}
10003bdc:	9b22      	ldr	r3, [sp, #136]	@ 0x88
10003bde:	075b      	lsls	r3, r3, #29
10003be0:	d40e      	bmi.n	10003c00 <_ftoa+0x230>
10003be2:	2203      	movs	r2, #3
10003be4:	4b53      	ldr	r3, [pc, #332]	@ (10003d34 <_ftoa+0x364>)
10003be6:	9922      	ldr	r1, [sp, #136]	@ 0x88
10003be8:	9201      	str	r2, [sp, #4]
10003bea:	9103      	str	r1, [sp, #12]
10003bec:	9921      	ldr	r1, [sp, #132]	@ 0x84
10003bee:	9102      	str	r1, [sp, #8]
10003bf0:	9300      	str	r3, [sp, #0]
10003bf2:	4642      	mov	r2, r8
10003bf4:	464b      	mov	r3, r9
10003bf6:	4659      	mov	r1, fp
10003bf8:	980a      	ldr	r0, [sp, #40]	@ 0x28
10003bfa:	f7ff fa55 	bl	100030a8 <_out_rev>
10003bfe:	e7e6      	b.n	10003bce <_ftoa+0x1fe>
10003c00:	2204      	movs	r2, #4
10003c02:	4b4d      	ldr	r3, [pc, #308]	@ (10003d38 <_ftoa+0x368>)
10003c04:	e7ef      	b.n	10003be6 <_ftoa+0x216>
10003c06:	9a1e      	ldr	r2, [sp, #120]	@ 0x78
10003c08:	9b1f      	ldr	r3, [sp, #124]	@ 0x7c
10003c0a:	2000      	movs	r0, #0
10003c0c:	2100      	movs	r1, #0
10003c0e:	f7fe fe08 	bl	10002822 <__wrap___aeabi_dsub>
10003c12:	2301      	movs	r3, #1
10003c14:	901e      	str	r0, [sp, #120]	@ 0x78
10003c16:	911f      	str	r1, [sp, #124]	@ 0x7c
10003c18:	930b      	str	r3, [sp, #44]	@ 0x2c
10003c1a:	e71f      	b.n	10003a5c <_ftoa+0x8c>
10003c1c:	9b22      	ldr	r3, [sp, #136]	@ 0x88
10003c1e:	9303      	str	r3, [sp, #12]
10003c20:	9b21      	ldr	r3, [sp, #132]	@ 0x84
10003c22:	9302      	str	r3, [sp, #8]
10003c24:	2304      	movs	r3, #4
10003c26:	9301      	str	r3, [sp, #4]
10003c28:	4b44      	ldr	r3, [pc, #272]	@ (10003d3c <_ftoa+0x36c>)
10003c2a:	e7e1      	b.n	10003bf0 <_ftoa+0x220>
10003c2c:	0028      	movs	r0, r5
10003c2e:	f7fe fe97 	bl	10002960 <__wrap___aeabi_i2d>
10003c32:	0002      	movs	r2, r0
10003c34:	000b      	movs	r3, r1
10003c36:	981e      	ldr	r0, [sp, #120]	@ 0x78
10003c38:	991f      	ldr	r1, [sp, #124]	@ 0x7c
10003c3a:	f7fe fdf2 	bl	10002822 <__wrap___aeabi_dsub>
10003c3e:	4b3c      	ldr	r3, [pc, #240]	@ (10003d30 <_ftoa+0x360>)
10003c40:	2200      	movs	r2, #0
10003c42:	0006      	movs	r6, r0
10003c44:	000f      	movs	r7, r1
10003c46:	f7fe fe5f 	bl	10002908 <__wrap___aeabi_dcmplt>
10003c4a:	ab0c      	add	r3, sp, #48	@ 0x30
10003c4c:	469a      	mov	sl, r3
10003c4e:	2800      	cmp	r0, #0
10003c50:	d000      	beq.n	10003c54 <_ftoa+0x284>
10003c52:	e772      	b.n	10003b3a <_ftoa+0x16a>
10003c54:	2200      	movs	r2, #0
10003c56:	0030      	movs	r0, r6
10003c58:	0039      	movs	r1, r7
10003c5a:	4b35      	ldr	r3, [pc, #212]	@ (10003d30 <_ftoa+0x360>)
10003c5c:	f7fe fe6a 	bl	10002934 <__wrap___aeabi_dcmpgt>
10003c60:	2800      	cmp	r0, #0
10003c62:	d000      	beq.n	10003c66 <_ftoa+0x296>
10003c64:	e769      	b.n	10003b3a <_ftoa+0x16a>
10003c66:	2301      	movs	r3, #1
10003c68:	3501      	adds	r5, #1
10003c6a:	439d      	bics	r5, r3
10003c6c:	e765      	b.n	10003b3a <_ftoa+0x16a>
10003c6e:	2200      	movs	r2, #0
10003c70:	9806      	ldr	r0, [sp, #24]
10003c72:	9907      	ldr	r1, [sp, #28]
10003c74:	4b2e      	ldr	r3, [pc, #184]	@ (10003d30 <_ftoa+0x360>)
10003c76:	f7fe fe47 	bl	10002908 <__wrap___aeabi_dcmplt>
10003c7a:	2800      	cmp	r0, #0
10003c7c:	d000      	beq.n	10003c80 <_ftoa+0x2b0>
10003c7e:	e73a      	b.n	10003af6 <_ftoa+0x126>
10003c80:	2f00      	cmp	r7, #0
10003c82:	d145      	bne.n	10003d10 <_ftoa+0x340>
10003c84:	3701      	adds	r7, #1
10003c86:	e736      	b.n	10003af6 <_ftoa+0x126>
10003c88:	2303      	movs	r3, #3
10003c8a:	9a22      	ldr	r2, [sp, #136]	@ 0x88
10003c8c:	4013      	ands	r3, r2
10003c8e:	2b01      	cmp	r3, #1
10003c90:	d063      	beq.n	10003d5a <_ftoa+0x38a>
10003c92:	2c20      	cmp	r4, #32
10003c94:	d100      	bne.n	10003c98 <_ftoa+0x2c8>
10003c96:	e784      	b.n	10003ba2 <_ftoa+0x1d2>
10003c98:	9b0b      	ldr	r3, [sp, #44]	@ 0x2c
10003c9a:	2b00      	cmp	r3, #0
10003c9c:	d027      	beq.n	10003cee <_ftoa+0x31e>
10003c9e:	232d      	movs	r3, #45	@ 0x2d
10003ca0:	4652      	mov	r2, sl
10003ca2:	5513      	strb	r3, [r2, r4]
10003ca4:	3401      	adds	r4, #1
10003ca6:	e77c      	b.n	10003ba2 <_ftoa+0x1d2>
10003ca8:	9d06      	ldr	r5, [sp, #24]
10003caa:	2c20      	cmp	r4, #32
10003cac:	d100      	bne.n	10003cb0 <_ftoa+0x2e0>
10003cae:	e741      	b.n	10003b34 <_ftoa+0x164>
10003cb0:	2330      	movs	r3, #48	@ 0x30
10003cb2:	1936      	adds	r6, r6, r4
10003cb4:	e005      	b.n	10003cc2 <_ftoa+0x2f2>
10003cb6:	4652      	mov	r2, sl
10003cb8:	3401      	adds	r4, #1
10003cba:	5513      	strb	r3, [r2, r4]
10003cbc:	2c20      	cmp	r4, #32
10003cbe:	d100      	bne.n	10003cc2 <_ftoa+0x2f2>
10003cc0:	e738      	b.n	10003b34 <_ftoa+0x164>
10003cc2:	42b4      	cmp	r4, r6
10003cc4:	d1f7      	bne.n	10003cb6 <_ftoa+0x2e6>
10003cc6:	ab0c      	add	r3, sp, #48	@ 0x30
10003cc8:	469a      	mov	sl, r3
10003cca:	232e      	movs	r3, #46	@ 0x2e
10003ccc:	4652      	mov	r2, sl
10003cce:	3401      	adds	r4, #1
10003cd0:	5593      	strb	r3, [r2, r6]
10003cd2:	e732      	b.n	10003b3a <_ftoa+0x16a>
10003cd4:	230c      	movs	r3, #12
10003cd6:	9a22      	ldr	r2, [sp, #136]	@ 0x88
10003cd8:	4213      	tst	r3, r2
10003cda:	d039      	beq.n	10003d50 <_ftoa+0x380>
10003cdc:	9b21      	ldr	r3, [sp, #132]	@ 0x84
10003cde:	3b01      	subs	r3, #1
10003ce0:	9321      	str	r3, [sp, #132]	@ 0x84
10003ce2:	42a3      	cmp	r3, r4
10003ce4:	d900      	bls.n	10003ce8 <_ftoa+0x318>
10003ce6:	e74f      	b.n	10003b88 <_ftoa+0x1b8>
10003ce8:	2c20      	cmp	r4, #32
10003cea:	d100      	bne.n	10003cee <_ftoa+0x31e>
10003cec:	e759      	b.n	10003ba2 <_ftoa+0x1d2>
10003cee:	9b22      	ldr	r3, [sp, #136]	@ 0x88
10003cf0:	075b      	lsls	r3, r3, #29
10003cf2:	d504      	bpl.n	10003cfe <_ftoa+0x32e>
10003cf4:	232b      	movs	r3, #43	@ 0x2b
10003cf6:	4652      	mov	r2, sl
10003cf8:	5513      	strb	r3, [r2, r4]
10003cfa:	3401      	adds	r4, #1
10003cfc:	e751      	b.n	10003ba2 <_ftoa+0x1d2>
10003cfe:	9b22      	ldr	r3, [sp, #136]	@ 0x88
10003d00:	071b      	lsls	r3, r3, #28
10003d02:	d400      	bmi.n	10003d06 <_ftoa+0x336>
10003d04:	e74d      	b.n	10003ba2 <_ftoa+0x1d2>
10003d06:	2320      	movs	r3, #32
10003d08:	4652      	mov	r2, sl
10003d0a:	5513      	strb	r3, [r2, r4]
10003d0c:	3401      	adds	r4, #1
10003d0e:	e748      	b.n	10003ba2 <_ftoa+0x1d2>
10003d10:	07fb      	lsls	r3, r7, #31
10003d12:	d400      	bmi.n	10003d16 <_ftoa+0x346>
10003d14:	e6ef      	b.n	10003af6 <_ftoa+0x126>
10003d16:	3701      	adds	r7, #1
10003d18:	e6ed      	b.n	10003af6 <_ftoa+0x126>
10003d1a:	46c0      	nop			@ (mov r8, r8)
10003d1c:	ffefffff 	.word	0xffefffff
10003d20:	7fefffff 	.word	0x7fefffff
10003d24:	41cdcd65 	.word	0x41cdcd65
10003d28:	c1cdcd65 	.word	0xc1cdcd65
10003d2c:	10005a68 	.word	0x10005a68
10003d30:	3fe00000 	.word	0x3fe00000
10003d34:	1000542c 	.word	0x1000542c
10003d38:	10005424 	.word	0x10005424
10003d3c:	10005434 	.word	0x10005434
10003d40:	9b22      	ldr	r3, [sp, #136]	@ 0x88
10003d42:	9303      	str	r3, [sp, #12]
10003d44:	9b21      	ldr	r3, [sp, #132]	@ 0x84
10003d46:	9302      	str	r3, [sp, #8]
10003d48:	2303      	movs	r3, #3
10003d4a:	9301      	str	r3, [sp, #4]
10003d4c:	4b0a      	ldr	r3, [pc, #40]	@ (10003d78 <_ftoa+0x3a8>)
10003d4e:	e74f      	b.n	10003bf0 <_ftoa+0x220>
10003d50:	9b21      	ldr	r3, [sp, #132]	@ 0x84
10003d52:	42a3      	cmp	r3, r4
10003d54:	d900      	bls.n	10003d58 <_ftoa+0x388>
10003d56:	e717      	b.n	10003b88 <_ftoa+0x1b8>
10003d58:	e723      	b.n	10003ba2 <_ftoa+0x1d2>
10003d5a:	9b21      	ldr	r3, [sp, #132]	@ 0x84
10003d5c:	2b00      	cmp	r3, #0
10003d5e:	d098      	beq.n	10003c92 <_ftoa+0x2c2>
10003d60:	9b0b      	ldr	r3, [sp, #44]	@ 0x2c
10003d62:	2b00      	cmp	r3, #0
10003d64:	d0b6      	beq.n	10003cd4 <_ftoa+0x304>
10003d66:	9b21      	ldr	r3, [sp, #132]	@ 0x84
10003d68:	3b01      	subs	r3, #1
10003d6a:	9321      	str	r3, [sp, #132]	@ 0x84
10003d6c:	429c      	cmp	r4, r3
10003d6e:	d200      	bcs.n	10003d72 <_ftoa+0x3a2>
10003d70:	e70a      	b.n	10003b88 <_ftoa+0x1b8>
10003d72:	2c20      	cmp	r4, #32
10003d74:	d193      	bne.n	10003c9e <_ftoa+0x2ce>
10003d76:	e714      	b.n	10003ba2 <_ftoa+0x1d2>
10003d78:	10005430 	.word	0x10005430

10003d7c <_out_char>:
10003d7c:	b510      	push	{r4, lr}
10003d7e:	2800      	cmp	r0, #0
10003d80:	d100      	bne.n	10003d84 <_out_char+0x8>
10003d82:	bd10      	pop	{r4, pc}
10003d84:	f000 fcf4 	bl	10004770 <__wrap_putchar>
10003d88:	e7fb      	b.n	10003d82 <_out_char+0x6>
10003d8a:	46c0      	nop			@ (mov r8, r8)

10003d8c <_out_fct>:
10003d8c:	000b      	movs	r3, r1
10003d8e:	b510      	push	{r4, lr}
10003d90:	2800      	cmp	r0, #0
10003d92:	d002      	beq.n	10003d9a <_out_fct+0xe>
10003d94:	6849      	ldr	r1, [r1, #4]
10003d96:	681b      	ldr	r3, [r3, #0]
10003d98:	4798      	blx	r3
10003d9a:	bd10      	pop	{r4, pc}

10003d9c <_vsnprintf>:
10003d9c:	b5f0      	push	{r4, r5, r6, r7, lr}
10003d9e:	4657      	mov	r7, sl
10003da0:	46de      	mov	lr, fp
10003da2:	464e      	mov	r6, r9
10003da4:	4645      	mov	r5, r8
10003da6:	b5e0      	push	{r5, r6, r7, lr}
10003da8:	b097      	sub	sp, #92	@ 0x5c
10003daa:	001c      	movs	r4, r3
10003dac:	9b20      	ldr	r3, [sp, #128]	@ 0x80
10003dae:	0017      	movs	r7, r2
10003db0:	930b      	str	r3, [sp, #44]	@ 0x2c
10003db2:	4acd      	ldr	r2, [pc, #820]	@ (100040e8 <_vsnprintf+0x34c>)
10003db4:	4bcd      	ldr	r3, [pc, #820]	@ (100040ec <_vsnprintf+0x350>)
10003db6:	4683      	mov	fp, r0
10003db8:	468a      	mov	sl, r1
10003dba:	601a      	str	r2, [r3, #0]
10003dbc:	2900      	cmp	r1, #0
10003dbe:	d100      	bne.n	10003dc2 <_vsnprintf+0x26>
10003dc0:	e1c1      	b.n	10004146 <_vsnprintf+0x3aa>
10003dc2:	7820      	ldrb	r0, [r4, #0]
10003dc4:	2500      	movs	r5, #0
10003dc6:	2800      	cmp	r0, #0
10003dc8:	d100      	bne.n	10003dcc <_vsnprintf+0x30>
10003dca:	e1c3      	b.n	10004154 <_vsnprintf+0x3b8>
10003dcc:	4bc8      	ldr	r3, [pc, #800]	@ (100040f0 <_vsnprintf+0x354>)
10003dce:	46b8      	mov	r8, r7
10003dd0:	4699      	mov	r9, r3
10003dd2:	4bc8      	ldr	r3, [pc, #800]	@ (100040f4 <_vsnprintf+0x358>)
10003dd4:	465f      	mov	r7, fp
10003dd6:	930d      	str	r3, [sp, #52]	@ 0x34
10003dd8:	46d3      	mov	fp, sl
10003dda:	46ca      	mov	sl, r9
10003ddc:	e008      	b.n	10003df0 <_vsnprintf+0x54>
10003dde:	002a      	movs	r2, r5
10003de0:	4643      	mov	r3, r8
10003de2:	4659      	mov	r1, fp
10003de4:	1c6e      	adds	r6, r5, #1
10003de6:	47b8      	blx	r7
10003de8:	0035      	movs	r5, r6
10003dea:	7820      	ldrb	r0, [r4, #0]
10003dec:	2800      	cmp	r0, #0
10003dee:	d076      	beq.n	10003ede <_vsnprintf+0x142>
10003df0:	3401      	adds	r4, #1
10003df2:	2825      	cmp	r0, #37	@ 0x25
10003df4:	d1f3      	bne.n	10003dde <_vsnprintf+0x42>
10003df6:	2304      	movs	r3, #4
10003df8:	4699      	mov	r9, r3
10003dfa:	3b02      	subs	r3, #2
10003dfc:	2600      	movs	r6, #0
10003dfe:	469c      	mov	ip, r3
10003e00:	7820      	ldrb	r0, [r4, #0]
10003e02:	1c61      	adds	r1, r4, #1
10003e04:	0003      	movs	r3, r0
10003e06:	3b20      	subs	r3, #32
10003e08:	b2db      	uxtb	r3, r3
10003e0a:	2b10      	cmp	r3, #16
10003e0c:	d803      	bhi.n	10003e16 <_vsnprintf+0x7a>
10003e0e:	4652      	mov	r2, sl
10003e10:	009b      	lsls	r3, r3, #2
10003e12:	58d3      	ldr	r3, [r2, r3]
10003e14:	469f      	mov	pc, r3
10003e16:	0003      	movs	r3, r0
10003e18:	3b30      	subs	r3, #48	@ 0x30
10003e1a:	2b09      	cmp	r3, #9
10003e1c:	d938      	bls.n	10003e90 <_vsnprintf+0xf4>
10003e1e:	2300      	movs	r3, #0
10003e20:	4699      	mov	r9, r3
10003e22:	282a      	cmp	r0, #42	@ 0x2a
10003e24:	d100      	bne.n	10003e28 <_vsnprintf+0x8c>
10003e26:	e09e      	b.n	10003f66 <_vsnprintf+0x1ca>
10003e28:	2300      	movs	r3, #0
10003e2a:	930c      	str	r3, [sp, #48]	@ 0x30
10003e2c:	282e      	cmp	r0, #46	@ 0x2e
10003e2e:	d044      	beq.n	10003eba <_vsnprintf+0x11e>
10003e30:	0002      	movs	r2, r0
10003e32:	3a68      	subs	r2, #104	@ 0x68
10003e34:	b2d2      	uxtb	r2, r2
10003e36:	2a12      	cmp	r2, #18
10003e38:	d81c      	bhi.n	10003e74 <_vsnprintf+0xd8>
10003e3a:	9b0d      	ldr	r3, [sp, #52]	@ 0x34
10003e3c:	0092      	lsls	r2, r2, #2
10003e3e:	589a      	ldr	r2, [r3, r2]
10003e40:	4697      	mov	pc, r2
10003e42:	2301      	movs	r3, #1
10003e44:	000c      	movs	r4, r1
10003e46:	431e      	orrs	r6, r3
10003e48:	e7da      	b.n	10003e00 <_vsnprintf+0x64>
10003e4a:	4663      	mov	r3, ip
10003e4c:	000c      	movs	r4, r1
10003e4e:	431e      	orrs	r6, r3
10003e50:	e7d6      	b.n	10003e00 <_vsnprintf+0x64>
10003e52:	464b      	mov	r3, r9
10003e54:	000c      	movs	r4, r1
10003e56:	431e      	orrs	r6, r3
10003e58:	e7d2      	b.n	10003e00 <_vsnprintf+0x64>
10003e5a:	2310      	movs	r3, #16
10003e5c:	000c      	movs	r4, r1
10003e5e:	431e      	orrs	r6, r3
10003e60:	e7ce      	b.n	10003e00 <_vsnprintf+0x64>
10003e62:	2308      	movs	r3, #8
10003e64:	000c      	movs	r4, r1
10003e66:	431e      	orrs	r6, r3
10003e68:	e7ca      	b.n	10003e00 <_vsnprintf+0x64>
10003e6a:	2280      	movs	r2, #128	@ 0x80
10003e6c:	7860      	ldrb	r0, [r4, #1]
10003e6e:	0052      	lsls	r2, r2, #1
10003e70:	4316      	orrs	r6, r2
10003e72:	3101      	adds	r1, #1
10003e74:	000c      	movs	r4, r1
10003e76:	2867      	cmp	r0, #103	@ 0x67
10003e78:	d845      	bhi.n	10003f06 <_vsnprintf+0x16a>
10003e7a:	2824      	cmp	r0, #36	@ 0x24
10003e7c:	d9af      	bls.n	10003dde <_vsnprintf+0x42>
10003e7e:	0002      	movs	r2, r0
10003e80:	3a25      	subs	r2, #37	@ 0x25
10003e82:	b2d2      	uxtb	r2, r2
10003e84:	2a42      	cmp	r2, #66	@ 0x42
10003e86:	d8aa      	bhi.n	10003dde <_vsnprintf+0x42>
10003e88:	499b      	ldr	r1, [pc, #620]	@ (100040f8 <_vsnprintf+0x35c>)
10003e8a:	0092      	lsls	r2, r2, #2
10003e8c:	588a      	ldr	r2, [r1, r2]
10003e8e:	4697      	mov	pc, r2
10003e90:	2300      	movs	r3, #0
10003e92:	001a      	movs	r2, r3
10003e94:	e000      	b.n	10003e98 <_vsnprintf+0xfc>
10003e96:	3101      	adds	r1, #1
10003e98:	0093      	lsls	r3, r2, #2
10003e9a:	189b      	adds	r3, r3, r2
10003e9c:	005b      	lsls	r3, r3, #1
10003e9e:	181a      	adds	r2, r3, r0
10003ea0:	7808      	ldrb	r0, [r1, #0]
10003ea2:	000c      	movs	r4, r1
10003ea4:	0003      	movs	r3, r0
10003ea6:	3b30      	subs	r3, #48	@ 0x30
10003ea8:	3a30      	subs	r2, #48	@ 0x30
10003eaa:	2b09      	cmp	r3, #9
10003eac:	d9f3      	bls.n	10003e96 <_vsnprintf+0xfa>
10003eae:	2300      	movs	r3, #0
10003eb0:	4691      	mov	r9, r2
10003eb2:	3101      	adds	r1, #1
10003eb4:	930c      	str	r3, [sp, #48]	@ 0x30
10003eb6:	282e      	cmp	r0, #46	@ 0x2e
10003eb8:	d1ba      	bne.n	10003e30 <_vsnprintf+0x94>
10003eba:	2080      	movs	r0, #128	@ 0x80
10003ebc:	3b30      	subs	r3, #48	@ 0x30
10003ebe:	469c      	mov	ip, r3
10003ec0:	00c0      	lsls	r0, r0, #3
10003ec2:	4306      	orrs	r6, r0
10003ec4:	7860      	ldrb	r0, [r4, #1]
10003ec6:	000a      	movs	r2, r1
10003ec8:	4484      	add	ip, r0
10003eca:	4663      	mov	r3, ip
10003ecc:	2b09      	cmp	r3, #9
10003ece:	d800      	bhi.n	10003ed2 <_vsnprintf+0x136>
10003ed0:	e142      	b.n	10004158 <_vsnprintf+0x3bc>
10003ed2:	282a      	cmp	r0, #42	@ 0x2a
10003ed4:	d100      	bne.n	10003ed8 <_vsnprintf+0x13c>
10003ed6:	e159      	b.n	1000418c <_vsnprintf+0x3f0>
10003ed8:	000c      	movs	r4, r1
10003eda:	3101      	adds	r1, #1
10003edc:	e7a8      	b.n	10003e30 <_vsnprintf+0x94>
10003ede:	46da      	mov	sl, fp
10003ee0:	002c      	movs	r4, r5
10003ee2:	46bb      	mov	fp, r7
10003ee4:	4647      	mov	r7, r8
10003ee6:	42af      	cmp	r7, r5
10003ee8:	d800      	bhi.n	10003eec <_vsnprintf+0x150>
10003eea:	1e7d      	subs	r5, r7, #1
10003eec:	003b      	movs	r3, r7
10003eee:	002a      	movs	r2, r5
10003ef0:	4651      	mov	r1, sl
10003ef2:	2000      	movs	r0, #0
10003ef4:	47d8      	blx	fp
10003ef6:	0020      	movs	r0, r4
10003ef8:	b017      	add	sp, #92	@ 0x5c
10003efa:	bcf0      	pop	{r4, r5, r6, r7}
10003efc:	46bb      	mov	fp, r7
10003efe:	46b2      	mov	sl, r6
10003f00:	46a9      	mov	r9, r5
10003f02:	46a0      	mov	r8, r4
10003f04:	bdf0      	pop	{r4, r5, r6, r7, pc}
10003f06:	0002      	movs	r2, r0
10003f08:	3a69      	subs	r2, #105	@ 0x69
10003f0a:	b2d2      	uxtb	r2, r2
10003f0c:	2a0f      	cmp	r2, #15
10003f0e:	d900      	bls.n	10003f12 <_vsnprintf+0x176>
10003f10:	e765      	b.n	10003dde <_vsnprintf+0x42>
10003f12:	2101      	movs	r1, #1
10003f14:	4b79      	ldr	r3, [pc, #484]	@ (100040fc <_vsnprintf+0x360>)
10003f16:	4091      	lsls	r1, r2
10003f18:	469c      	mov	ip, r3
10003f1a:	400b      	ands	r3, r1
10003f1c:	930e      	str	r3, [sp, #56]	@ 0x38
10003f1e:	4663      	mov	r3, ip
10003f20:	4219      	tst	r1, r3
10003f22:	d000      	beq.n	10003f26 <_vsnprintf+0x18a>
10003f24:	e128      	b.n	10004178 <_vsnprintf+0x3dc>
10003f26:	2a0a      	cmp	r2, #10
10003f28:	d027      	beq.n	10003f7a <_vsnprintf+0x1de>
10003f2a:	2a07      	cmp	r2, #7
10003f2c:	d000      	beq.n	10003f30 <_vsnprintf+0x194>
10003f2e:	e756      	b.n	10003dde <_vsnprintf+0x42>
10003f30:	2221      	movs	r2, #33	@ 0x21
10003f32:	9b0b      	ldr	r3, [sp, #44]	@ 0x2c
10003f34:	4332      	orrs	r2, r6
10003f36:	4699      	mov	r9, r3
10003f38:	9205      	str	r2, [sp, #20]
10003f3a:	2208      	movs	r2, #8
10003f3c:	9b0c      	ldr	r3, [sp, #48]	@ 0x30
10003f3e:	9204      	str	r2, [sp, #16]
10003f40:	9303      	str	r3, [sp, #12]
10003f42:	2310      	movs	r3, #16
10003f44:	464a      	mov	r2, r9
10003f46:	9302      	str	r3, [sp, #8]
10003f48:	9b0e      	ldr	r3, [sp, #56]	@ 0x38
10003f4a:	4659      	mov	r1, fp
10003f4c:	9301      	str	r3, [sp, #4]
10003f4e:	ca08      	ldmia	r2!, {r3}
10003f50:	0038      	movs	r0, r7
10003f52:	4691      	mov	r9, r2
10003f54:	9300      	str	r3, [sp, #0]
10003f56:	002a      	movs	r2, r5
10003f58:	4643      	mov	r3, r8
10003f5a:	f7ff f9e5 	bl	10003328 <_ntoa_long>
10003f5e:	464b      	mov	r3, r9
10003f60:	0005      	movs	r5, r0
10003f62:	930b      	str	r3, [sp, #44]	@ 0x2c
10003f64:	e741      	b.n	10003dea <_vsnprintf+0x4e>
10003f66:	9b0b      	ldr	r3, [sp, #44]	@ 0x2c
10003f68:	cb04      	ldmia	r3!, {r2}
10003f6a:	4691      	mov	r9, r2
10003f6c:	2a00      	cmp	r2, #0
10003f6e:	db57      	blt.n	10004020 <_vsnprintf+0x284>
10003f70:	7860      	ldrb	r0, [r4, #1]
10003f72:	930b      	str	r3, [sp, #44]	@ 0x2c
10003f74:	000c      	movs	r4, r1
10003f76:	3101      	adds	r1, #1
10003f78:	e756      	b.n	10003e28 <_vsnprintf+0x8c>
10003f7a:	9b0b      	ldr	r3, [sp, #44]	@ 0x2c
10003f7c:	990c      	ldr	r1, [sp, #48]	@ 0x30
10003f7e:	cb04      	ldmia	r3!, {r2}
10003f80:	4694      	mov	ip, r2
10003f82:	9310      	str	r3, [sp, #64]	@ 0x40
10003f84:	2900      	cmp	r1, #0
10003f86:	d100      	bne.n	10003f8a <_vsnprintf+0x1ee>
10003f88:	e10b      	b.n	100041a2 <_vsnprintf+0x406>
10003f8a:	4663      	mov	r3, ip
10003f8c:	7818      	ldrb	r0, [r3, #0]
10003f8e:	4662      	mov	r2, ip
10003f90:	4461      	add	r1, ip
10003f92:	2800      	cmp	r0, #0
10003f94:	d105      	bne.n	10003fa2 <_vsnprintf+0x206>
10003f96:	e25f      	b.n	10004458 <_vsnprintf+0x6bc>
10003f98:	7853      	ldrb	r3, [r2, #1]
10003f9a:	3201      	adds	r2, #1
10003f9c:	2b00      	cmp	r3, #0
10003f9e:	d100      	bne.n	10003fa2 <_vsnprintf+0x206>
10003fa0:	e166      	b.n	10004270 <_vsnprintf+0x4d4>
10003fa2:	4291      	cmp	r1, r2
10003fa4:	d1f8      	bne.n	10003f98 <_vsnprintf+0x1fc>
10003fa6:	4663      	mov	r3, ip
10003fa8:	1acb      	subs	r3, r1, r3
10003faa:	930f      	str	r3, [sp, #60]	@ 0x3c
10003fac:	2280      	movs	r2, #128	@ 0x80
10003fae:	0033      	movs	r3, r6
10003fb0:	00d2      	lsls	r2, r2, #3
10003fb2:	4013      	ands	r3, r2
10003fb4:	930b      	str	r3, [sp, #44]	@ 0x2c
10003fb6:	4216      	tst	r6, r2
10003fb8:	d004      	beq.n	10003fc4 <_vsnprintf+0x228>
10003fba:	9a0f      	ldr	r2, [sp, #60]	@ 0x3c
10003fbc:	9b0c      	ldr	r3, [sp, #48]	@ 0x30
10003fbe:	429a      	cmp	r2, r3
10003fc0:	d900      	bls.n	10003fc4 <_vsnprintf+0x228>
10003fc2:	930f      	str	r3, [sp, #60]	@ 0x3c
10003fc4:	07b6      	lsls	r6, r6, #30
10003fc6:	d400      	bmi.n	10003fca <_vsnprintf+0x22e>
10003fc8:	e18f      	b.n	100042ea <_vsnprintf+0x54e>
10003fca:	2302      	movs	r3, #2
10003fcc:	930e      	str	r3, [sp, #56]	@ 0x38
10003fce:	4663      	mov	r3, ip
10003fd0:	002a      	movs	r2, r5
10003fd2:	1b5d      	subs	r5, r3, r5
10003fd4:	464b      	mov	r3, r9
10003fd6:	9311      	str	r3, [sp, #68]	@ 0x44
10003fd8:	0023      	movs	r3, r4
10003fda:	46a9      	mov	r9, r5
10003fdc:	465c      	mov	r4, fp
10003fde:	9d0c      	ldr	r5, [sp, #48]	@ 0x30
10003fe0:	469b      	mov	fp, r3
10003fe2:	e000      	b.n	10003fe6 <_vsnprintf+0x24a>
10003fe4:	0032      	movs	r2, r6
10003fe6:	9b0b      	ldr	r3, [sp, #44]	@ 0x2c
10003fe8:	2b00      	cmp	r3, #0
10003fea:	d004      	beq.n	10003ff6 <_vsnprintf+0x25a>
10003fec:	1e6b      	subs	r3, r5, #1
10003fee:	2d00      	cmp	r5, #0
10003ff0:	d100      	bne.n	10003ff4 <_vsnprintf+0x258>
10003ff2:	e150      	b.n	10004296 <_vsnprintf+0x4fa>
10003ff4:	001d      	movs	r5, r3
10003ff6:	4643      	mov	r3, r8
10003ff8:	0021      	movs	r1, r4
10003ffa:	1c56      	adds	r6, r2, #1
10003ffc:	47b8      	blx	r7
10003ffe:	464b      	mov	r3, r9
10004000:	5d98      	ldrb	r0, [r3, r6]
10004002:	2800      	cmp	r0, #0
10004004:	d1ee      	bne.n	10003fe4 <_vsnprintf+0x248>
10004006:	9b11      	ldr	r3, [sp, #68]	@ 0x44
10004008:	4699      	mov	r9, r3
1000400a:	465b      	mov	r3, fp
1000400c:	46a3      	mov	fp, r4
1000400e:	001c      	movs	r4, r3
10004010:	9b0e      	ldr	r3, [sp, #56]	@ 0x38
10004012:	2b00      	cmp	r3, #0
10004014:	d000      	beq.n	10004018 <_vsnprintf+0x27c>
10004016:	e18b      	b.n	10004330 <_vsnprintf+0x594>
10004018:	9b10      	ldr	r3, [sp, #64]	@ 0x40
1000401a:	0035      	movs	r5, r6
1000401c:	930b      	str	r3, [sp, #44]	@ 0x2c
1000401e:	e6e4      	b.n	10003dea <_vsnprintf+0x4e>
10004020:	2202      	movs	r2, #2
10004022:	4316      	orrs	r6, r2
10004024:	464a      	mov	r2, r9
10004026:	4252      	negs	r2, r2
10004028:	7860      	ldrb	r0, [r4, #1]
1000402a:	4691      	mov	r9, r2
1000402c:	000c      	movs	r4, r1
1000402e:	930b      	str	r3, [sp, #44]	@ 0x2c
10004030:	3101      	adds	r1, #1
10004032:	e6f9      	b.n	10003e28 <_vsnprintf+0x8c>
10004034:	7860      	ldrb	r0, [r4, #1]
10004036:	286c      	cmp	r0, #108	@ 0x6c
10004038:	d100      	bne.n	1000403c <_vsnprintf+0x2a0>
1000403a:	e11d      	b.n	10004278 <_vsnprintf+0x4dc>
1000403c:	2280      	movs	r2, #128	@ 0x80
1000403e:	0052      	lsls	r2, r2, #1
10004040:	4316      	orrs	r6, r2
10004042:	3101      	adds	r1, #1
10004044:	e716      	b.n	10003e74 <_vsnprintf+0xd8>
10004046:	2280      	movs	r2, #128	@ 0x80
10004048:	0092      	lsls	r2, r2, #2
1000404a:	7860      	ldrb	r0, [r4, #1]
1000404c:	4316      	orrs	r6, r2
1000404e:	3101      	adds	r1, #1
10004050:	e710      	b.n	10003e74 <_vsnprintf+0xd8>
10004052:	7860      	ldrb	r0, [r4, #1]
10004054:	2868      	cmp	r0, #104	@ 0x68
10004056:	d100      	bne.n	1000405a <_vsnprintf+0x2be>
10004058:	e114      	b.n	10004284 <_vsnprintf+0x4e8>
1000405a:	2280      	movs	r2, #128	@ 0x80
1000405c:	3101      	adds	r1, #1
1000405e:	4316      	orrs	r6, r2
10004060:	e708      	b.n	10003e74 <_vsnprintf+0xd8>
10004062:	2867      	cmp	r0, #103	@ 0x67
10004064:	d100      	bne.n	10004068 <_vsnprintf+0x2cc>
10004066:	e0a1      	b.n	100041ac <_vsnprintf+0x410>
10004068:	2847      	cmp	r0, #71	@ 0x47
1000406a:	d100      	bne.n	1000406e <_vsnprintf+0x2d2>
1000406c:	e0fa      	b.n	10004264 <_vsnprintf+0x4c8>
1000406e:	2845      	cmp	r0, #69	@ 0x45
10004070:	d100      	bne.n	10004074 <_vsnprintf+0x2d8>
10004072:	e0fa      	b.n	1000426a <_vsnprintf+0x4ce>
10004074:	9a0b      	ldr	r2, [sp, #44]	@ 0x2c
10004076:	2107      	movs	r1, #7
10004078:	3207      	adds	r2, #7
1000407a:	0013      	movs	r3, r2
1000407c:	464a      	mov	r2, r9
1000407e:	438b      	bics	r3, r1
10004080:	0019      	movs	r1, r3
10004082:	9203      	str	r2, [sp, #12]
10004084:	9a0c      	ldr	r2, [sp, #48]	@ 0x30
10004086:	9604      	str	r6, [sp, #16]
10004088:	9202      	str	r2, [sp, #8]
1000408a:	c90c      	ldmia	r1!, {r2, r3}
1000408c:	0038      	movs	r0, r7
1000408e:	9200      	str	r2, [sp, #0]
10004090:	9301      	str	r3, [sp, #4]
10004092:	910b      	str	r1, [sp, #44]	@ 0x2c
10004094:	002a      	movs	r2, r5
10004096:	4643      	mov	r3, r8
10004098:	4659      	mov	r1, fp
1000409a:	f7ff fa0d 	bl	100034b8 <_etoa>
1000409e:	0005      	movs	r5, r0
100040a0:	e6a3      	b.n	10003dea <_vsnprintf+0x4e>
100040a2:	2846      	cmp	r0, #70	@ 0x46
100040a4:	d100      	bne.n	100040a8 <_vsnprintf+0x30c>
100040a6:	e07e      	b.n	100041a6 <_vsnprintf+0x40a>
100040a8:	9a0b      	ldr	r2, [sp, #44]	@ 0x2c
100040aa:	2107      	movs	r1, #7
100040ac:	3207      	adds	r2, #7
100040ae:	0013      	movs	r3, r2
100040b0:	464a      	mov	r2, r9
100040b2:	438b      	bics	r3, r1
100040b4:	0019      	movs	r1, r3
100040b6:	9203      	str	r2, [sp, #12]
100040b8:	9a0c      	ldr	r2, [sp, #48]	@ 0x30
100040ba:	9604      	str	r6, [sp, #16]
100040bc:	9202      	str	r2, [sp, #8]
100040be:	c90c      	ldmia	r1!, {r2, r3}
100040c0:	0038      	movs	r0, r7
100040c2:	9200      	str	r2, [sp, #0]
100040c4:	9301      	str	r3, [sp, #4]
100040c6:	910b      	str	r1, [sp, #44]	@ 0x2c
100040c8:	002a      	movs	r2, r5
100040ca:	4643      	mov	r3, r8
100040cc:	4659      	mov	r1, fp
100040ce:	f7ff fc7f 	bl	100039d0 <_ftoa>
100040d2:	0005      	movs	r5, r0
100040d4:	e689      	b.n	10003dea <_vsnprintf+0x4e>
100040d6:	002a      	movs	r2, r5
100040d8:	4643      	mov	r3, r8
100040da:	4659      	mov	r1, fp
100040dc:	2025      	movs	r0, #37	@ 0x25
100040de:	1c6e      	adds	r6, r5, #1
100040e0:	47b8      	blx	r7
100040e2:	0035      	movs	r5, r6
100040e4:	e681      	b.n	10003dea <_vsnprintf+0x4e>
100040e6:	46c0      	nop			@ (mov r8, r8)
100040e8:	10003d9d 	.word	0x10003d9d
100040ec:	20000598 	.word	0x20000598
100040f0:	100058c8 	.word	0x100058c8
100040f4:	1000590c 	.word	0x1000590c
100040f8:	10005958 	.word	0x10005958
100040fc:	00009041 	.word	0x00009041
10004100:	1c6b      	adds	r3, r5, #1
10004102:	930e      	str	r3, [sp, #56]	@ 0x38
10004104:	9b0b      	ldr	r3, [sp, #44]	@ 0x2c
10004106:	3304      	adds	r3, #4
10004108:	930c      	str	r3, [sp, #48]	@ 0x30
1000410a:	07b6      	lsls	r6, r6, #30
1000410c:	d400      	bmi.n	10004110 <_vsnprintf+0x374>
1000410e:	e0c9      	b.n	100042a4 <_vsnprintf+0x508>
10004110:	9b0b      	ldr	r3, [sp, #44]	@ 0x2c
10004112:	002a      	movs	r2, r5
10004114:	7818      	ldrb	r0, [r3, #0]
10004116:	4659      	mov	r1, fp
10004118:	4643      	mov	r3, r8
1000411a:	47b8      	blx	r7
1000411c:	464b      	mov	r3, r9
1000411e:	444d      	add	r5, r9
10004120:	2b01      	cmp	r3, #1
10004122:	d800      	bhi.n	10004126 <_vsnprintf+0x38a>
10004124:	e15c      	b.n	100043e0 <_vsnprintf+0x644>
10004126:	46a1      	mov	r9, r4
10004128:	465c      	mov	r4, fp
1000412a:	9e0e      	ldr	r6, [sp, #56]	@ 0x38
1000412c:	0032      	movs	r2, r6
1000412e:	4643      	mov	r3, r8
10004130:	3601      	adds	r6, #1
10004132:	0021      	movs	r1, r4
10004134:	2020      	movs	r0, #32
10004136:	47b8      	blx	r7
10004138:	42b5      	cmp	r5, r6
1000413a:	d1f7      	bne.n	1000412c <_vsnprintf+0x390>
1000413c:	46a3      	mov	fp, r4
1000413e:	464c      	mov	r4, r9
10004140:	9b0c      	ldr	r3, [sp, #48]	@ 0x30
10004142:	930b      	str	r3, [sp, #44]	@ 0x2c
10004144:	e651      	b.n	10003dea <_vsnprintf+0x4e>
10004146:	4bd4      	ldr	r3, [pc, #848]	@ (10004498 <_vsnprintf+0x6fc>)
10004148:	7820      	ldrb	r0, [r4, #0]
1000414a:	469b      	mov	fp, r3
1000414c:	2500      	movs	r5, #0
1000414e:	2800      	cmp	r0, #0
10004150:	d000      	beq.n	10004154 <_vsnprintf+0x3b8>
10004152:	e63b      	b.n	10003dcc <_vsnprintf+0x30>
10004154:	2400      	movs	r4, #0
10004156:	e6c6      	b.n	10003ee6 <_vsnprintf+0x14a>
10004158:	2100      	movs	r1, #0
1000415a:	008b      	lsls	r3, r1, #2
1000415c:	185b      	adds	r3, r3, r1
1000415e:	005b      	lsls	r3, r3, #1
10004160:	3201      	adds	r2, #1
10004162:	1819      	adds	r1, r3, r0
10004164:	7810      	ldrb	r0, [r2, #0]
10004166:	3930      	subs	r1, #48	@ 0x30
10004168:	0003      	movs	r3, r0
1000416a:	3b30      	subs	r3, #48	@ 0x30
1000416c:	2b09      	cmp	r3, #9
1000416e:	d9f4      	bls.n	1000415a <_vsnprintf+0x3be>
10004170:	910c      	str	r1, [sp, #48]	@ 0x30
10004172:	0014      	movs	r4, r2
10004174:	1c51      	adds	r1, r2, #1
10004176:	e65b      	b.n	10003e30 <_vsnprintf+0x94>
10004178:	286f      	cmp	r0, #111	@ 0x6f
1000417a:	d01b      	beq.n	100041b4 <_vsnprintf+0x418>
1000417c:	d800      	bhi.n	10004180 <_vsnprintf+0x3e4>
1000417e:	e150      	b.n	10004422 <_vsnprintf+0x686>
10004180:	2110      	movs	r1, #16
10004182:	2878      	cmp	r0, #120	@ 0x78
10004184:	d017      	beq.n	100041b6 <_vsnprintf+0x41a>
10004186:	438e      	bics	r6, r1
10004188:	3906      	subs	r1, #6
1000418a:	e014      	b.n	100041b6 <_vsnprintf+0x41a>
1000418c:	9a0b      	ldr	r2, [sp, #44]	@ 0x2c
1000418e:	78a0      	ldrb	r0, [r4, #2]
10004190:	ca08      	ldmia	r2!, {r3}
10004192:	3402      	adds	r4, #2
10004194:	43d9      	mvns	r1, r3
10004196:	17c9      	asrs	r1, r1, #31
10004198:	400b      	ands	r3, r1
1000419a:	930c      	str	r3, [sp, #48]	@ 0x30
1000419c:	920b      	str	r2, [sp, #44]	@ 0x2c
1000419e:	1c61      	adds	r1, r4, #1
100041a0:	e646      	b.n	10003e30 <_vsnprintf+0x94>
100041a2:	3901      	subs	r1, #1
100041a4:	e6f1      	b.n	10003f8a <_vsnprintf+0x1ee>
100041a6:	2220      	movs	r2, #32
100041a8:	4316      	orrs	r6, r2
100041aa:	e77d      	b.n	100040a8 <_vsnprintf+0x30c>
100041ac:	2280      	movs	r2, #128	@ 0x80
100041ae:	0112      	lsls	r2, r2, #4
100041b0:	4316      	orrs	r6, r2
100041b2:	e75f      	b.n	10004074 <_vsnprintf+0x2d8>
100041b4:	2108      	movs	r1, #8
100041b6:	0572      	lsls	r2, r6, #21
100041b8:	d400      	bmi.n	100041bc <_vsnprintf+0x420>
100041ba:	e0ce      	b.n	1000435a <_vsnprintf+0x5be>
100041bc:	220d      	movs	r2, #13
100041be:	4396      	bics	r6, r2
100041c0:	0032      	movs	r2, r6
100041c2:	2080      	movs	r0, #128	@ 0x80
100041c4:	0013      	movs	r3, r2
100041c6:	0080      	lsls	r0, r0, #2
100041c8:	4003      	ands	r3, r0
100041ca:	469c      	mov	ip, r3
100041cc:	4202      	tst	r2, r0
100041ce:	d000      	beq.n	100041d2 <_vsnprintf+0x436>
100041d0:	e108      	b.n	100043e4 <_vsnprintf+0x648>
100041d2:	9b0b      	ldr	r3, [sp, #44]	@ 0x2c
100041d4:	1d1e      	adds	r6, r3, #4
100041d6:	05d0      	lsls	r0, r2, #23
100041d8:	d500      	bpl.n	100041dc <_vsnprintf+0x440>
100041da:	e12c      	b.n	10004436 <_vsnprintf+0x69a>
100041dc:	9b0b      	ldr	r3, [sp, #44]	@ 0x2c
100041de:	0650      	lsls	r0, r2, #25
100041e0:	d500      	bpl.n	100041e4 <_vsnprintf+0x448>
100041e2:	e0f5      	b.n	100043d0 <_vsnprintf+0x634>
100041e4:	0610      	lsls	r0, r2, #24
100041e6:	d400      	bmi.n	100041ea <_vsnprintf+0x44e>
100041e8:	e142      	b.n	10004470 <_vsnprintf+0x6d4>
100041ea:	8818      	ldrh	r0, [r3, #0]
100041ec:	464b      	mov	r3, r9
100041ee:	9304      	str	r3, [sp, #16]
100041f0:	9b0c      	ldr	r3, [sp, #48]	@ 0x30
100041f2:	9205      	str	r2, [sp, #20]
100041f4:	9303      	str	r3, [sp, #12]
100041f6:	2300      	movs	r3, #0
100041f8:	9102      	str	r1, [sp, #8]
100041fa:	9301      	str	r3, [sp, #4]
100041fc:	9000      	str	r0, [sp, #0]
100041fe:	002a      	movs	r2, r5
10004200:	4643      	mov	r3, r8
10004202:	4659      	mov	r1, fp
10004204:	0038      	movs	r0, r7
10004206:	f7ff f88f 	bl	10003328 <_ntoa_long>
1000420a:	960b      	str	r6, [sp, #44]	@ 0x2c
1000420c:	0005      	movs	r5, r0
1000420e:	e5ec      	b.n	10003dea <_vsnprintf+0x4e>
10004210:	2858      	cmp	r0, #88	@ 0x58
10004212:	d03c      	beq.n	1000428e <_vsnprintf+0x4f2>
10004214:	2102      	movs	r1, #2
10004216:	2862      	cmp	r0, #98	@ 0x62
10004218:	d0cd      	beq.n	100041b6 <_vsnprintf+0x41a>
1000421a:	0572      	lsls	r2, r6, #21
1000421c:	d400      	bmi.n	10004220 <_vsnprintf+0x484>
1000421e:	e0d3      	b.n	100043c8 <_vsnprintf+0x62c>
10004220:	2211      	movs	r2, #17
10004222:	4396      	bics	r6, r2
10004224:	0032      	movs	r2, r6
10004226:	0591      	lsls	r1, r2, #22
10004228:	d500      	bpl.n	1000422c <_vsnprintf+0x490>
1000422a:	e09a      	b.n	10004362 <_vsnprintf+0x5c6>
1000422c:	9b0b      	ldr	r3, [sp, #44]	@ 0x2c
1000422e:	1d1e      	adds	r6, r3, #4
10004230:	05d1      	lsls	r1, r2, #23
10004232:	d500      	bpl.n	10004236 <_vsnprintf+0x49a>
10004234:	e0e6      	b.n	10004404 <_vsnprintf+0x668>
10004236:	9b0b      	ldr	r3, [sp, #44]	@ 0x2c
10004238:	0651      	lsls	r1, r2, #25
1000423a:	d500      	bpl.n	1000423e <_vsnprintf+0x4a2>
1000423c:	e0c1      	b.n	100043c2 <_vsnprintf+0x626>
1000423e:	0611      	lsls	r1, r2, #24
10004240:	d400      	bmi.n	10004244 <_vsnprintf+0x4a8>
10004242:	e104      	b.n	1000444e <_vsnprintf+0x6b2>
10004244:	2100      	movs	r1, #0
10004246:	5e59      	ldrsh	r1, [r3, r1]
10004248:	17cb      	asrs	r3, r1, #31
1000424a:	18c8      	adds	r0, r1, r3
1000424c:	4058      	eors	r0, r3
1000424e:	b280      	uxth	r0, r0
10004250:	464b      	mov	r3, r9
10004252:	9304      	str	r3, [sp, #16]
10004254:	9b0c      	ldr	r3, [sp, #48]	@ 0x30
10004256:	0fc9      	lsrs	r1, r1, #31
10004258:	9303      	str	r3, [sp, #12]
1000425a:	230a      	movs	r3, #10
1000425c:	9205      	str	r2, [sp, #20]
1000425e:	9302      	str	r3, [sp, #8]
10004260:	9101      	str	r1, [sp, #4]
10004262:	e7cb      	b.n	100041fc <_vsnprintf+0x460>
10004264:	2280      	movs	r2, #128	@ 0x80
10004266:	0112      	lsls	r2, r2, #4
10004268:	4316      	orrs	r6, r2
1000426a:	2220      	movs	r2, #32
1000426c:	4316      	orrs	r6, r2
1000426e:	e701      	b.n	10004074 <_vsnprintf+0x2d8>
10004270:	4663      	mov	r3, ip
10004272:	1ad3      	subs	r3, r2, r3
10004274:	930f      	str	r3, [sp, #60]	@ 0x3c
10004276:	e699      	b.n	10003fac <_vsnprintf+0x210>
10004278:	22c0      	movs	r2, #192	@ 0xc0
1000427a:	0092      	lsls	r2, r2, #2
1000427c:	78a0      	ldrb	r0, [r4, #2]
1000427e:	4316      	orrs	r6, r2
10004280:	1ce1      	adds	r1, r4, #3
10004282:	e5f7      	b.n	10003e74 <_vsnprintf+0xd8>
10004284:	22c0      	movs	r2, #192	@ 0xc0
10004286:	78a0      	ldrb	r0, [r4, #2]
10004288:	4316      	orrs	r6, r2
1000428a:	1ce1      	adds	r1, r4, #3
1000428c:	e5f2      	b.n	10003e74 <_vsnprintf+0xd8>
1000428e:	2220      	movs	r2, #32
10004290:	2110      	movs	r1, #16
10004292:	4316      	orrs	r6, r2
10004294:	e78f      	b.n	100041b6 <_vsnprintf+0x41a>
10004296:	9b11      	ldr	r3, [sp, #68]	@ 0x44
10004298:	0016      	movs	r6, r2
1000429a:	4699      	mov	r9, r3
1000429c:	465b      	mov	r3, fp
1000429e:	46a3      	mov	fp, r4
100042a0:	001c      	movs	r4, r3
100042a2:	e6b5      	b.n	10004010 <_vsnprintf+0x274>
100042a4:	464b      	mov	r3, r9
100042a6:	2b01      	cmp	r3, #1
100042a8:	d800      	bhi.n	100042ac <_vsnprintf+0x510>
100042aa:	e093      	b.n	100043d4 <_vsnprintf+0x638>
100042ac:	1e6b      	subs	r3, r5, #1
100042ae:	444b      	add	r3, r9
100042b0:	464a      	mov	r2, r9
100042b2:	002e      	movs	r6, r5
100042b4:	46a9      	mov	r9, r5
100042b6:	465d      	mov	r5, fp
100042b8:	46a3      	mov	fp, r4
100042ba:	001c      	movs	r4, r3
100042bc:	930e      	str	r3, [sp, #56]	@ 0x38
100042be:	920f      	str	r2, [sp, #60]	@ 0x3c
100042c0:	0032      	movs	r2, r6
100042c2:	4643      	mov	r3, r8
100042c4:	3601      	adds	r6, #1
100042c6:	0029      	movs	r1, r5
100042c8:	2020      	movs	r0, #32
100042ca:	47b8      	blx	r7
100042cc:	42b4      	cmp	r4, r6
100042ce:	d1f7      	bne.n	100042c0 <_vsnprintf+0x524>
100042d0:	9b0f      	ldr	r3, [sp, #60]	@ 0x3c
100042d2:	465c      	mov	r4, fp
100042d4:	46ab      	mov	fp, r5
100042d6:	464d      	mov	r5, r9
100042d8:	4699      	mov	r9, r3
100042da:	9b0b      	ldr	r3, [sp, #44]	@ 0x2c
100042dc:	4659      	mov	r1, fp
100042de:	7818      	ldrb	r0, [r3, #0]
100042e0:	9a0e      	ldr	r2, [sp, #56]	@ 0x38
100042e2:	4643      	mov	r3, r8
100042e4:	444d      	add	r5, r9
100042e6:	47b8      	blx	r7
100042e8:	e72a      	b.n	10004140 <_vsnprintf+0x3a4>
100042ea:	9b0f      	ldr	r3, [sp, #60]	@ 0x3c
100042ec:	4599      	cmp	r9, r3
100042ee:	d800      	bhi.n	100042f2 <_vsnprintf+0x556>
100042f0:	e0d4      	b.n	1000449c <_vsnprintf+0x700>
100042f2:	464b      	mov	r3, r9
100042f4:	195e      	adds	r6, r3, r5
100042f6:	9b0f      	ldr	r3, [sp, #60]	@ 0x3c
100042f8:	1af6      	subs	r6, r6, r3
100042fa:	4663      	mov	r3, ip
100042fc:	930f      	str	r3, [sp, #60]	@ 0x3c
100042fe:	0023      	movs	r3, r4
10004300:	465c      	mov	r4, fp
10004302:	469b      	mov	fp, r3
10004304:	002a      	movs	r2, r5
10004306:	4643      	mov	r3, r8
10004308:	3501      	adds	r5, #1
1000430a:	0021      	movs	r1, r4
1000430c:	2020      	movs	r0, #32
1000430e:	47b8      	blx	r7
10004310:	42ae      	cmp	r6, r5
10004312:	d1f7      	bne.n	10004304 <_vsnprintf+0x568>
10004314:	9b0f      	ldr	r3, [sp, #60]	@ 0x3c
10004316:	469c      	mov	ip, r3
10004318:	465b      	mov	r3, fp
1000431a:	46a3      	mov	fp, r4
1000431c:	001c      	movs	r4, r3
1000431e:	464b      	mov	r3, r9
10004320:	3301      	adds	r3, #1
10004322:	930f      	str	r3, [sp, #60]	@ 0x3c
10004324:	4663      	mov	r3, ip
10004326:	7818      	ldrb	r0, [r3, #0]
10004328:	2800      	cmp	r0, #0
1000432a:	d000      	beq.n	1000432e <_vsnprintf+0x592>
1000432c:	e64f      	b.n	10003fce <_vsnprintf+0x232>
1000432e:	e673      	b.n	10004018 <_vsnprintf+0x27c>
10004330:	0035      	movs	r5, r6
10004332:	9b0f      	ldr	r3, [sp, #60]	@ 0x3c
10004334:	4599      	cmp	r9, r3
10004336:	d800      	bhi.n	1000433a <_vsnprintf+0x59e>
10004338:	e0ac      	b.n	10004494 <_vsnprintf+0x6f8>
1000433a:	464a      	mov	r2, r9
1000433c:	46a1      	mov	r9, r4
1000433e:	465c      	mov	r4, fp
10004340:	1956      	adds	r6, r2, r5
10004342:	1af6      	subs	r6, r6, r3
10004344:	002a      	movs	r2, r5
10004346:	4643      	mov	r3, r8
10004348:	3501      	adds	r5, #1
1000434a:	0021      	movs	r1, r4
1000434c:	2020      	movs	r0, #32
1000434e:	47b8      	blx	r7
10004350:	42ae      	cmp	r6, r5
10004352:	d1f7      	bne.n	10004344 <_vsnprintf+0x5a8>
10004354:	46a3      	mov	fp, r4
10004356:	464c      	mov	r4, r9
10004358:	e65e      	b.n	10004018 <_vsnprintf+0x27c>
1000435a:	220c      	movs	r2, #12
1000435c:	4396      	bics	r6, r2
1000435e:	0032      	movs	r2, r6
10004360:	e72f      	b.n	100041c2 <_vsnprintf+0x426>
10004362:	2308      	movs	r3, #8
10004364:	2007      	movs	r0, #7
10004366:	469c      	mov	ip, r3
10004368:	990b      	ldr	r1, [sp, #44]	@ 0x2c
1000436a:	3107      	adds	r1, #7
1000436c:	4381      	bics	r1, r0
1000436e:	448c      	add	ip, r1
10004370:	4663      	mov	r3, ip
10004372:	c903      	ldmia	r1, {r0, r1}
10004374:	930b      	str	r3, [sp, #44]	@ 0x2c
10004376:	464b      	mov	r3, r9
10004378:	9307      	str	r3, [sp, #28]
1000437a:	9b0c      	ldr	r3, [sp, #48]	@ 0x30
1000437c:	9208      	str	r2, [sp, #32]
1000437e:	9306      	str	r3, [sp, #24]
10004380:	220a      	movs	r2, #10
10004382:	2300      	movs	r3, #0
10004384:	9204      	str	r2, [sp, #16]
10004386:	9305      	str	r3, [sp, #20]
10004388:	0fcb      	lsrs	r3, r1, #31
1000438a:	9302      	str	r3, [sp, #8]
1000438c:	17cb      	asrs	r3, r1, #31
1000438e:	9312      	str	r3, [sp, #72]	@ 0x48
10004390:	9313      	str	r3, [sp, #76]	@ 0x4c
10004392:	9a12      	ldr	r2, [sp, #72]	@ 0x48
10004394:	9b13      	ldr	r3, [sp, #76]	@ 0x4c
10004396:	0016      	movs	r6, r2
10004398:	4046      	eors	r6, r0
1000439a:	0018      	movs	r0, r3
1000439c:	4048      	eors	r0, r1
1000439e:	9614      	str	r6, [sp, #80]	@ 0x50
100043a0:	9015      	str	r0, [sp, #84]	@ 0x54
100043a2:	9814      	ldr	r0, [sp, #80]	@ 0x50
100043a4:	9915      	ldr	r1, [sp, #84]	@ 0x54
100043a6:	1a80      	subs	r0, r0, r2
100043a8:	4199      	sbcs	r1, r3
100043aa:	0002      	movs	r2, r0
100043ac:	000b      	movs	r3, r1
100043ae:	9200      	str	r2, [sp, #0]
100043b0:	9301      	str	r3, [sp, #4]
100043b2:	4659      	mov	r1, fp
100043b4:	002a      	movs	r2, r5
100043b6:	4643      	mov	r3, r8
100043b8:	0038      	movs	r0, r7
100043ba:	f7ff f80f 	bl	100033dc <_ntoa_long_long>
100043be:	0005      	movs	r5, r0
100043c0:	e513      	b.n	10003dea <_vsnprintf+0x4e>
100043c2:	7819      	ldrb	r1, [r3, #0]
100043c4:	0008      	movs	r0, r1
100043c6:	e743      	b.n	10004250 <_vsnprintf+0x4b4>
100043c8:	2210      	movs	r2, #16
100043ca:	4396      	bics	r6, r2
100043cc:	0032      	movs	r2, r6
100043ce:	e72a      	b.n	10004226 <_vsnprintf+0x48a>
100043d0:	7818      	ldrb	r0, [r3, #0]
100043d2:	e70b      	b.n	100041ec <_vsnprintf+0x450>
100043d4:	9b0b      	ldr	r3, [sp, #44]	@ 0x2c
100043d6:	002a      	movs	r2, r5
100043d8:	7818      	ldrb	r0, [r3, #0]
100043da:	4659      	mov	r1, fp
100043dc:	4643      	mov	r3, r8
100043de:	47b8      	blx	r7
100043e0:	9d0e      	ldr	r5, [sp, #56]	@ 0x38
100043e2:	e6ad      	b.n	10004140 <_vsnprintf+0x3a4>
100043e4:	464b      	mov	r3, r9
100043e6:	9307      	str	r3, [sp, #28]
100043e8:	9b0c      	ldr	r3, [sp, #48]	@ 0x30
100043ea:	2607      	movs	r6, #7
100043ec:	9306      	str	r3, [sp, #24]
100043ee:	2300      	movs	r3, #0
100043f0:	980b      	ldr	r0, [sp, #44]	@ 0x2c
100043f2:	9208      	str	r2, [sp, #32]
100043f4:	3007      	adds	r0, #7
100043f6:	43b0      	bics	r0, r6
100043f8:	9104      	str	r1, [sp, #16]
100043fa:	9305      	str	r3, [sp, #20]
100043fc:	9302      	str	r3, [sp, #8]
100043fe:	c80c      	ldmia	r0!, {r2, r3}
10004400:	900b      	str	r0, [sp, #44]	@ 0x2c
10004402:	e7d4      	b.n	100043ae <_vsnprintf+0x612>
10004404:	6819      	ldr	r1, [r3, #0]
10004406:	464b      	mov	r3, r9
10004408:	9304      	str	r3, [sp, #16]
1000440a:	9b0c      	ldr	r3, [sp, #48]	@ 0x30
1000440c:	9205      	str	r2, [sp, #20]
1000440e:	9303      	str	r3, [sp, #12]
10004410:	230a      	movs	r3, #10
10004412:	9302      	str	r3, [sp, #8]
10004414:	0fcb      	lsrs	r3, r1, #31
10004416:	9301      	str	r3, [sp, #4]
10004418:	17cb      	asrs	r3, r1, #31
1000441a:	18c9      	adds	r1, r1, r3
1000441c:	4059      	eors	r1, r3
1000441e:	9100      	str	r1, [sp, #0]
10004420:	e6ed      	b.n	100041fe <_vsnprintf+0x462>
10004422:	2210      	movs	r2, #16
10004424:	0033      	movs	r3, r6
10004426:	4393      	bics	r3, r2
10004428:	001a      	movs	r2, r3
1000442a:	2869      	cmp	r0, #105	@ 0x69
1000442c:	d122      	bne.n	10004474 <_vsnprintf+0x6d8>
1000442e:	0571      	lsls	r1, r6, #21
10004430:	d400      	bmi.n	10004434 <_vsnprintf+0x698>
10004432:	e6f8      	b.n	10004226 <_vsnprintf+0x48a>
10004434:	e6f4      	b.n	10004220 <_vsnprintf+0x484>
10004436:	464b      	mov	r3, r9
10004438:	9304      	str	r3, [sp, #16]
1000443a:	9b0c      	ldr	r3, [sp, #48]	@ 0x30
1000443c:	9205      	str	r2, [sp, #20]
1000443e:	9303      	str	r3, [sp, #12]
10004440:	4663      	mov	r3, ip
10004442:	9301      	str	r3, [sp, #4]
10004444:	9b0b      	ldr	r3, [sp, #44]	@ 0x2c
10004446:	9102      	str	r1, [sp, #8]
10004448:	681b      	ldr	r3, [r3, #0]
1000444a:	9300      	str	r3, [sp, #0]
1000444c:	e6d7      	b.n	100041fe <_vsnprintf+0x462>
1000444e:	6819      	ldr	r1, [r3, #0]
10004450:	17cb      	asrs	r3, r1, #31
10004452:	18c8      	adds	r0, r1, r3
10004454:	4058      	eors	r0, r3
10004456:	e6fb      	b.n	10004250 <_vsnprintf+0x4b4>
10004458:	2280      	movs	r2, #128	@ 0x80
1000445a:	0033      	movs	r3, r6
1000445c:	00d2      	lsls	r2, r2, #3
1000445e:	4013      	ands	r3, r2
10004460:	930f      	str	r3, [sp, #60]	@ 0x3c
10004462:	4216      	tst	r6, r2
10004464:	d009      	beq.n	1000447a <_vsnprintf+0x6de>
10004466:	07b6      	lsls	r6, r6, #30
10004468:	d51d      	bpl.n	100044a6 <_vsnprintf+0x70a>
1000446a:	2300      	movs	r3, #0
1000446c:	930f      	str	r3, [sp, #60]	@ 0x3c
1000446e:	e760      	b.n	10004332 <_vsnprintf+0x596>
10004470:	6818      	ldr	r0, [r3, #0]
10004472:	e6bb      	b.n	100041ec <_vsnprintf+0x450>
10004474:	001e      	movs	r6, r3
10004476:	210a      	movs	r1, #10
10004478:	e69d      	b.n	100041b6 <_vsnprintf+0x41a>
1000447a:	2202      	movs	r2, #2
1000447c:	0013      	movs	r3, r2
1000447e:	4033      	ands	r3, r6
10004480:	930b      	str	r3, [sp, #44]	@ 0x2c
10004482:	4232      	tst	r2, r6
10004484:	d000      	beq.n	10004488 <_vsnprintf+0x6ec>
10004486:	e754      	b.n	10004332 <_vsnprintf+0x596>
10004488:	2300      	movs	r3, #0
1000448a:	930f      	str	r3, [sp, #60]	@ 0x3c
1000448c:	464b      	mov	r3, r9
1000448e:	2b00      	cmp	r3, #0
10004490:	d000      	beq.n	10004494 <_vsnprintf+0x6f8>
10004492:	e72e      	b.n	100042f2 <_vsnprintf+0x556>
10004494:	002e      	movs	r6, r5
10004496:	e5bf      	b.n	10004018 <_vsnprintf+0x27c>
10004498:	100030a5 	.word	0x100030a5
1000449c:	3301      	adds	r3, #1
1000449e:	930f      	str	r3, [sp, #60]	@ 0x3c
100044a0:	2300      	movs	r3, #0
100044a2:	930e      	str	r3, [sp, #56]	@ 0x38
100044a4:	e593      	b.n	10003fce <_vsnprintf+0x232>
100044a6:	920b      	str	r2, [sp, #44]	@ 0x2c
100044a8:	e7ee      	b.n	10004488 <_vsnprintf+0x6ec>
100044aa:	46c0      	nop			@ (mov r8, r8)

100044ac <vfctprintf>:
100044ac:	b510      	push	{r4, lr}
100044ae:	000c      	movs	r4, r1
100044b0:	b084      	sub	sp, #16
100044b2:	9403      	str	r4, [sp, #12]
100044b4:	2401      	movs	r4, #1
100044b6:	a902      	add	r1, sp, #8
100044b8:	9002      	str	r0, [sp, #8]
100044ba:	9300      	str	r3, [sp, #0]
100044bc:	4803      	ldr	r0, [pc, #12]	@ (100044cc <vfctprintf+0x20>)
100044be:	0013      	movs	r3, r2
100044c0:	4262      	negs	r2, r4
100044c2:	f7ff fc6b 	bl	10003d9c <_vsnprintf>
100044c6:	b004      	add	sp, #16
100044c8:	bd10      	pop	{r4, pc}
100044ca:	46c0      	nop			@ (mov r8, r8)
100044cc:	10003d8d 	.word	0x10003d8d

100044d0 <weak_raw_vprintf>:
100044d0:	b510      	push	{r4, lr}
100044d2:	4a09      	ldr	r2, [pc, #36]	@ (100044f8 <weak_raw_vprintf+0x28>)
100044d4:	0003      	movs	r3, r0
100044d6:	6814      	ldr	r4, [r2, #0]
100044d8:	b084      	sub	sp, #16
100044da:	2c00      	cmp	r4, #0
100044dc:	d008      	beq.n	100044f0 <weak_raw_vprintf+0x20>
100044de:	2201      	movs	r2, #1
100044e0:	9100      	str	r1, [sp, #0]
100044e2:	4806      	ldr	r0, [pc, #24]	@ (100044fc <weak_raw_vprintf+0x2c>)
100044e4:	4252      	negs	r2, r2
100044e6:	a903      	add	r1, sp, #12
100044e8:	47a0      	blx	r4
100044ea:	2001      	movs	r0, #1
100044ec:	b004      	add	sp, #16
100044ee:	bd10      	pop	{r4, pc}
100044f0:	f000 f94c 	bl	1000478c <__wrap_puts>
100044f4:	2000      	movs	r0, #0
100044f6:	e7f9      	b.n	100044ec <weak_raw_vprintf+0x1c>
100044f8:	20000598 	.word	0x20000598
100044fc:	10003d7d 	.word	0x10003d7d

10004500 <_exit>:
10004500:	be00      	bkpt	0x0000
10004502:	e7fd      	b.n	10004500 <_exit>

10004504 <exit>:
10004504:	b510      	push	{r4, lr}
10004506:	f7ff fffb 	bl	10004500 <_exit>
1000450a:	46c0      	nop			@ (mov r8, r8)

1000450c <runtime_init>:
1000450c:	b570      	push	{r4, r5, r6, lr}
1000450e:	f7fd fe4d 	bl	100021ac <runtime_run_initializers>
10004512:	4d07      	ldr	r5, [pc, #28]	@ (10004530 <runtime_init+0x24>)
10004514:	4e07      	ldr	r6, [pc, #28]	@ (10004534 <runtime_init+0x28>)
10004516:	42b5      	cmp	r5, r6
10004518:	d209      	bcs.n	1000452e <runtime_init+0x22>
1000451a:	2400      	movs	r4, #0
1000451c:	3e01      	subs	r6, #1
1000451e:	1b76      	subs	r6, r6, r5
10004520:	08b6      	lsrs	r6, r6, #2
10004522:	cd08      	ldmia	r5!, {r3}
10004524:	4798      	blx	r3
10004526:	0023      	movs	r3, r4
10004528:	3401      	adds	r4, #1
1000452a:	42b3      	cmp	r3, r6
1000452c:	d1f9      	bne.n	10004522 <runtime_init+0x16>
1000452e:	bd70      	pop	{r4, r5, r6, pc}
10004530:	10004f2c 	.word	0x10004f2c
10004534:	10004f30 	.word	0x10004f30

10004538 <stdio_out_chars_no_crlf>:
10004538:	0003      	movs	r3, r0
1000453a:	b510      	push	{r4, lr}
1000453c:	0008      	movs	r0, r1
1000453e:	0011      	movs	r1, r2
10004540:	681b      	ldr	r3, [r3, #0]
10004542:	4798      	blx	r3
10004544:	bd10      	pop	{r4, pc}
10004546:	46c0      	nop			@ (mov r8, r8)

10004548 <stdio_out_chars_crlf>:
10004548:	b5f8      	push	{r3, r4, r5, r6, r7, lr}
1000454a:	4657      	mov	r7, sl
1000454c:	464e      	mov	r6, r9
1000454e:	4645      	mov	r5, r8
10004550:	46de      	mov	lr, fp
10004552:	b5e0      	push	{r5, r6, r7, lr}
10004554:	7d43      	ldrb	r3, [r0, #21]
10004556:	4680      	mov	r8, r0
10004558:	000f      	movs	r7, r1
1000455a:	0016      	movs	r6, r2
1000455c:	2b00      	cmp	r3, #0
1000455e:	d048      	beq.n	100045f2 <stdio_out_chars_crlf+0xaa>
10004560:	2300      	movs	r3, #0
10004562:	2400      	movs	r4, #0
10004564:	4699      	mov	r9, r3
10004566:	2a00      	cmp	r2, #0
10004568:	dd2a      	ble.n	100045c0 <stdio_out_chars_crlf+0x78>
1000456a:	4b24      	ldr	r3, [pc, #144]	@ (100045fc <stdio_out_chars_crlf+0xb4>)
1000456c:	469b      	mov	fp, r3
1000456e:	1e4b      	subs	r3, r1, #1
10004570:	469a      	mov	sl, r3
10004572:	e004      	b.n	1000457e <stdio_out_chars_crlf+0x36>
10004574:	5d7b      	ldrb	r3, [r7, r5]
10004576:	2b0a      	cmp	r3, #10
10004578:	d028      	beq.n	100045cc <stdio_out_chars_crlf+0x84>
1000457a:	42a6      	cmp	r6, r4
1000457c:	d012      	beq.n	100045a4 <stdio_out_chars_crlf+0x5c>
1000457e:	0025      	movs	r5, r4
10004580:	3401      	adds	r4, #1
10004582:	2d00      	cmp	r5, #0
10004584:	d1f6      	bne.n	10004574 <stdio_out_chars_crlf+0x2c>
10004586:	783b      	ldrb	r3, [r7, #0]
10004588:	2b0a      	cmp	r3, #10
1000458a:	d1f6      	bne.n	1000457a <stdio_out_chars_crlf+0x32>
1000458c:	4643      	mov	r3, r8
1000458e:	7d1b      	ldrb	r3, [r3, #20]
10004590:	2b00      	cmp	r3, #0
10004592:	d1f2      	bne.n	1000457a <stdio_out_chars_crlf+0x32>
10004594:	4643      	mov	r3, r8
10004596:	2102      	movs	r1, #2
10004598:	4658      	mov	r0, fp
1000459a:	681b      	ldr	r3, [r3, #0]
1000459c:	46a1      	mov	r9, r4
1000459e:	4798      	blx	r3
100045a0:	42a6      	cmp	r6, r4
100045a2:	d1ec      	bne.n	1000457e <stdio_out_chars_crlf+0x36>
100045a4:	454e      	cmp	r6, r9
100045a6:	dd05      	ble.n	100045b4 <stdio_out_chars_crlf+0x6c>
100045a8:	464b      	mov	r3, r9
100045aa:	1af1      	subs	r1, r6, r3
100045ac:	18f8      	adds	r0, r7, r3
100045ae:	4643      	mov	r3, r8
100045b0:	681b      	ldr	r3, [r3, #0]
100045b2:	4798      	blx	r3
100045b4:	5d7b      	ldrb	r3, [r7, r5]
100045b6:	3b0d      	subs	r3, #13
100045b8:	425a      	negs	r2, r3
100045ba:	4153      	adcs	r3, r2
100045bc:	4642      	mov	r2, r8
100045be:	7513      	strb	r3, [r2, #20]
100045c0:	bcf0      	pop	{r4, r5, r6, r7}
100045c2:	46bb      	mov	fp, r7
100045c4:	46b2      	mov	sl, r6
100045c6:	46a9      	mov	r9, r5
100045c8:	46a0      	mov	r8, r4
100045ca:	bdf8      	pop	{r3, r4, r5, r6, r7, pc}
100045cc:	4653      	mov	r3, sl
100045ce:	5d5b      	ldrb	r3, [r3, r5]
100045d0:	2b0d      	cmp	r3, #13
100045d2:	d0d2      	beq.n	1000457a <stdio_out_chars_crlf+0x32>
100045d4:	45a9      	cmp	r9, r5
100045d6:	dadd      	bge.n	10004594 <stdio_out_chars_crlf+0x4c>
100045d8:	464b      	mov	r3, r9
100045da:	1ae9      	subs	r1, r5, r3
100045dc:	18f8      	adds	r0, r7, r3
100045de:	4643      	mov	r3, r8
100045e0:	681b      	ldr	r3, [r3, #0]
100045e2:	4798      	blx	r3
100045e4:	4643      	mov	r3, r8
100045e6:	2102      	movs	r1, #2
100045e8:	4658      	mov	r0, fp
100045ea:	681b      	ldr	r3, [r3, #0]
100045ec:	46a1      	mov	r9, r4
100045ee:	4798      	blx	r3
100045f0:	e7d6      	b.n	100045a0 <stdio_out_chars_crlf+0x58>
100045f2:	6803      	ldr	r3, [r0, #0]
100045f4:	0011      	movs	r1, r2
100045f6:	0038      	movs	r0, r7
100045f8:	4798      	blx	r3
100045fa:	e7e1      	b.n	100045c0 <stdio_out_chars_crlf+0x78>
100045fc:	10005ab8 	.word	0x10005ab8

10004600 <stdio_buffered_printer>:
10004600:	b5f0      	push	{r4, r5, r6, r7, lr}
10004602:	46c6      	mov	lr, r8
10004604:	680b      	ldr	r3, [r1, #0]
10004606:	0006      	movs	r6, r0
10004608:	000c      	movs	r4, r1
1000460a:	b500      	push	{lr}
1000460c:	2b80      	cmp	r3, #128	@ 0x80
1000460e:	d006      	beq.n	1000461e <stdio_buffered_printer+0x1e>
10004610:	1c5a      	adds	r2, r3, #1
10004612:	6022      	str	r2, [r4, #0]
10004614:	18e4      	adds	r4, r4, r3
10004616:	7126      	strb	r6, [r4, #4]
10004618:	bc80      	pop	{r7}
1000461a:	46b8      	mov	r8, r7
1000461c:	bdf0      	pop	{r4, r5, r6, r7, pc}
1000461e:	4b0f      	ldr	r3, [pc, #60]	@ (1000465c <stdio_buffered_printer+0x5c>)
10004620:	681d      	ldr	r5, [r3, #0]
10004622:	2d00      	cmp	r5, #0
10004624:	d016      	beq.n	10004654 <stdio_buffered_printer+0x54>
10004626:	1d0b      	adds	r3, r1, #4
10004628:	4698      	mov	r8, r3
1000462a:	4f0d      	ldr	r7, [pc, #52]	@ (10004660 <stdio_buffered_printer+0x60>)
1000462c:	e002      	b.n	10004634 <stdio_buffered_printer+0x34>
1000462e:	692d      	ldr	r5, [r5, #16]
10004630:	2d00      	cmp	r5, #0
10004632:	d00f      	beq.n	10004654 <stdio_buffered_printer+0x54>
10004634:	682b      	ldr	r3, [r5, #0]
10004636:	2b00      	cmp	r3, #0
10004638:	d0f9      	beq.n	1000462e <stdio_buffered_printer+0x2e>
1000463a:	683b      	ldr	r3, [r7, #0]
1000463c:	2b00      	cmp	r3, #0
1000463e:	d001      	beq.n	10004644 <stdio_buffered_printer+0x44>
10004640:	42ab      	cmp	r3, r5
10004642:	d1f4      	bne.n	1000462e <stdio_buffered_printer+0x2e>
10004644:	0028      	movs	r0, r5
10004646:	4641      	mov	r1, r8
10004648:	6822      	ldr	r2, [r4, #0]
1000464a:	f7ff ff7d 	bl	10004548 <stdio_out_chars_crlf>
1000464e:	692d      	ldr	r5, [r5, #16]
10004650:	2d00      	cmp	r5, #0
10004652:	d1ef      	bne.n	10004634 <stdio_buffered_printer+0x34>
10004654:	2201      	movs	r2, #1
10004656:	2300      	movs	r3, #0
10004658:	e7db      	b.n	10004612 <stdio_buffered_printer+0x12>
1000465a:	46c0      	nop			@ (mov r8, r8)
1000465c:	20000590 	.word	0x20000590
10004660:	20000594 	.word	0x20000594

10004664 <stdio_put_string>:
10004664:	b5f0      	push	{r4, r5, r6, r7, lr}
10004666:	4645      	mov	r5, r8
10004668:	46de      	mov	lr, fp
1000466a:	464e      	mov	r6, r9
1000466c:	4657      	mov	r7, sl
1000466e:	b5e0      	push	{r5, r6, r7, lr}
10004670:	b085      	sub	sp, #20
10004672:	4691      	mov	r9, r2
10004674:	001c      	movs	r4, r3
10004676:	4680      	mov	r8, r0
10004678:	000d      	movs	r5, r1
1000467a:	f7fd fb6d 	bl	10001d58 <time_us_64>
1000467e:	2300      	movs	r3, #0
10004680:	4a25      	ldr	r2, [pc, #148]	@ (10004718 <stdio_put_string+0xb4>)
10004682:	1812      	adds	r2, r2, r0
10004684:	414b      	adcs	r3, r1
10004686:	2b00      	cmp	r3, #0
10004688:	da02      	bge.n	10004690 <stdio_put_string+0x2c>
1000468a:	2201      	movs	r2, #1
1000468c:	4b23      	ldr	r3, [pc, #140]	@ (1000471c <stdio_put_string+0xb8>)
1000468e:	4252      	negs	r2, r2
10004690:	4923      	ldr	r1, [pc, #140]	@ (10004720 <stdio_put_string+0xbc>)
10004692:	0008      	movs	r0, r1
10004694:	468a      	mov	sl, r1
10004696:	f000 fc23 	bl	10004ee0 <__mutex_try_enter_block_until_veneer>
1000469a:	9001      	str	r0, [sp, #4]
1000469c:	1c6b      	adds	r3, r5, #1
1000469e:	d103      	bne.n	100046a8 <stdio_put_string+0x44>
100046a0:	4640      	mov	r0, r8
100046a2:	f000 fbcb 	bl	10004e3c <strlen>
100046a6:	0005      	movs	r5, r0
100046a8:	2c00      	cmp	r4, #0
100046aa:	d02f      	beq.n	1000470c <stdio_put_string+0xa8>
100046ac:	4f1d      	ldr	r7, [pc, #116]	@ (10004724 <stdio_put_string+0xc0>)
100046ae:	4b1e      	ldr	r3, [pc, #120]	@ (10004728 <stdio_put_string+0xc4>)
100046b0:	681c      	ldr	r4, [r3, #0]
100046b2:	2c00      	cmp	r4, #0
100046b4:	d01f      	beq.n	100046f6 <stdio_put_string+0x92>
100046b6:	230a      	movs	r3, #10
100046b8:	4e1c      	ldr	r6, [pc, #112]	@ (1000472c <stdio_put_string+0xc8>)
100046ba:	469b      	mov	fp, r3
100046bc:	e002      	b.n	100046c4 <stdio_put_string+0x60>
100046be:	6924      	ldr	r4, [r4, #16]
100046c0:	2c00      	cmp	r4, #0
100046c2:	d018      	beq.n	100046f6 <stdio_put_string+0x92>
100046c4:	6823      	ldr	r3, [r4, #0]
100046c6:	2b00      	cmp	r3, #0
100046c8:	d0f9      	beq.n	100046be <stdio_put_string+0x5a>
100046ca:	6833      	ldr	r3, [r6, #0]
100046cc:	2b00      	cmp	r3, #0
100046ce:	d001      	beq.n	100046d4 <stdio_put_string+0x70>
100046d0:	42a3      	cmp	r3, r4
100046d2:	d1f4      	bne.n	100046be <stdio_put_string+0x5a>
100046d4:	002a      	movs	r2, r5
100046d6:	4641      	mov	r1, r8
100046d8:	0020      	movs	r0, r4
100046da:	47b8      	blx	r7
100046dc:	464b      	mov	r3, r9
100046de:	2b00      	cmp	r3, #0
100046e0:	d0ed      	beq.n	100046be <stdio_put_string+0x5a>
100046e2:	465a      	mov	r2, fp
100046e4:	ab02      	add	r3, sp, #8
100046e6:	0020      	movs	r0, r4
100046e8:	71da      	strb	r2, [r3, #7]
100046ea:	1dd9      	adds	r1, r3, #7
100046ec:	2201      	movs	r2, #1
100046ee:	47b8      	blx	r7
100046f0:	6924      	ldr	r4, [r4, #16]
100046f2:	2c00      	cmp	r4, #0
100046f4:	d1e6      	bne.n	100046c4 <stdio_put_string+0x60>
100046f6:	9b01      	ldr	r3, [sp, #4]
100046f8:	2b00      	cmp	r3, #0
100046fa:	d109      	bne.n	10004710 <stdio_put_string+0xac>
100046fc:	0028      	movs	r0, r5
100046fe:	b005      	add	sp, #20
10004700:	bcf0      	pop	{r4, r5, r6, r7}
10004702:	46bb      	mov	fp, r7
10004704:	46b2      	mov	sl, r6
10004706:	46a9      	mov	r9, r5
10004708:	46a0      	mov	r8, r4
1000470a:	bdf0      	pop	{r4, r5, r6, r7, pc}
1000470c:	4f08      	ldr	r7, [pc, #32]	@ (10004730 <stdio_put_string+0xcc>)
1000470e:	e7ce      	b.n	100046ae <stdio_put_string+0x4a>
10004710:	4650      	mov	r0, sl
10004712:	f000 fbc5 	bl	10004ea0 <__mutex_exit_veneer>
10004716:	e7f1      	b.n	100046fc <stdio_put_string+0x98>
10004718:	000f4240 	.word	0x000f4240
1000471c:	7fffffff 	.word	0x7fffffff
10004720:	200002b8 	.word	0x200002b8
10004724:	10004549 	.word	0x10004549
10004728:	20000590 	.word	0x20000590
1000472c:	20000594 	.word	0x20000594
10004730:	10004539 	.word	0x10004539

10004734 <stdio_set_driver_enabled>:
10004734:	4a0a      	ldr	r2, [pc, #40]	@ (10004760 <stdio_set_driver_enabled+0x2c>)
10004736:	6813      	ldr	r3, [r2, #0]
10004738:	2b00      	cmp	r3, #0
1000473a:	d105      	bne.n	10004748 <stdio_set_driver_enabled+0x14>
1000473c:	e00c      	b.n	10004758 <stdio_set_driver_enabled+0x24>
1000473e:	001a      	movs	r2, r3
10004740:	691b      	ldr	r3, [r3, #16]
10004742:	3210      	adds	r2, #16
10004744:	2b00      	cmp	r3, #0
10004746:	d007      	beq.n	10004758 <stdio_set_driver_enabled+0x24>
10004748:	4283      	cmp	r3, r0
1000474a:	d1f8      	bne.n	1000473e <stdio_set_driver_enabled+0xa>
1000474c:	2900      	cmp	r1, #0
1000474e:	d102      	bne.n	10004756 <stdio_set_driver_enabled+0x22>
10004750:	6918      	ldr	r0, [r3, #16]
10004752:	6010      	str	r0, [r2, #0]
10004754:	6119      	str	r1, [r3, #16]
10004756:	4770      	bx	lr
10004758:	2900      	cmp	r1, #0
1000475a:	d0fc      	beq.n	10004756 <stdio_set_driver_enabled+0x22>
1000475c:	6010      	str	r0, [r2, #0]
1000475e:	e7fa      	b.n	10004756 <stdio_set_driver_enabled+0x22>
10004760:	20000590 	.word	0x20000590

10004764 <stdio_init_all>:
10004764:	b510      	push	{r4, lr}
10004766:	f000 f969 	bl	10004a3c <stdio_uart_init>
1000476a:	2001      	movs	r0, #1
1000476c:	bd10      	pop	{r4, pc}
1000476e:	46c0      	nop			@ (mov r8, r8)

10004770 <__wrap_putchar>:
10004770:	b510      	push	{r4, lr}
10004772:	b082      	sub	sp, #8
10004774:	466b      	mov	r3, sp
10004776:	0004      	movs	r4, r0
10004778:	2200      	movs	r2, #0
1000477a:	1dd8      	adds	r0, r3, #7
1000477c:	2101      	movs	r1, #1
1000477e:	2301      	movs	r3, #1
10004780:	7004      	strb	r4, [r0, #0]
10004782:	f7ff ff6f 	bl	10004664 <stdio_put_string>
10004786:	0020      	movs	r0, r4
10004788:	b002      	add	sp, #8
1000478a:	bd10      	pop	{r4, pc}

1000478c <__wrap_puts>:
1000478c:	b570      	push	{r4, r5, r6, lr}
1000478e:	0004      	movs	r4, r0
10004790:	f000 fb54 	bl	10004e3c <strlen>
10004794:	2301      	movs	r3, #1
10004796:	0001      	movs	r1, r0
10004798:	0005      	movs	r5, r0
1000479a:	2201      	movs	r2, #1
1000479c:	0020      	movs	r0, r4
1000479e:	f7ff ff61 	bl	10004664 <stdio_put_string>
100047a2:	4b06      	ldr	r3, [pc, #24]	@ (100047bc <__wrap_puts+0x30>)
100047a4:	681c      	ldr	r4, [r3, #0]
100047a6:	2c00      	cmp	r4, #0
100047a8:	d006      	beq.n	100047b8 <__wrap_puts+0x2c>
100047aa:	6863      	ldr	r3, [r4, #4]
100047ac:	2b00      	cmp	r3, #0
100047ae:	d000      	beq.n	100047b2 <__wrap_puts+0x26>
100047b0:	4798      	blx	r3
100047b2:	6924      	ldr	r4, [r4, #16]
100047b4:	2c00      	cmp	r4, #0
100047b6:	d1f8      	bne.n	100047aa <__wrap_puts+0x1e>
100047b8:	0028      	movs	r0, r5
100047ba:	bd70      	pop	{r4, r5, r6, pc}
100047bc:	20000590 	.word	0x20000590

100047c0 <__wrap_vprintf>:
100047c0:	b5f0      	push	{r4, r5, r6, r7, lr}
100047c2:	46ce      	mov	lr, r9
100047c4:	4647      	mov	r7, r8
100047c6:	b580      	push	{r7, lr}
100047c8:	b0a3      	sub	sp, #140	@ 0x8c
100047ca:	0004      	movs	r4, r0
100047cc:	000d      	movs	r5, r1
100047ce:	f7fd fac3 	bl	10001d58 <time_us_64>
100047d2:	2300      	movs	r3, #0
100047d4:	4a26      	ldr	r2, [pc, #152]	@ (10004870 <__wrap_vprintf+0xb0>)
100047d6:	1812      	adds	r2, r2, r0
100047d8:	414b      	adcs	r3, r1
100047da:	2b00      	cmp	r3, #0
100047dc:	da02      	bge.n	100047e4 <__wrap_vprintf+0x24>
100047de:	2201      	movs	r2, #1
100047e0:	4b24      	ldr	r3, [pc, #144]	@ (10004874 <__wrap_vprintf+0xb4>)
100047e2:	4252      	negs	r2, r2
100047e4:	4e24      	ldr	r6, [pc, #144]	@ (10004878 <__wrap_vprintf+0xb8>)
100047e6:	0030      	movs	r0, r6
100047e8:	f000 fb7a 	bl	10004ee0 <__mutex_try_enter_block_until_veneer>
100047ec:	2300      	movs	r3, #0
100047ee:	0022      	movs	r2, r4
100047f0:	9301      	str	r3, [sp, #4]
100047f2:	0007      	movs	r7, r0
100047f4:	002b      	movs	r3, r5
100047f6:	4821      	ldr	r0, [pc, #132]	@ (1000487c <__wrap_vprintf+0xbc>)
100047f8:	a901      	add	r1, sp, #4
100047fa:	f7ff fe57 	bl	100044ac <vfctprintf>
100047fe:	4b20      	ldr	r3, [pc, #128]	@ (10004880 <__wrap_vprintf+0xc0>)
10004800:	4680      	mov	r8, r0
10004802:	4699      	mov	r9, r3
10004804:	681c      	ldr	r4, [r3, #0]
10004806:	9b01      	ldr	r3, [sp, #4]
10004808:	2b00      	cmp	r3, #0
1000480a:	d01a      	beq.n	10004842 <__wrap_vprintf+0x82>
1000480c:	2c00      	cmp	r4, #0
1000480e:	d02d      	beq.n	1000486c <__wrap_vprintf+0xac>
10004810:	4d1c      	ldr	r5, [pc, #112]	@ (10004884 <__wrap_vprintf+0xc4>)
10004812:	e002      	b.n	1000481a <__wrap_vprintf+0x5a>
10004814:	6924      	ldr	r4, [r4, #16]
10004816:	2c00      	cmp	r4, #0
10004818:	d00f      	beq.n	1000483a <__wrap_vprintf+0x7a>
1000481a:	6823      	ldr	r3, [r4, #0]
1000481c:	2b00      	cmp	r3, #0
1000481e:	d0f9      	beq.n	10004814 <__wrap_vprintf+0x54>
10004820:	682b      	ldr	r3, [r5, #0]
10004822:	2b00      	cmp	r3, #0
10004824:	d001      	beq.n	1000482a <__wrap_vprintf+0x6a>
10004826:	429c      	cmp	r4, r3
10004828:	d1f4      	bne.n	10004814 <__wrap_vprintf+0x54>
1000482a:	0020      	movs	r0, r4
1000482c:	9a01      	ldr	r2, [sp, #4]
1000482e:	a902      	add	r1, sp, #8
10004830:	f7ff fe8a 	bl	10004548 <stdio_out_chars_crlf>
10004834:	6924      	ldr	r4, [r4, #16]
10004836:	2c00      	cmp	r4, #0
10004838:	d1ef      	bne.n	1000481a <__wrap_vprintf+0x5a>
1000483a:	464b      	mov	r3, r9
1000483c:	681c      	ldr	r4, [r3, #0]
1000483e:	2300      	movs	r3, #0
10004840:	9301      	str	r3, [sp, #4]
10004842:	2c00      	cmp	r4, #0
10004844:	d006      	beq.n	10004854 <__wrap_vprintf+0x94>
10004846:	6863      	ldr	r3, [r4, #4]
10004848:	2b00      	cmp	r3, #0
1000484a:	d000      	beq.n	1000484e <__wrap_vprintf+0x8e>
1000484c:	4798      	blx	r3
1000484e:	6924      	ldr	r4, [r4, #16]
10004850:	2c00      	cmp	r4, #0
10004852:	d1f8      	bne.n	10004846 <__wrap_vprintf+0x86>
10004854:	2f00      	cmp	r7, #0
10004856:	d105      	bne.n	10004864 <__wrap_vprintf+0xa4>
10004858:	4640      	mov	r0, r8
1000485a:	b023      	add	sp, #140	@ 0x8c
1000485c:	bcc0      	pop	{r6, r7}
1000485e:	46b9      	mov	r9, r7
10004860:	46b0      	mov	r8, r6
10004862:	bdf0      	pop	{r4, r5, r6, r7, pc}
10004864:	0030      	movs	r0, r6
10004866:	f000 fb1b 	bl	10004ea0 <__mutex_exit_veneer>
1000486a:	e7f5      	b.n	10004858 <__wrap_vprintf+0x98>
1000486c:	9401      	str	r4, [sp, #4]
1000486e:	e7f1      	b.n	10004854 <__wrap_vprintf+0x94>
10004870:	000f4240 	.word	0x000f4240
10004874:	7fffffff 	.word	0x7fffffff
10004878:	200002b8 	.word	0x200002b8
1000487c:	10004601 	.word	0x10004601
10004880:	20000590 	.word	0x20000590
10004884:	20000594 	.word	0x20000594

10004888 <__wrap_printf>:
10004888:	b40f      	push	{r0, r1, r2, r3}
1000488a:	b500      	push	{lr}
1000488c:	b083      	sub	sp, #12
1000488e:	a904      	add	r1, sp, #16
10004890:	c901      	ldmia	r1!, {r0}
10004892:	9101      	str	r1, [sp, #4]
10004894:	f7ff ff94 	bl	100047c0 <__wrap_vprintf>
10004898:	b003      	add	sp, #12
1000489a:	bc08      	pop	{r3}
1000489c:	b004      	add	sp, #16
1000489e:	4718      	bx	r3

100048a0 <stdio_uart_out_chars>:
100048a0:	b5f0      	push	{r4, r5, r6, r7, lr}
100048a2:	2900      	cmp	r1, #0
100048a4:	dd15      	ble.n	100048d2 <stdio_uart_out_chars+0x32>
100048a6:	4b0e      	ldr	r3, [pc, #56]	@ (100048e0 <stdio_uart_out_chars+0x40>)
100048a8:	270d      	movs	r7, #13
100048aa:	681a      	ldr	r2, [r3, #0]
100048ac:	4b0d      	ldr	r3, [pc, #52]	@ (100048e4 <stdio_uart_out_chars+0x44>)
100048ae:	4c0e      	ldr	r4, [pc, #56]	@ (100048e8 <stdio_uart_out_chars+0x48>)
100048b0:	18d3      	adds	r3, r2, r3
100048b2:	425d      	negs	r5, r3
100048b4:	416b      	adcs	r3, r5
100048b6:	1845      	adds	r5, r0, r1
100048b8:	2120      	movs	r1, #32
100048ba:	005b      	lsls	r3, r3, #1
100048bc:	5f1e      	ldrsh	r6, [r3, r4]
100048be:	7804      	ldrb	r4, [r0, #0]
100048c0:	42a6      	cmp	r6, r4
100048c2:	d007      	beq.n	100048d4 <stdio_uart_out_chars+0x34>
100048c4:	6993      	ldr	r3, [r2, #24]
100048c6:	4219      	tst	r1, r3
100048c8:	d1fc      	bne.n	100048c4 <stdio_uart_out_chars+0x24>
100048ca:	3001      	adds	r0, #1
100048cc:	6014      	str	r4, [r2, #0]
100048ce:	42a8      	cmp	r0, r5
100048d0:	d1f5      	bne.n	100048be <stdio_uart_out_chars+0x1e>
100048d2:	bdf0      	pop	{r4, r5, r6, r7, pc}
100048d4:	6993      	ldr	r3, [r2, #24]
100048d6:	4219      	tst	r1, r3
100048d8:	d1fc      	bne.n	100048d4 <stdio_uart_out_chars+0x34>
100048da:	6017      	str	r7, [r2, #0]
100048dc:	e7f2      	b.n	100048c4 <stdio_uart_out_chars+0x24>
100048de:	46c0      	nop			@ (mov r8, r8)
100048e0:	20008ae4 	.word	0x20008ae4
100048e4:	bffc8000 	.word	0xbffc8000
100048e8:	20008ae0 	.word	0x20008ae0

100048ec <stdio_uart_in_chars>:
100048ec:	4b20      	ldr	r3, [pc, #128]	@ (10004970 <stdio_uart_in_chars+0x84>)
100048ee:	b570      	push	{r4, r5, r6, lr}
100048f0:	0004      	movs	r4, r0
100048f2:	1e0d      	subs	r5, r1, #0
100048f4:	681e      	ldr	r6, [r3, #0]
100048f6:	dd2a      	ble.n	1000494e <stdio_uart_in_chars+0x62>
100048f8:	2000      	movs	r0, #0
100048fa:	2110      	movs	r1, #16
100048fc:	4b1d      	ldr	r3, [pc, #116]	@ (10004974 <stdio_uart_in_chars+0x88>)
100048fe:	3c01      	subs	r4, #1
10004900:	681a      	ldr	r2, [r3, #0]
10004902:	6993      	ldr	r3, [r2, #24]
10004904:	4219      	tst	r1, r3
10004906:	d114      	bne.n	10004932 <stdio_uart_in_chars+0x46>
10004908:	3001      	adds	r0, #1
1000490a:	6993      	ldr	r3, [r2, #24]
1000490c:	4219      	tst	r1, r3
1000490e:	d1fc      	bne.n	1000490a <stdio_uart_in_chars+0x1e>
10004910:	6813      	ldr	r3, [r2, #0]
10004912:	5423      	strb	r3, [r4, r0]
10004914:	4285      	cmp	r5, r0
10004916:	d1f4      	bne.n	10004902 <stdio_uart_in_chars+0x16>
10004918:	2e00      	cmp	r6, #0
1000491a:	d008      	beq.n	1000492e <stdio_uart_in_chars+0x42>
1000491c:	2350      	movs	r3, #80	@ 0x50
1000491e:	6393      	str	r3, [r2, #56]	@ 0x38
10004920:	6b51      	ldr	r1, [r2, #52]	@ 0x34
10004922:	3b18      	subs	r3, #24
10004924:	400b      	ands	r3, r1
10004926:	4914      	ldr	r1, [pc, #80]	@ (10004978 <stdio_uart_in_chars+0x8c>)
10004928:	468c      	mov	ip, r1
1000492a:	4462      	add	r2, ip
1000492c:	6013      	str	r3, [r2, #0]
1000492e:	0028      	movs	r0, r5
10004930:	bd70      	pop	{r4, r5, r6, pc}
10004932:	2e00      	cmp	r6, #0
10004934:	d008      	beq.n	10004948 <stdio_uart_in_chars+0x5c>
10004936:	2350      	movs	r3, #80	@ 0x50
10004938:	6393      	str	r3, [r2, #56]	@ 0x38
1000493a:	6b51      	ldr	r1, [r2, #52]	@ 0x34
1000493c:	3b18      	subs	r3, #24
1000493e:	400b      	ands	r3, r1
10004940:	490d      	ldr	r1, [pc, #52]	@ (10004978 <stdio_uart_in_chars+0x8c>)
10004942:	468c      	mov	ip, r1
10004944:	4462      	add	r2, ip
10004946:	6013      	str	r3, [r2, #0]
10004948:	2800      	cmp	r0, #0
1000494a:	d1f1      	bne.n	10004930 <stdio_uart_in_chars+0x44>
1000494c:	e00c      	b.n	10004968 <stdio_uart_in_chars+0x7c>
1000494e:	2e00      	cmp	r6, #0
10004950:	d00a      	beq.n	10004968 <stdio_uart_in_chars+0x7c>
10004952:	2250      	movs	r2, #80	@ 0x50
10004954:	4b07      	ldr	r3, [pc, #28]	@ (10004974 <stdio_uart_in_chars+0x88>)
10004956:	681b      	ldr	r3, [r3, #0]
10004958:	639a      	str	r2, [r3, #56]	@ 0x38
1000495a:	6b59      	ldr	r1, [r3, #52]	@ 0x34
1000495c:	3a18      	subs	r2, #24
1000495e:	400a      	ands	r2, r1
10004960:	4905      	ldr	r1, [pc, #20]	@ (10004978 <stdio_uart_in_chars+0x8c>)
10004962:	468c      	mov	ip, r1
10004964:	4463      	add	r3, ip
10004966:	601a      	str	r2, [r3, #0]
10004968:	2003      	movs	r0, #3
1000496a:	4240      	negs	r0, r0
1000496c:	e7e0      	b.n	10004930 <stdio_uart_in_chars+0x44>
1000496e:	46c0      	nop			@ (mov r8, r8)
10004970:	20000548 	.word	0x20000548
10004974:	20008ae4 	.word	0x20008ae4
10004978:	00001034 	.word	0x00001034

1000497c <on_uart_rx>:
1000497c:	4b06      	ldr	r3, [pc, #24]	@ (10004998 <on_uart_rx+0x1c>)
1000497e:	b510      	push	{r4, lr}
10004980:	681b      	ldr	r3, [r3, #0]
10004982:	2b00      	cmp	r3, #0
10004984:	d006      	beq.n	10004994 <on_uart_rx+0x18>
10004986:	2100      	movs	r1, #0
10004988:	4a04      	ldr	r2, [pc, #16]	@ (1000499c <on_uart_rx+0x20>)
1000498a:	6812      	ldr	r2, [r2, #0]
1000498c:	6391      	str	r1, [r2, #56]	@ 0x38
1000498e:	4a04      	ldr	r2, [pc, #16]	@ (100049a0 <on_uart_rx+0x24>)
10004990:	6810      	ldr	r0, [r2, #0]
10004992:	4798      	blx	r3
10004994:	bd10      	pop	{r4, pc}
10004996:	46c0      	nop			@ (mov r8, r8)
10004998:	20000548 	.word	0x20000548
1000499c:	20008ae4 	.word	0x20008ae4
100049a0:	2000054c 	.word	0x2000054c

100049a4 <stdio_uart_out_flush>:
100049a4:	2208      	movs	r2, #8
100049a6:	4b03      	ldr	r3, [pc, #12]	@ (100049b4 <stdio_uart_out_flush+0x10>)
100049a8:	6819      	ldr	r1, [r3, #0]
100049aa:	698b      	ldr	r3, [r1, #24]
100049ac:	421a      	tst	r2, r3
100049ae:	d1fc      	bne.n	100049aa <stdio_uart_out_flush+0x6>
100049b0:	4770      	bx	lr
100049b2:	46c0      	nop			@ (mov r8, r8)
100049b4:	20008ae4 	.word	0x20008ae4

100049b8 <stdio_uart_set_chars_available_callback>:
100049b8:	b5f8      	push	{r3, r4, r5, r6, r7, lr}
100049ba:	4f1a      	ldr	r7, [pc, #104]	@ (10004a24 <stdio_uart_set_chars_available_callback+0x6c>)
100049bc:	4b1a      	ldr	r3, [pc, #104]	@ (10004a28 <stdio_uart_set_chars_available_callback+0x70>)
100049be:	683a      	ldr	r2, [r7, #0]
100049c0:	0005      	movs	r5, r0
100049c2:	18d3      	adds	r3, r2, r3
100049c4:	4258      	negs	r0, r3
100049c6:	4143      	adcs	r3, r0
100049c8:	4e18      	ldr	r6, [pc, #96]	@ (10004a2c <stdio_uart_set_chars_available_callback+0x74>)
100049ca:	3314      	adds	r3, #20
100049cc:	001c      	movs	r4, r3
100049ce:	6833      	ldr	r3, [r6, #0]
100049d0:	2d00      	cmp	r5, #0
100049d2:	d002      	beq.n	100049da <stdio_uart_set_chars_available_callback+0x22>
100049d4:	2b00      	cmp	r3, #0
100049d6:	d00f      	beq.n	100049f8 <stdio_uart_set_chars_available_callback+0x40>
100049d8:	bdf8      	pop	{r3, r4, r5, r6, r7, pc}
100049da:	2b00      	cmp	r3, #0
100049dc:	d0fc      	beq.n	100049d8 <stdio_uart_set_chars_available_callback+0x20>
100049de:	2100      	movs	r1, #0
100049e0:	0020      	movs	r0, r4
100049e2:	6395      	str	r5, [r2, #56]	@ 0x38
100049e4:	f7fc fc74 	bl	100012d0 <irq_set_enabled>
100049e8:	0020      	movs	r0, r4
100049ea:	4911      	ldr	r1, [pc, #68]	@ (10004a30 <stdio_uart_set_chars_available_callback+0x78>)
100049ec:	f7fc fcac 	bl	10001348 <irq_remove_handler>
100049f0:	4b10      	ldr	r3, [pc, #64]	@ (10004a34 <stdio_uart_set_chars_available_callback+0x7c>)
100049f2:	6035      	str	r5, [r6, #0]
100049f4:	601d      	str	r5, [r3, #0]
100049f6:	e7ef      	b.n	100049d8 <stdio_uart_set_chars_available_callback+0x20>
100049f8:	4b0e      	ldr	r3, [pc, #56]	@ (10004a34 <stdio_uart_set_chars_available_callback+0x7c>)
100049fa:	0020      	movs	r0, r4
100049fc:	6019      	str	r1, [r3, #0]
100049fe:	490c      	ldr	r1, [pc, #48]	@ (10004a30 <stdio_uart_set_chars_available_callback+0x78>)
10004a00:	6035      	str	r5, [r6, #0]
10004a02:	f7fc fc77 	bl	100012f4 <irq_set_exclusive_handler>
10004a06:	2101      	movs	r1, #1
10004a08:	0020      	movs	r0, r4
10004a0a:	f7fc fc61 	bl	100012d0 <irq_set_enabled>
10004a0e:	2250      	movs	r2, #80	@ 0x50
10004a10:	683b      	ldr	r3, [r7, #0]
10004a12:	639a      	str	r2, [r3, #56]	@ 0x38
10004a14:	6b59      	ldr	r1, [r3, #52]	@ 0x34
10004a16:	3a18      	subs	r2, #24
10004a18:	400a      	ands	r2, r1
10004a1a:	4907      	ldr	r1, [pc, #28]	@ (10004a38 <stdio_uart_set_chars_available_callback+0x80>)
10004a1c:	468c      	mov	ip, r1
10004a1e:	4463      	add	r3, ip
10004a20:	601a      	str	r2, [r3, #0]
10004a22:	e7d9      	b.n	100049d8 <stdio_uart_set_chars_available_callback+0x20>
10004a24:	20008ae4 	.word	0x20008ae4
10004a28:	bffc8000 	.word	0xbffc8000
10004a2c:	20000548 	.word	0x20000548
10004a30:	1000497d 	.word	0x1000497d
10004a34:	2000054c 	.word	0x2000054c
10004a38:	00001034 	.word	0x00001034

10004a3c <stdio_uart_init>:
10004a3c:	4b0d      	ldr	r3, [pc, #52]	@ (10004a74 <stdio_uart_init+0x38>)
10004a3e:	b510      	push	{r4, lr}
10004a40:	781b      	ldrb	r3, [r3, #0]
10004a42:	4b0d      	ldr	r3, [pc, #52]	@ (10004a78 <stdio_uart_init+0x3c>)
10004a44:	4c0d      	ldr	r4, [pc, #52]	@ (10004a7c <stdio_uart_init+0x40>)
10004a46:	781b      	ldrb	r3, [r3, #0]
10004a48:	4b0d      	ldr	r3, [pc, #52]	@ (10004a80 <stdio_uart_init+0x44>)
10004a4a:	2102      	movs	r1, #2
10004a4c:	781b      	ldrb	r3, [r3, #0]
10004a4e:	4b0d      	ldr	r3, [pc, #52]	@ (10004a84 <stdio_uart_init+0x48>)
10004a50:	2000      	movs	r0, #0
10004a52:	6023      	str	r3, [r4, #0]
10004a54:	f7fc fb72 	bl	1000113c <gpio_set_function>
10004a58:	2102      	movs	r1, #2
10004a5a:	2001      	movs	r0, #1
10004a5c:	f7fc fb6e 	bl	1000113c <gpio_set_function>
10004a60:	21e1      	movs	r1, #225	@ 0xe1
10004a62:	6820      	ldr	r0, [r4, #0]
10004a64:	0249      	lsls	r1, r1, #9
10004a66:	f7fd fa1f 	bl	10001ea8 <uart_init>
10004a6a:	2101      	movs	r1, #1
10004a6c:	4806      	ldr	r0, [pc, #24]	@ (10004a88 <stdio_uart_init+0x4c>)
10004a6e:	f7ff fe61 	bl	10004734 <stdio_set_driver_enabled>
10004a72:	bd10      	pop	{r4, pc}
10004a74:	10005afc 	.word	0x10005afc
10004a78:	10005af8 	.word	0x10005af8
10004a7c:	20008ae4 	.word	0x20008ae4
10004a80:	10005af4 	.word	0x10005af4
10004a84:	40034000 	.word	0x40034000
10004a88:	200002a0 	.word	0x200002a0

10004a8c <find_offset_for_program.isra.0>:
10004a8c:	4b12      	ldr	r3, [pc, #72]	@ (10004ad8 <find_offset_for_program.isra.0+0x4c>)
10004a8e:	b530      	push	{r4, r5, lr}
10004a90:	18c3      	adds	r3, r0, r3
10004a92:	4c12      	ldr	r4, [pc, #72]	@ (10004adc <find_offset_for_program.isra.0+0x50>)
10004a94:	0d1b      	lsrs	r3, r3, #20
10004a96:	009b      	lsls	r3, r3, #2
10004a98:	591d      	ldr	r5, [r3, r4]
10004a9a:	2401      	movs	r4, #1
10004a9c:	2320      	movs	r3, #32
10004a9e:	408c      	lsls	r4, r1
10004aa0:	1a59      	subs	r1, r3, r1
10004aa2:	3c01      	subs	r4, #1
10004aa4:	2a00      	cmp	r2, #0
10004aa6:	db09      	blt.n	10004abc <find_offset_for_program.isra.0+0x30>
10004aa8:	0010      	movs	r0, r2
10004aaa:	428a      	cmp	r2, r1
10004aac:	dc03      	bgt.n	10004ab6 <find_offset_for_program.isra.0+0x2a>
10004aae:	4094      	lsls	r4, r2
10004ab0:	4225      	tst	r5, r4
10004ab2:	d100      	bne.n	10004ab6 <find_offset_for_program.isra.0+0x2a>
10004ab4:	bd30      	pop	{r4, r5, pc}
10004ab6:	2001      	movs	r0, #1
10004ab8:	4240      	negs	r0, r0
10004aba:	e7fb      	b.n	10004ab4 <find_offset_for_program.isra.0+0x28>
10004abc:	2900      	cmp	r1, #0
10004abe:	da02      	bge.n	10004ac6 <find_offset_for_program.isra.0+0x3a>
10004ac0:	e007      	b.n	10004ad2 <find_offset_for_program.isra.0+0x46>
10004ac2:	3901      	subs	r1, #1
10004ac4:	d305      	bcc.n	10004ad2 <find_offset_for_program.isra.0+0x46>
10004ac6:	0023      	movs	r3, r4
10004ac8:	408b      	lsls	r3, r1
10004aca:	421d      	tst	r5, r3
10004acc:	d1f9      	bne.n	10004ac2 <find_offset_for_program.isra.0+0x36>
10004ace:	0008      	movs	r0, r1
10004ad0:	e7f0      	b.n	10004ab4 <find_offset_for_program.isra.0+0x28>
10004ad2:	2009      	movs	r0, #9
10004ad4:	4240      	negs	r0, r0
10004ad6:	e7ed      	b.n	10004ab4 <find_offset_for_program.isra.0+0x28>
10004ad8:	afe00000 	.word	0xafe00000
10004adc:	20000540 	.word	0x20000540

10004ae0 <add_program_at_offset>:
10004ae0:	b5f0      	push	{r4, r5, r6, r7, lr}
10004ae2:	46ce      	mov	lr, r9
10004ae4:	4647      	mov	r7, r8
10004ae6:	2305      	movs	r3, #5
10004ae8:	b580      	push	{r7, lr}
10004aea:	798c      	ldrb	r4, [r1, #6]
10004aec:	790d      	ldrb	r5, [r1, #4]
10004aee:	56cb      	ldrsb	r3, [r1, r3]
10004af0:	2c00      	cmp	r4, #0
10004af2:	d140      	bne.n	10004b76 <add_program_at_offset+0x96>
10004af4:	2b00      	cmp	r3, #0
10004af6:	db01      	blt.n	10004afc <add_program_at_offset+0x1c>
10004af8:	429a      	cmp	r2, r3
10004afa:	d139      	bne.n	10004b70 <add_program_at_offset+0x90>
10004afc:	4b1f      	ldr	r3, [pc, #124]	@ (10004b7c <add_program_at_offset+0x9c>)
10004afe:	18c6      	adds	r6, r0, r3
10004b00:	4b1f      	ldr	r3, [pc, #124]	@ (10004b80 <add_program_at_offset+0xa0>)
10004b02:	0d36      	lsrs	r6, r6, #20
10004b04:	4699      	mov	r9, r3
10004b06:	00b3      	lsls	r3, r6, #2
10004b08:	469c      	mov	ip, r3
10004b0a:	464b      	mov	r3, r9
10004b0c:	4664      	mov	r4, ip
10004b0e:	591b      	ldr	r3, [r3, r4]
10004b10:	4698      	mov	r8, r3
10004b12:	2301      	movs	r3, #1
10004b14:	40ab      	lsls	r3, r5
10004b16:	3b01      	subs	r3, #1
10004b18:	4093      	lsls	r3, r2
10004b1a:	4644      	mov	r4, r8
10004b1c:	4646      	mov	r6, r8
10004b1e:	401c      	ands	r4, r3
10004b20:	421e      	tst	r6, r3
10004b22:	d122      	bne.n	10004b6a <add_program_at_offset+0x8a>
10004b24:	2d00      	cmp	r5, #0
10004b26:	d017      	beq.n	10004b58 <add_program_at_offset+0x78>
10004b28:	2780      	movs	r7, #128	@ 0x80
10004b2a:	680e      	ldr	r6, [r1, #0]
10004b2c:	01bf      	lsls	r7, r7, #6
10004b2e:	0063      	lsls	r3, r4, #1
10004b30:	5af5      	ldrh	r5, [r6, r3]
10004b32:	42bd      	cmp	r5, r7
10004b34:	d200      	bcs.n	10004b38 <add_program_at_offset+0x58>
10004b36:	18ad      	adds	r5, r5, r2
10004b38:	1913      	adds	r3, r2, r4
10004b3a:	3312      	adds	r3, #18
10004b3c:	009b      	lsls	r3, r3, #2
10004b3e:	501d      	str	r5, [r3, r0]
10004b40:	790b      	ldrb	r3, [r1, #4]
10004b42:	3401      	adds	r4, #1
10004b44:	429c      	cmp	r4, r3
10004b46:	d3f2      	bcc.n	10004b2e <add_program_at_offset+0x4e>
10004b48:	2101      	movs	r1, #1
10004b4a:	4099      	lsls	r1, r3
10004b4c:	000b      	movs	r3, r1
10004b4e:	3b01      	subs	r3, #1
10004b50:	4641      	mov	r1, r8
10004b52:	4093      	lsls	r3, r2
10004b54:	4319      	orrs	r1, r3
10004b56:	4688      	mov	r8, r1
10004b58:	4640      	mov	r0, r8
10004b5a:	464b      	mov	r3, r9
10004b5c:	4661      	mov	r1, ip
10004b5e:	5058      	str	r0, [r3, r1]
10004b60:	0010      	movs	r0, r2
10004b62:	bcc0      	pop	{r6, r7}
10004b64:	46b9      	mov	r9, r7
10004b66:	46b0      	mov	r8, r6
10004b68:	bdf0      	pop	{r4, r5, r6, r7, pc}
10004b6a:	2009      	movs	r0, #9
10004b6c:	4240      	negs	r0, r0
10004b6e:	e7f8      	b.n	10004b62 <add_program_at_offset+0x82>
10004b70:	200b      	movs	r0, #11
10004b72:	4240      	negs	r0, r0
10004b74:	e7f5      	b.n	10004b62 <add_program_at_offset+0x82>
10004b76:	2014      	movs	r0, #20
10004b78:	4240      	negs	r0, r0
10004b7a:	e7f2      	b.n	10004b62 <add_program_at_offset+0x82>
10004b7c:	afe00000 	.word	0xafe00000
10004b80:	20000540 	.word	0x20000540

10004b84 <pio_add_program>:
10004b84:	b5f8      	push	{r3, r4, r5, r6, r7, lr}
10004b86:	000d      	movs	r5, r1
10004b88:	0006      	movs	r6, r0
10004b8a:	f7fc fb3d 	bl	10001208 <hw_claim_lock>
10004b8e:	2205      	movs	r2, #5
10004b90:	0007      	movs	r7, r0
10004b92:	56aa      	ldrsb	r2, [r5, r2]
10004b94:	0030      	movs	r0, r6
10004b96:	7929      	ldrb	r1, [r5, #4]
10004b98:	f7ff ff78 	bl	10004a8c <find_offset_for_program.isra.0>
10004b9c:	1e04      	subs	r4, r0, #0
10004b9e:	db05      	blt.n	10004bac <pio_add_program+0x28>
10004ba0:	0002      	movs	r2, r0
10004ba2:	0029      	movs	r1, r5
10004ba4:	0030      	movs	r0, r6
10004ba6:	f7ff ff9b 	bl	10004ae0 <add_program_at_offset>
10004baa:	0004      	movs	r4, r0
10004bac:	0038      	movs	r0, r7
10004bae:	f7fc fb37 	bl	10001220 <hw_claim_unlock>
10004bb2:	0020      	movs	r0, r4
10004bb4:	bdf8      	pop	{r3, r4, r5, r6, r7, pc}
10004bb6:	46c0      	nop			@ (mov r8, r8)

10004bb8 <pio_sm_set_consecutive_pindirs>:
10004bb8:	b5f0      	push	{r4, r5, r6, r7, lr}
10004bba:	464e      	mov	r6, r9
10004bbc:	4645      	mov	r5, r8
10004bbe:	46de      	mov	lr, fp
10004bc0:	4657      	mov	r7, sl
10004bc2:	b5e0      	push	{r5, r6, r7, lr}
10004bc4:	b083      	sub	sp, #12
10004bc6:	4689      	mov	r9, r1
10004bc8:	a90c      	add	r1, sp, #48	@ 0x30
10004bca:	4684      	mov	ip, r0
10004bcc:	780d      	ldrb	r5, [r1, #0]
10004bce:	2a1f      	cmp	r2, #31
10004bd0:	d845      	bhi.n	10004c5e <pio_sm_set_consecutive_pindirs+0xa6>
10004bd2:	4649      	mov	r1, r9
10004bd4:	0049      	lsls	r1, r1, #1
10004bd6:	4688      	mov	r8, r1
10004bd8:	4449      	add	r1, r9
10004bda:	00c9      	lsls	r1, r1, #3
10004bdc:	1846      	adds	r6, r0, r1
10004bde:	0037      	movs	r7, r6
10004be0:	0034      	movs	r4, r6
10004be2:	37dc      	adds	r7, #220	@ 0xdc
10004be4:	6838      	ldr	r0, [r7, #0]
10004be6:	34cc      	adds	r4, #204	@ 0xcc
10004be8:	4683      	mov	fp, r0
10004bea:	6820      	ldr	r0, [r4, #0]
10004bec:	0031      	movs	r1, r6
10004bee:	9001      	str	r0, [sp, #4]
10004bf0:	481c      	ldr	r0, [pc, #112]	@ (10004c64 <pio_sm_set_consecutive_pindirs+0xac>)
10004bf2:	2480      	movs	r4, #128	@ 0x80
10004bf4:	4682      	mov	sl, r0
10004bf6:	02a4      	lsls	r4, r4, #10
10004bf8:	4451      	add	r1, sl
10004bfa:	600c      	str	r4, [r1, #0]
10004bfc:	4269      	negs	r1, r5
10004bfe:	414d      	adcs	r5, r1
10004c00:	211e      	movs	r1, #30
10004c02:	426d      	negs	r5, r5
10004c04:	438d      	bics	r5, r1
10004c06:	4918      	ldr	r1, [pc, #96]	@ (10004c68 <pio_sm_set_consecutive_pindirs+0xb0>)
10004c08:	468a      	mov	sl, r1
10004c0a:	4455      	add	r5, sl
10004c0c:	2b05      	cmp	r3, #5
10004c0e:	d90c      	bls.n	10004c2a <pio_sm_set_consecutive_pindirs+0x72>
10004c10:	20a0      	movs	r0, #160	@ 0xa0
10004c12:	211f      	movs	r1, #31
10004c14:	0540      	lsls	r0, r0, #21
10004c16:	36d8      	adds	r6, #216	@ 0xd8
10004c18:	0154      	lsls	r4, r2, #5
10004c1a:	4304      	orrs	r4, r0
10004c1c:	3205      	adds	r2, #5
10004c1e:	3b05      	subs	r3, #5
10004c20:	603c      	str	r4, [r7, #0]
10004c22:	400a      	ands	r2, r1
10004c24:	6035      	str	r5, [r6, #0]
10004c26:	2b05      	cmp	r3, #5
10004c28:	d8f6      	bhi.n	10004c18 <pio_sm_set_consecutive_pindirs+0x60>
10004c2a:	0152      	lsls	r2, r2, #5
10004c2c:	069b      	lsls	r3, r3, #26
10004c2e:	4313      	orrs	r3, r2
10004c30:	4642      	mov	r2, r8
10004c32:	444a      	add	r2, r9
10004c34:	00d2      	lsls	r2, r2, #3
10004c36:	4462      	add	r2, ip
10004c38:	0010      	movs	r0, r2
10004c3a:	32dc      	adds	r2, #220	@ 0xdc
10004c3c:	6013      	str	r3, [r2, #0]
10004c3e:	0003      	movs	r3, r0
10004c40:	33d8      	adds	r3, #216	@ 0xd8
10004c42:	601d      	str	r5, [r3, #0]
10004c44:	465b      	mov	r3, fp
10004c46:	6013      	str	r3, [r2, #0]
10004c48:	9b01      	ldr	r3, [sp, #4]
10004c4a:	30cc      	adds	r0, #204	@ 0xcc
10004c4c:	6003      	str	r3, [r0, #0]
10004c4e:	2000      	movs	r0, #0
10004c50:	b003      	add	sp, #12
10004c52:	bcf0      	pop	{r4, r5, r6, r7}
10004c54:	46bb      	mov	fp, r7
10004c56:	46b2      	mov	sl, r6
10004c58:	46a9      	mov	r9, r5
10004c5a:	46a0      	mov	r8, r4
10004c5c:	bdf0      	pop	{r4, r5, r6, r7, pc}
10004c5e:	2005      	movs	r0, #5
10004c60:	4240      	negs	r0, r0
10004c62:	e7f5      	b.n	10004c50 <pio_sm_set_consecutive_pindirs+0x98>
10004c64:	000030cc 	.word	0x000030cc
10004c68:	0000e09f 	.word	0x0000e09f

10004c6c <pio_sm_init>:
10004c6c:	b5f0      	push	{r4, r5, r6, r7, lr}
10004c6e:	2501      	movs	r5, #1
10004c70:	408d      	lsls	r5, r1
10004c72:	6804      	ldr	r4, [r0, #0]
10004c74:	43ac      	bics	r4, r5
10004c76:	6004      	str	r4, [r0, #0]
10004c78:	2b00      	cmp	r3, #0
10004c7a:	d02e      	beq.n	10004cda <pio_sm_init+0x6e>
10004c7c:	004d      	lsls	r5, r1, #1
10004c7e:	186c      	adds	r4, r5, r1
10004c80:	00e4      	lsls	r4, r4, #3
10004c82:	1904      	adds	r4, r0, r4
10004c84:	0026      	movs	r6, r4
10004c86:	681f      	ldr	r7, [r3, #0]
10004c88:	36c8      	adds	r6, #200	@ 0xc8
10004c8a:	6037      	str	r7, [r6, #0]
10004c8c:	689f      	ldr	r7, [r3, #8]
10004c8e:	3604      	adds	r6, #4
10004c90:	6077      	str	r7, [r6, #4]
10004c92:	685f      	ldr	r7, [r3, #4]
10004c94:	34dc      	adds	r4, #220	@ 0xdc
10004c96:	6037      	str	r7, [r6, #0]
10004c98:	68db      	ldr	r3, [r3, #12]
10004c9a:	6023      	str	r3, [r4, #0]
10004c9c:	186b      	adds	r3, r5, r1
10004c9e:	4d18      	ldr	r5, [pc, #96]	@ (10004d00 <pio_sm_init+0x94>)
10004ca0:	00db      	lsls	r3, r3, #3
10004ca2:	46ac      	mov	ip, r5
10004ca4:	2580      	movs	r5, #128	@ 0x80
10004ca6:	18c4      	adds	r4, r0, r3
10004ca8:	4464      	add	r4, ip
10004caa:	062d      	lsls	r5, r5, #24
10004cac:	6025      	str	r5, [r4, #0]
10004cae:	6025      	str	r5, [r4, #0]
10004cb0:	4c14      	ldr	r4, [pc, #80]	@ (10004d04 <pio_sm_init+0x98>)
10004cb2:	1d0d      	adds	r5, r1, #4
10004cb4:	408c      	lsls	r4, r1
10004cb6:	6084      	str	r4, [r0, #8]
10004cb8:	2401      	movs	r4, #1
10004cba:	0026      	movs	r6, r4
10004cbc:	40ae      	lsls	r6, r5
10004cbe:	2580      	movs	r5, #128	@ 0x80
10004cc0:	3108      	adds	r1, #8
10004cc2:	408c      	lsls	r4, r1
10004cc4:	211f      	movs	r1, #31
10004cc6:	01ad      	lsls	r5, r5, #6
10004cc8:	1945      	adds	r5, r0, r5
10004cca:	18c0      	adds	r0, r0, r3
10004ccc:	400a      	ands	r2, r1
10004cce:	30d8      	adds	r0, #216	@ 0xd8
10004cd0:	602e      	str	r6, [r5, #0]
10004cd2:	602c      	str	r4, [r5, #0]
10004cd4:	6002      	str	r2, [r0, #0]
10004cd6:	2000      	movs	r0, #0
10004cd8:	bdf0      	pop	{r4, r5, r6, r7, pc}
10004cda:	004d      	lsls	r5, r1, #1
10004cdc:	186c      	adds	r4, r5, r1
10004cde:	00e4      	lsls	r4, r4, #3
10004ce0:	1904      	adds	r4, r0, r4
10004ce2:	0026      	movs	r6, r4
10004ce4:	2780      	movs	r7, #128	@ 0x80
10004ce6:	36c8      	adds	r6, #200	@ 0xc8
10004ce8:	027f      	lsls	r7, r7, #9
10004cea:	6037      	str	r7, [r6, #0]
10004cec:	27c0      	movs	r7, #192	@ 0xc0
10004cee:	033f      	lsls	r7, r7, #12
10004cf0:	60b7      	str	r7, [r6, #8]
10004cf2:	27f8      	movs	r7, #248	@ 0xf8
10004cf4:	3604      	adds	r6, #4
10004cf6:	027f      	lsls	r7, r7, #9
10004cf8:	34dc      	adds	r4, #220	@ 0xdc
10004cfa:	6037      	str	r7, [r6, #0]
10004cfc:	6023      	str	r3, [r4, #0]
10004cfe:	e7cd      	b.n	10004c9c <pio_sm_init+0x30>
10004d00:	000010d0 	.word	0x000010d0
10004d04:	01010101 	.word	0x01010101

10004d08 <spi_set_baudrate>:
10004d08:	b5f0      	push	{r4, r5, r6, r7, lr}
10004d0a:	4657      	mov	r7, sl
10004d0c:	464e      	mov	r6, r9
10004d0e:	4645      	mov	r5, r8
10004d10:	46de      	mov	lr, fp
10004d12:	4681      	mov	r9, r0
10004d14:	b5e0      	push	{r5, r6, r7, lr}
10004d16:	2006      	movs	r0, #6
10004d18:	b083      	sub	sp, #12
10004d1a:	000d      	movs	r5, r1
10004d1c:	f7fd f998 	bl	10002050 <clock_get_hz>
10004d20:	464b      	mov	r3, r9
10004d22:	685a      	ldr	r2, [r3, #4]
10004d24:	2302      	movs	r3, #2
10004d26:	401a      	ands	r2, r3
10004d28:	9201      	str	r2, [sp, #4]
10004d2a:	2204      	movs	r2, #4
10004d2c:	2180      	movs	r1, #128	@ 0x80
10004d2e:	444a      	add	r2, r9
10004d30:	4692      	mov	sl, r2
10004d32:	4a22      	ldr	r2, [pc, #136]	@ (10004dbc <spi_set_baudrate+0xb4>)
10004d34:	0def      	lsrs	r7, r5, #23
10004d36:	444a      	add	r2, r9
10004d38:	026e      	lsls	r6, r5, #9
10004d3a:	6013      	str	r3, [r2, #0]
10004d3c:	4680      	mov	r8, r0
10004d3e:	0032      	movs	r2, r6
10004d40:	003b      	movs	r3, r7
10004d42:	2402      	movs	r4, #2
10004d44:	0049      	lsls	r1, r1, #1
10004d46:	e006      	b.n	10004d56 <spi_set_baudrate+0x4e>
10004d48:	4590      	cmp	r8, r2
10004d4a:	d306      	bcc.n	10004d5a <spi_set_baudrate+0x52>
10004d4c:	3402      	adds	r4, #2
10004d4e:	1992      	adds	r2, r2, r6
10004d50:	417b      	adcs	r3, r7
10004d52:	428c      	cmp	r4, r1
10004d54:	d001      	beq.n	10004d5a <spi_set_baudrate+0x52>
10004d56:	2b00      	cmp	r3, #0
10004d58:	d0f6      	beq.n	10004d48 <spi_set_baudrate+0x40>
10004d5a:	2680      	movs	r6, #128	@ 0x80
10004d5c:	0227      	lsls	r7, r4, #8
10004d5e:	1b3f      	subs	r7, r7, r4
10004d60:	0076      	lsls	r6, r6, #1
10004d62:	e002      	b.n	10004d6a <spi_set_baudrate+0x62>
10004d64:	1b3f      	subs	r7, r7, r4
10004d66:	2e01      	cmp	r6, #1
10004d68:	d024      	beq.n	10004db4 <spi_set_baudrate+0xac>
10004d6a:	0039      	movs	r1, r7
10004d6c:	4640      	mov	r0, r8
10004d6e:	46b3      	mov	fp, r6
10004d70:	3e01      	subs	r6, #1
10004d72:	f7fd fb1b 	bl	100023ac <__wrap___aeabi_uidiv>
10004d76:	42a8      	cmp	r0, r5
10004d78:	d9f4      	bls.n	10004d64 <spi_set_baudrate+0x5c>
10004d7a:	4659      	mov	r1, fp
10004d7c:	4361      	muls	r1, r4
10004d7e:	0236      	lsls	r6, r6, #8
10004d80:	464b      	mov	r3, r9
10004d82:	611c      	str	r4, [r3, #16]
10004d84:	681a      	ldr	r2, [r3, #0]
10004d86:	23ff      	movs	r3, #255	@ 0xff
10004d88:	4072      	eors	r2, r6
10004d8a:	021b      	lsls	r3, r3, #8
10004d8c:	401a      	ands	r2, r3
10004d8e:	2380      	movs	r3, #128	@ 0x80
10004d90:	015b      	lsls	r3, r3, #5
10004d92:	444b      	add	r3, r9
10004d94:	601a      	str	r2, [r3, #0]
10004d96:	2380      	movs	r3, #128	@ 0x80
10004d98:	9a01      	ldr	r2, [sp, #4]
10004d9a:	019b      	lsls	r3, r3, #6
10004d9c:	4453      	add	r3, sl
10004d9e:	4640      	mov	r0, r8
10004da0:	601a      	str	r2, [r3, #0]
10004da2:	f7fd fb03 	bl	100023ac <__wrap___aeabi_uidiv>
10004da6:	b003      	add	sp, #12
10004da8:	bcf0      	pop	{r4, r5, r6, r7}
10004daa:	46bb      	mov	fp, r7
10004dac:	46b2      	mov	sl, r6
10004dae:	46a9      	mov	r9, r5
10004db0:	46a0      	mov	r8, r4
10004db2:	bdf0      	pop	{r4, r5, r6, r7, pc}
10004db4:	0021      	movs	r1, r4
10004db6:	2600      	movs	r6, #0
10004db8:	e7e2      	b.n	10004d80 <spi_set_baudrate+0x78>
10004dba:	46c0      	nop			@ (mov r8, r8)
10004dbc:	00003004 	.word	0x00003004

10004dc0 <spi_init>:
10004dc0:	4b17      	ldr	r3, [pc, #92]	@ (10004e20 <spi_init+0x60>)
10004dc2:	b570      	push	{r4, r5, r6, lr}
10004dc4:	18c2      	adds	r2, r0, r3
10004dc6:	1e53      	subs	r3, r2, #1
10004dc8:	419a      	sbcs	r2, r3
10004dca:	2380      	movs	r3, #128	@ 0x80
10004dcc:	025b      	lsls	r3, r3, #9
10004dce:	469c      	mov	ip, r3
10004dd0:	0412      	lsls	r2, r2, #16
10004dd2:	4b14      	ldr	r3, [pc, #80]	@ (10004e24 <spi_init+0x64>)
10004dd4:	4462      	add	r2, ip
10004dd6:	601a      	str	r2, [r3, #0]
10004dd8:	4b13      	ldr	r3, [pc, #76]	@ (10004e28 <spi_init+0x68>)
10004dda:	0004      	movs	r4, r0
10004ddc:	4813      	ldr	r0, [pc, #76]	@ (10004e2c <spi_init+0x6c>)
10004dde:	601a      	str	r2, [r3, #0]
10004de0:	0015      	movs	r5, r2
10004de2:	6803      	ldr	r3, [r0, #0]
10004de4:	439d      	bics	r5, r3
10004de6:	d1fb      	bne.n	10004de0 <spi_init+0x20>
10004de8:	0020      	movs	r0, r4
10004dea:	f7ff ff8d 	bl	10004d08 <spi_set_baudrate>
10004dee:	2302      	movs	r3, #2
10004df0:	490f      	ldr	r1, [pc, #60]	@ (10004e30 <spi_init+0x70>)
10004df2:	6862      	ldr	r2, [r4, #4]
10004df4:	1861      	adds	r1, r4, r1
10004df6:	600b      	str	r3, [r1, #0]
10004df8:	2107      	movs	r1, #7
10004dfa:	6825      	ldr	r5, [r4, #0]
10004dfc:	401a      	ands	r2, r3
10004dfe:	404d      	eors	r5, r1
10004e00:	31c8      	adds	r1, #200	@ 0xc8
10004e02:	4029      	ands	r1, r5
10004e04:	2580      	movs	r5, #128	@ 0x80
10004e06:	016d      	lsls	r5, r5, #5
10004e08:	1965      	adds	r5, r4, r5
10004e0a:	6029      	str	r1, [r5, #0]
10004e0c:	4909      	ldr	r1, [pc, #36]	@ (10004e34 <spi_init+0x74>)
10004e0e:	1861      	adds	r1, r4, r1
10004e10:	600a      	str	r2, [r1, #0]
10004e12:	4a09      	ldr	r2, [pc, #36]	@ (10004e38 <spi_init+0x78>)
10004e14:	4694      	mov	ip, r2
10004e16:	2203      	movs	r2, #3
10004e18:	4464      	add	r4, ip
10004e1a:	6022      	str	r2, [r4, #0]
10004e1c:	600b      	str	r3, [r1, #0]
10004e1e:	bd70      	pop	{r4, r5, r6, pc}
10004e20:	bffc4000 	.word	0xbffc4000
10004e24:	4000e000 	.word	0x4000e000
10004e28:	4000f000 	.word	0x4000f000
10004e2c:	4000c008 	.word	0x4000c008
10004e30:	00003004 	.word	0x00003004
10004e34:	00002004 	.word	0x00002004
10004e38:	00002024 	.word	0x00002024

10004e3c <strlen>:
10004e3c:	b510      	push	{r4, lr}
10004e3e:	0783      	lsls	r3, r0, #30
10004e40:	d00a      	beq.n	10004e58 <strlen+0x1c>
10004e42:	0003      	movs	r3, r0
10004e44:	2103      	movs	r1, #3
10004e46:	e002      	b.n	10004e4e <strlen+0x12>
10004e48:	3301      	adds	r3, #1
10004e4a:	420b      	tst	r3, r1
10004e4c:	d005      	beq.n	10004e5a <strlen+0x1e>
10004e4e:	781a      	ldrb	r2, [r3, #0]
10004e50:	2a00      	cmp	r2, #0
10004e52:	d1f9      	bne.n	10004e48 <strlen+0xc>
10004e54:	1a18      	subs	r0, r3, r0
10004e56:	bd10      	pop	{r4, pc}
10004e58:	0003      	movs	r3, r0
10004e5a:	6819      	ldr	r1, [r3, #0]
10004e5c:	4a0c      	ldr	r2, [pc, #48]	@ (10004e90 <strlen+0x54>)
10004e5e:	4c0d      	ldr	r4, [pc, #52]	@ (10004e94 <strlen+0x58>)
10004e60:	188a      	adds	r2, r1, r2
10004e62:	438a      	bics	r2, r1
10004e64:	4222      	tst	r2, r4
10004e66:	d10f      	bne.n	10004e88 <strlen+0x4c>
10004e68:	6859      	ldr	r1, [r3, #4]
10004e6a:	4a09      	ldr	r2, [pc, #36]	@ (10004e90 <strlen+0x54>)
10004e6c:	3304      	adds	r3, #4
10004e6e:	188a      	adds	r2, r1, r2
10004e70:	438a      	bics	r2, r1
10004e72:	4222      	tst	r2, r4
10004e74:	d108      	bne.n	10004e88 <strlen+0x4c>
10004e76:	6859      	ldr	r1, [r3, #4]
10004e78:	4a05      	ldr	r2, [pc, #20]	@ (10004e90 <strlen+0x54>)
10004e7a:	3304      	adds	r3, #4
10004e7c:	188a      	adds	r2, r1, r2
10004e7e:	438a      	bics	r2, r1
10004e80:	4222      	tst	r2, r4
10004e82:	d0f1      	beq.n	10004e68 <strlen+0x2c>
10004e84:	e000      	b.n	10004e88 <strlen+0x4c>
10004e86:	3301      	adds	r3, #1
10004e88:	781a      	ldrb	r2, [r3, #0]
10004e8a:	2a00      	cmp	r2, #0
10004e8c:	d1fb      	bne.n	10004e86 <strlen+0x4a>
10004e8e:	e7e1      	b.n	10004e54 <strlen+0x18>
10004e90:	fefefeff 	.word	0xfefefeff
10004e94:	80808080 	.word	0x80808080

10004e98 <_fini>:
10004e98:	b5f8      	push	{r3, r4, r5, r6, r7, lr}
10004e9a:	46c0      	nop			@ (mov r8, r8)
10004e9c:	0000      	movs	r0, r0
	...

10004ea0 <__mutex_exit_veneer>:
10004ea0:	b401      	push	{r0}
10004ea2:	4802      	ldr	r0, [pc, #8]	@ (10004eac <__mutex_exit_veneer+0xc>)
10004ea4:	4684      	mov	ip, r0
10004ea6:	bc01      	pop	{r0}
10004ea8:	4760      	bx	ip
10004eaa:	bf00      	nop
10004eac:	2000018d 	.word	0x2000018d

10004eb0 <____aeabi_ldiv0_veneer>:
10004eb0:	b401      	push	{r0}
10004eb2:	4802      	ldr	r0, [pc, #8]	@ (10004ebc <____aeabi_ldiv0_veneer+0xc>)
10004eb4:	4684      	mov	ip, r0
10004eb6:	bc01      	pop	{r0}
10004eb8:	4760      	bx	ip
10004eba:	bf00      	nop
10004ebc:	20000201 	.word	0x20000201

10004ec0 <____aeabi_idiv0_veneer>:
10004ec0:	b401      	push	{r0}
10004ec2:	4802      	ldr	r0, [pc, #8]	@ (10004ecc <____aeabi_idiv0_veneer+0xc>)
10004ec4:	4684      	mov	ip, r0
10004ec6:	bc01      	pop	{r0}
10004ec8:	4760      	bx	ip
10004eca:	bf00      	nop
10004ecc:	20000201 	.word	0x20000201

10004ed0 <__spi_write_blocking_veneer>:
10004ed0:	b401      	push	{r0}
10004ed2:	4802      	ldr	r0, [pc, #8]	@ (10004edc <__spi_write_blocking_veneer+0xc>)
10004ed4:	4684      	mov	ip, r0
10004ed6:	bc01      	pop	{r0}
10004ed8:	4760      	bx	ip
10004eda:	bf00      	nop
10004edc:	200001b5 	.word	0x200001b5

10004ee0 <__mutex_try_enter_block_until_veneer>:
10004ee0:	b401      	push	{r0}
10004ee2:	4802      	ldr	r0, [pc, #8]	@ (10004eec <__mutex_try_enter_block_until_veneer+0xc>)
10004ee4:	4684      	mov	ip, r0
10004ee6:	bc01      	pop	{r0}
10004ee8:	4760      	bx	ip
10004eea:	bf00      	nop
10004eec:	20000131 	.word	0x20000131

10004ef0 <__pre_init_runtime_init_early_resets>:
10004ef0:	100021d5                                .!..

10004ef4 <__pre_init_runtime_init_usb_power_down>:
10004ef4:	10002201 1000234d 1000307d 100029f1     ."..M#..}0...)..
10004f04:	10002ff5                                ./..

10004f08 <__pre_init_runtime_init_clocks>:
10004f08:	10002275                                u"..

10004f0c <__pre_init_runtime_init_post_clock_resets>:
10004f0c:	1000221d                                ."..

10004f10 <__pre_init_runtime_init_rp2040_gpio_ie_disable>:
10004f10:	1000223d                                ="..

10004f14 <__pre_init_runtime_init_spin_locks_reset>:
10004f14:	10002251                                Q"..

10004f18 <__pre_init_runtime_init_mutex>:
10004f18:	100015d1                                ....

10004f1c <__pre_init_runtime_init_install_ram_vector_table>:
10004f1c:	10002259                                Y"..

10004f20 <__pre_init_runtime_init_default_alarm_pool>:
10004f20:	10001941                                A...

10004f24 <__pre_init_first_per_core_initializer>:
10004f24:	1000219d                                .!..

10004f28 <__pre_init_runtime_init_per_core_irq_priorities>:
10004f28:	100012ad                                ....

10004f2c <__frame_dummy_init_array_entry>:
10004f2c:	100002b1                                ....

Disassembly of section .data:

200000c0 <mutex_enter_block_until>:
200000c0:	b5f0      	push	{r4, r5, r6, r7, lr}
200000c2:	464f      	mov	r7, r9
200000c4:	46d6      	mov	lr, sl
200000c6:	4646      	mov	r6, r8
200000c8:	b5c0      	push	{r6, r7, lr}
200000ca:	001f      	movs	r7, r3
200000cc:	23d0      	movs	r3, #208	@ 0xd0
200000ce:	061b      	lsls	r3, r3, #24
200000d0:	681b      	ldr	r3, [r3, #0]
200000d2:	0004      	movs	r4, r0
200000d4:	469a      	mov	sl, r3
200000d6:	2300      	movs	r3, #0
200000d8:	4690      	mov	r8, r2
200000da:	4699      	mov	r9, r3
200000dc:	e00b      	b.n	200000f6 <mutex_enter_block_until+0x36>
200000de:	f3bf 8f5f 	dmb	sy
200000e2:	4649      	mov	r1, r9
200000e4:	6011      	str	r1, [r2, #0]
200000e6:	f383 8810 	msr	PRIMASK, r3
200000ea:	4640      	mov	r0, r8
200000ec:	0039      	movs	r1, r7
200000ee:	f000 f88b 	bl	20000208 <__best_effort_wfe_or_timeout_veneer>
200000f2:	2800      	cmp	r0, #0
200000f4:	d11a      	bne.n	2000012c <mutex_enter_block_until+0x6c>
200000f6:	6826      	ldr	r6, [r4, #0]
200000f8:	f3ef 8310 	mrs	r3, PRIMASK
200000fc:	b672      	cpsid	i
200000fe:	6835      	ldr	r5, [r6, #0]
20000100:	2d00      	cmp	r5, #0
20000102:	d0fc      	beq.n	200000fe <mutex_enter_block_until+0x3e>
20000104:	f3bf 8f5f 	dmb	sy
20000108:	7925      	ldrb	r5, [r4, #4]
2000010a:	6822      	ldr	r2, [r4, #0]
2000010c:	2d7f      	cmp	r5, #127	@ 0x7f
2000010e:	d9e6      	bls.n	200000de <mutex_enter_block_until+0x1e>
20000110:	4651      	mov	r1, sl
20000112:	7121      	strb	r1, [r4, #4]
20000114:	f3bf 8f5f 	dmb	sy
20000118:	2100      	movs	r1, #0
2000011a:	6011      	str	r1, [r2, #0]
2000011c:	f383 8810 	msr	PRIMASK, r3
20000120:	2001      	movs	r0, #1
20000122:	bce0      	pop	{r5, r6, r7}
20000124:	46ba      	mov	sl, r7
20000126:	46b1      	mov	r9, r6
20000128:	46a8      	mov	r8, r5
2000012a:	bdf0      	pop	{r4, r5, r6, r7, pc}
2000012c:	2000      	movs	r0, #0
2000012e:	e7f8      	b.n	20000122 <mutex_enter_block_until+0x62>

20000130 <mutex_try_enter_block_until>:
20000130:	b570      	push	{r4, r5, r6, lr}
20000132:	0001      	movs	r1, r0
20000134:	6804      	ldr	r4, [r0, #0]
20000136:	f3ef 8c10 	mrs	ip, PRIMASK
2000013a:	b672      	cpsid	i
2000013c:	6820      	ldr	r0, [r4, #0]
2000013e:	2800      	cmp	r0, #0
20000140:	d0fc      	beq.n	2000013c <mutex_try_enter_block_until+0xc>
20000142:	f3bf 8f5f 	dmb	sy
20000146:	2404      	movs	r4, #4
20000148:	570c      	ldrsb	r4, [r1, r4]
2000014a:	6808      	ldr	r0, [r1, #0]
2000014c:	2c00      	cmp	r4, #0
2000014e:	db11      	blt.n	20000174 <mutex_try_enter_block_until+0x44>
20000150:	f3bf 8f5f 	dmb	sy
20000154:	2500      	movs	r5, #0
20000156:	6005      	str	r5, [r0, #0]
20000158:	f38c 8810 	msr	PRIMASK, ip
2000015c:	20d0      	movs	r0, #208	@ 0xd0
2000015e:	2500      	movs	r5, #0
20000160:	0600      	lsls	r0, r0, #24
20000162:	5745      	ldrsb	r5, [r0, r5]
20000164:	2000      	movs	r0, #0
20000166:	42a5      	cmp	r5, r4
20000168:	d100      	bne.n	2000016c <mutex_try_enter_block_until+0x3c>
2000016a:	bd70      	pop	{r4, r5, r6, pc}
2000016c:	0008      	movs	r0, r1
2000016e:	f7ff ffa7 	bl	200000c0 <mutex_enter_block_until>
20000172:	e7fa      	b.n	2000016a <mutex_try_enter_block_until+0x3a>
20000174:	23d0      	movs	r3, #208	@ 0xd0
20000176:	061b      	lsls	r3, r3, #24
20000178:	681b      	ldr	r3, [r3, #0]
2000017a:	710b      	strb	r3, [r1, #4]
2000017c:	f3bf 8f5f 	dmb	sy
20000180:	2300      	movs	r3, #0
20000182:	6003      	str	r3, [r0, #0]
20000184:	f38c 8810 	msr	PRIMASK, ip
20000188:	2001      	movs	r0, #1
2000018a:	e7ee      	b.n	2000016a <mutex_try_enter_block_until+0x3a>

2000018c <mutex_exit>:
2000018c:	6802      	ldr	r2, [r0, #0]
2000018e:	f3ef 8110 	mrs	r1, PRIMASK
20000192:	b672      	cpsid	i
20000194:	6813      	ldr	r3, [r2, #0]
20000196:	2b00      	cmp	r3, #0
20000198:	d0fc      	beq.n	20000194 <mutex_exit+0x8>
2000019a:	f3bf 8f5f 	dmb	sy
2000019e:	23ff      	movs	r3, #255	@ 0xff
200001a0:	7103      	strb	r3, [r0, #4]
200001a2:	6803      	ldr	r3, [r0, #0]
200001a4:	f3bf 8f5f 	dmb	sy
200001a8:	2200      	movs	r2, #0
200001aa:	601a      	str	r2, [r3, #0]
200001ac:	f381 8810 	msr	PRIMASK, r1
200001b0:	bf40      	sev
200001b2:	4770      	bx	lr

200001b4 <spi_write_blocking>:
200001b4:	b530      	push	{r4, r5, lr}
200001b6:	0004      	movs	r4, r0
200001b8:	1e10      	subs	r0, r2, #0
200001ba:	d00a      	beq.n	200001d2 <spi_write_blocking+0x1e>
200001bc:	000a      	movs	r2, r1
200001be:	180d      	adds	r5, r1, r0
200001c0:	2102      	movs	r1, #2
200001c2:	68e3      	ldr	r3, [r4, #12]
200001c4:	4219      	tst	r1, r3
200001c6:	d0fc      	beq.n	200001c2 <spi_write_blocking+0xe>
200001c8:	7813      	ldrb	r3, [r2, #0]
200001ca:	3201      	adds	r2, #1
200001cc:	60a3      	str	r3, [r4, #8]
200001ce:	42aa      	cmp	r2, r5
200001d0:	d1f7      	bne.n	200001c2 <spi_write_blocking+0xe>
200001d2:	68e3      	ldr	r3, [r4, #12]
200001d4:	075b      	lsls	r3, r3, #29
200001d6:	d504      	bpl.n	200001e2 <spi_write_blocking+0x2e>
200001d8:	2104      	movs	r1, #4
200001da:	68a3      	ldr	r3, [r4, #8]
200001dc:	68e3      	ldr	r3, [r4, #12]
200001de:	4219      	tst	r1, r3
200001e0:	d1fb      	bne.n	200001da <spi_write_blocking+0x26>
200001e2:	2110      	movs	r1, #16
200001e4:	68e3      	ldr	r3, [r4, #12]
200001e6:	4219      	tst	r1, r3
200001e8:	d1fc      	bne.n	200001e4 <spi_write_blocking+0x30>
200001ea:	68e3      	ldr	r3, [r4, #12]
200001ec:	075b      	lsls	r3, r3, #29
200001ee:	d504      	bpl.n	200001fa <spi_write_blocking+0x46>
200001f0:	2104      	movs	r1, #4
200001f2:	68a3      	ldr	r3, [r4, #8]
200001f4:	68e3      	ldr	r3, [r4, #12]
200001f6:	4219      	tst	r1, r3
200001f8:	d1fb      	bne.n	200001f2 <spi_write_blocking+0x3e>
200001fa:	2301      	movs	r3, #1
200001fc:	6223      	str	r3, [r4, #32]
200001fe:	bd30      	pop	{r4, r5, pc}

20000200 <__aeabi_idiv0>:
20000200:	4770      	bx	lr
20000202:	46c0      	nop			@ (mov r8, r8)
20000204:	0000      	movs	r0, r0
	...

20000208 <__best_effort_wfe_or_timeout_veneer>:
20000208:	b401      	push	{r0}
2000020a:	4802      	ldr	r0, [pc, #8]	@ (20000214 <__best_effort_wfe_or_timeout_veneer+0xc>)
2000020c:	4684      	mov	ip, r0
2000020e:	bc01      	pop	{r0}
20000210:	4760      	bx	ip
20000212:	bf00      	nop
20000214:	10001c29 	.word	0x10001c29

20000218 <debug_enabled>:
20000218:	                                         .

20000219 <striped_spin_lock_num>:
20000219:	                                         ...

2000021c <irq_handler_chain_slots>:
2000021c:	00000000 	.word	0x00000000
20000220:	00010000 	.word	0x00010000
	...
2000022c:	00020000 	.word	0x00020000
	...
20000238:	00030000 	.word	0x00030000
	...
20000244:	00ff0000 	.word	0x00ff0000
20000248:	00000000 	.word	0x00000000

2000024c <irq_handler_chain_first_slot>:
2000024c:	b501      	push	{r0, lr}
2000024e:	6848      	ldr	r0, [r1, #4]
20000250:	3101      	adds	r1, #1
20000252:	468e      	mov	lr, r1
20000254:	4700      	bx	r0

20000256 <irq_handler_chain_remove_tail>:
20000256:	4670      	mov	r0, lr
20000258:	3809      	subs	r0, #9
2000025a:	4901      	ldr	r1, [pc, #4]	@ (20000260 <irq_handler_chain_remove_tail+0xa>)
2000025c:	4788      	blx	r1
2000025e:	bd01      	pop	{r0, pc}
20000260:	1000151d 	.word	0x1000151d

20000264 <default_alarm_pool>:
	...
20000278:	200002c0 00000000                       ... ....

20000280 <aeabi_bits_funcs>:
20000280:	00003350 	.word	0x00003350
20000284:	0000334c 	.word	0x0000334c
20000288:	00003354 	.word	0x00003354
2000028c:	00003352 	.word	0x00003352

20000290 <aeabi_bits_funcs_end>:
20000290:	0000534d 	.word	0x0000534d
20000294:	0000434d 	.word	0x0000434d
20000298:	00003453 	.word	0x00003453
2000029c:	00003443 	.word	0x00003443

200002a0 <stdio_uart>:
200002a0:	100048a1 100049a5 100048ed 100049b9     .H...I...H...I..
200002b0:	00000000 00000100                       ........

200002b8 <print_mutex>:
	...
